9:23:36,33.18
9:23:36.250000,33.18
9:23:36.500000,33.18
9:23:36.750000,33.18
9:23:37,33.18
9:23:37.250000,33.18
9:23:37.500000,33.18
9:23:37.750000,33.18
9:23:38,33.18
9:23:38.250000,33.18
9:23:38.500000,33.18
9:23:38.750000,33.18
9:23:39,33.21
9:23:39.250000,33.21
9:23:39.500000,33.21
9:23:39.750000,33.21
9:23:40,33.16
9:23:40.250000,33.16
9:23:40.500000,33.16
9:23:40.750000,33.16
9:23:41,33.16
9:23:41.250000,33.16
9:23:41.500000,33.16
9:23:41.750000,33.16
9:23:42,33.18
9:23:42.250000,33.18
9:23:42.500000,33.18
9:23:42.750000,33.18
9:23:43,33.18
9:23:43.250000,33.18
9:23:43.500000,33.18
9:23:43.750000,33.18
9:23:44,33.18
9:23:44.250000,33.18
9:23:44.500000,33.18
9:23:44.750000,33.18
9:23:45,33.15
9:23:45.250000,33.15
9:23:45.500000,33.15
9:23:45.750000,33.15
9:23:46,33.15
9:23:46.250000,33.15
9:23:46.500000,33.15
9:23:46.750000,33.15
9:23:47,33.16
9:23:47.250000,33.16
9:23:47.500000,33.16
9:23:47.750000,33.16
9:23:48,33.16
9:23:48.250000,33.16
9:23:48.500000,33.16
9:23:48.750000,33.16
9:23:49,33.15
9:23:49.250000,33.15
9:23:49.500000,33.15
9:23:49.750000,33.15
9:23:50,33.15
9:23:50.250000,33.15
9:23:50.500000,33.15
9:23:50.750000,33.15
9:23:51,33.15
9:23:51.250000,33.15
9:23:51.500000,33.15
9:23:51.750000,33.15
9:23:52,33.15
9:23:52.250000,33.15
9:23:52.500000,33.15
9:23:52.750000,33.15
9:23:53,33.13
9:23:53.250000,33.13
9:23:53.500000,33.13
9:23:53.750000,33.13
9:23:54,33.13
9:23:54.250000,33.13
9:23:54.500000,33.13
9:23:54.750000,33.13
9:23:55,33.11
9:23:55.250000,33.11
9:23:55.500000,33.11
9:23:55.750000,33.11
9:23:56,33.09
9:23:56.250000,33.09
9:23:56.500000,33.09
9:23:56.750000,33.09
9:23:57,33.15
9:23:57.250000,33.15
9:23:57.500000,33.15
9:23:57.750000,33.15
9:23:58,33.13
9:23:58.250000,33.13
9:23:58.500000,33.13
9:23:58.750000,33.13
9:23:59,33.13
9:23:59.250000,33.13
9:23:59.500000,33.13
9:23:59.750000,33.13
9:24:00,33.13
9:24:00.250000,33.13
9:24:00.500000,33.13
9:24:00.750000,33.13
9:24:01,33.13
9:24:01.250000,33.13
9:24:01.500000,33.13
9:24:01.750000,33.13
9:24:02,33.11
9:24:02.250000,33.11
9:24:02.500000,33.11
9:24:02.750000,33.11
9:24:03,33.11
9:24:03.250000,33.11
9:24:03.500000,33.11
9:24:03.750000,33.11
9:24:04,33.11
9:24:04.250000,33.11
9:24:04.500000,33.11
9:24:04.750000,33.11
9:24:05,33.11
9:24:05.250000,33.11
9:24:05.500000,33.11
9:24:05.750000,33.11
9:24:06,33.09
9:24:06.250000,33.09
9:24:06.500000,33.09
9:24:06.750000,33.09
9:24:07,33.11
9:24:07.250000,33.11
9:24:07.500000,33.11
9:24:07.750000,33.11
9:24:08,33.09
9:24:08.250000,33.09
9:24:08.500000,33.09
9:24:08.750000,33.09
9:24:09,33.09
9:24:09.250000,33.09
9:24:09.500000,33.09
9:24:09.750000,33.09
9:24:10,33.09
9:24:10.250000,33.09
9:24:10.500000,33.09
9:24:10.750000,33.09
9:24:11,33.07
9:24:11.250000,33.07
9:24:11.500000,33.07
9:24:11.750000,33.07
9:24:12,33.07
9:24:12.250000,33.07
9:24:12.500000,33.07
9:24:12.750000,33.07
9:24:13,33.07
9:24:13.250000,33.07
9:24:13.500000,33.07
9:24:13.750000,33.07
9:24:14,33.05
9:24:14.250000,33.05
9:24:14.500000,33.05
9:24:14.750000,33.05
9:24:15,33.07
9:24:15.250000,33.07
9:24:15.500000,33.07
9:24:15.750000,33.07
9:24:16,33.07
9:24:16.250000,33.07
9:24:16.500000,33.07
9:24:16.750000,33.07
9:24:17,33.07
9:24:17.250000,33.07
9:24:17.500000,33.07
9:24:17.750000,33.07
9:24:18,33.07
9:24:18.250000,33.07
9:24:18.500000,33.07
9:24:18.750000,33.07
9:24:19,33.05
9:24:19.250000,33.05
9:24:19.500000,33.05
9:24:19.750000,33.05
9:24:20,33.09
9:24:20.250000,33.09
9:24:20.500000,33.09
9:24:20.750000,33.09
9:24:21,33.07
9:24:21.250000,33.07
9:24:21.500000,33.07
9:24:21.750000,33.07
9:24:22,33.07
9:24:22.250000,33.07
9:24:22.500000,33.07
9:24:22.750000,33.07
9:24:23,33.07
9:24:23.250000,33.07
9:24:23.500000,33.07
9:24:23.750000,33.07
9:24:24,33.03
9:24:24.250000,33.03
9:24:24.500000,33.03
9:24:24.750000,33.03
9:24:25,33.03
9:24:25.250000,33.03
9:24:25.500000,33.03
9:24:25.750000,33.03
9:24:26,33.03
9:24:26.250000,33.03
9:24:26.500000,33.03
9:24:26.750000,33.03
9:24:27,33.03
9:24:27.250000,33.03
9:24:27.500000,33.03
9:24:27.750000,33.03
9:24:28,33.05
9:24:28.250000,33.05
9:24:28.500000,33.05
9:24:28.750000,33.05
9:24:29,33.03
9:24:29.250000,33.03
9:24:29.500000,33.03
9:24:29.750000,33.03
9:24:30,33.03
9:24:30.250000,33.03
9:24:30.500000,33.03
9:24:30.750000,33.03
9:24:31,33.00
9:24:31.250000,33.00
9:24:31.500000,33.00
9:24:31.750000,33.00
9:24:32,33.03
9:24:32.250000,33.03
9:24:32.500000,33.03
9:24:32.750000,33.03
9:24:33,33.03
9:24:33.250000,33.03
9:24:33.500000,33.03
9:24:33.750000,33.03
9:24:34,33.00
9:24:34.250000,33.00
9:24:34.500000,33.00
9:24:34.750000,33.00
9:24:35,33.03
9:24:35.250000,33.03
9:24:35.500000,33.03
9:24:35.750000,33.03
9:24:36,32.99
9:24:36.250000,32.99
9:24:36.500000,32.99
9:24:36.750000,32.99
9:24:37,33.00
9:24:37.250000,33.00
9:24:37.500000,33.00
9:24:37.750000,33.00
9:24:38,33.00
9:24:38.250000,33.00
9:24:38.500000,33.00
9:24:38.750000,33.00
9:24:39,32.99
9:24:39.250000,32.99
9:24:39.500000,32.99
9:24:39.750000,32.99
9:24:40,33.00
9:24:40.250000,33.00
9:24:40.500000,33.00
9:24:40.750000,33.00
9:24:41,32.97
9:24:41.250000,32.97
9:24:41.500000,32.97
9:24:41.750000,32.97
9:24:42,32.99
9:24:42.250000,32.99
9:24:42.500000,32.99
9:24:42.750000,32.99
9:24:43,32.99
9:24:43.250000,32.99
9:24:43.500000,32.99
9:24:43.750000,32.99
9:24:44,32.99
9:24:44.250000,32.99
9:24:44.500000,32.99
9:24:44.750000,32.99
9:24:45,32.97
9:24:45.250000,32.97
9:24:45.500000,32.97
9:24:45.750000,32.97
9:24:46,33.00
9:24:46.250000,33.00
9:24:46.500000,33.00
9:24:46.750000,33.00
9:24:47,33.00
9:24:47.250000,33.00
9:24:47.500000,33.00
9:24:47.750000,33.00
9:24:48,33.00
9:24:48.250000,33.00
9:24:48.500000,33.00
9:24:48.750000,33.00
9:24:49,32.99
9:24:49.250000,32.99
9:24:49.500000,32.99
9:24:49.750000,32.99
9:24:50,32.99
9:24:50.250000,32.99
9:24:50.500000,32.99
9:24:50.750000,32.99
9:24:51,32.97
9:24:51.250000,32.97
9:24:51.500000,32.97
9:24:51.750000,32.97
9:24:52,32.97
9:24:52.250000,32.97
9:24:52.500000,32.97
9:24:52.750000,32.97
9:24:53,32.99
9:24:53.250000,32.99
9:24:53.500000,32.99
9:24:53.750000,32.99
9:24:54,32.95
9:24:54.250000,32.95
9:24:54.500000,32.95
9:24:54.750000,32.95
9:24:55,32.97
9:24:55.250000,32.97
9:24:55.500000,32.97
9:24:55.750000,32.97
9:24:56,32.97
9:24:56.250000,32.97
9:24:56.500000,32.97
9:24:56.750000,32.97
9:24:57,32.97
9:24:57.250000,32.97
9:24:57.500000,32.97
9:24:57.750000,32.97
9:24:58,32.95
9:24:58.250000,32.95
9:24:58.500000,32.95
9:24:58.750000,32.95
9:24:59,32.97
9:24:59.250000,32.97
9:24:59.500000,32.97
9:24:59.750000,32.97
9:25:00,32.95
9:25:00.250000,32.95
9:25:00.500000,32.95
9:25:00.750000,32.95
9:25:01,32.97
9:25:01.250000,32.97
9:25:01.500000,32.97
9:25:01.750000,32.97
9:25:02,32.97
9:25:02.250000,32.97
9:25:02.500000,32.97
9:25:02.750000,32.97
9:25:03,32.95
9:25:03.250000,32.95
9:25:03.500000,32.95
9:25:03.750000,32.95
9:25:04,32.93
9:25:04.250000,32.93
9:25:04.500000,32.93
9:25:04.750000,32.93
9:25:05,32.95
9:25:05.250000,32.95
9:25:05.500000,32.95
9:25:05.750000,32.95
9:25:06,32.93
9:25:06.250000,32.93
9:25:06.500000,32.93
9:25:06.750000,32.93
9:25:07,32.97
9:25:07.250000,32.97
9:25:07.500000,32.97
9:25:07.750000,32.97
9:25:08,32.95
9:25:08.250000,32.95
9:25:08.500000,32.95
9:25:08.750000,32.95
9:25:09,32.99
9:25:09.250000,32.99
9:25:09.500000,32.99
9:25:09.750000,32.99
9:25:10,32.97
9:25:10.250000,32.97
9:25:10.500000,32.97
9:25:10.750000,32.97
9:25:11,32.97
9:25:11.250000,32.97
9:25:11.500000,32.97
9:25:11.750000,32.97
9:25:12,32.95
9:25:12.250000,32.95
9:25:12.500000,32.95
9:25:12.750000,32.95
9:25:13,32.97
9:25:13.250000,32.97
9:25:13.500000,32.97
9:25:13.750000,32.97
9:25:14,32.95
9:25:14.250000,32.95
9:25:14.500000,32.95
9:25:14.750000,32.95
9:25:15,32.95
9:25:15.250000,32.95
9:25:15.500000,32.95
9:25:15.750000,32.95
9:25:16,32.97
9:25:16.250000,32.97
9:25:16.500000,32.97
9:25:16.750000,32.97
9:25:17,32.97
9:25:17.250000,32.97
9:25:17.500000,32.97
9:25:17.750000,32.97
9:25:18,32.95
9:25:18.250000,32.95
9:25:18.500000,32.95
9:25:18.750000,32.95
9:25:19,32.99
9:25:19.250000,32.99
9:25:19.500000,32.99
9:25:19.750000,32.99
9:25:20,32.95
9:25:20.250000,32.95
9:25:20.500000,32.95
9:25:20.750000,32.95
9:25:21,32.97
9:25:21.250000,32.97
9:25:21.500000,32.97
9:25:21.750000,32.97
9:25:22,32.97
9:25:22.250000,32.97
9:25:22.500000,32.97
9:25:22.750000,32.97
9:25:23,32.97
9:25:23.250000,32.97
9:25:23.500000,32.97
9:25:23.750000,32.97
9:25:24,32.97
9:25:24.250000,32.97
9:25:24.500000,32.97
9:25:24.750000,32.97
9:25:25,32.97
9:25:25.250000,32.97
9:25:25.500000,32.97
9:25:25.750000,32.97
9:25:26,32.97
9:25:26.250000,32.97
9:25:26.500000,32.97
9:25:26.750000,32.97
9:25:27,32.97
9:25:27.250000,32.97
9:25:27.500000,32.97
9:25:27.750000,32.97
9:25:28,32.95
9:25:28.250000,32.95
9:25:28.500000,32.95
9:25:28.750000,32.95
9:25:29,32.95
9:25:29.250000,32.95
9:25:29.500000,32.95
9:25:29.750000,32.95
9:25:30,32.95
9:25:30.250000,32.95
9:25:30.500000,32.95
9:25:30.750000,32.95
9:25:31,32.95
9:25:31.250000,32.95
9:25:31.500000,32.95
9:25:31.750000,32.95
9:25:32,32.93
9:25:32.250000,32.93
9:25:32.500000,32.93
9:25:32.750000,32.93
9:25:33,32.93
9:25:33.250000,32.93
9:25:33.500000,32.93
9:25:33.750000,32.93
9:25:34,32.95
9:25:34.250000,32.95
9:25:34.500000,32.95
9:25:34.750000,32.95
9:25:35,32.97
9:25:35.250000,32.97
9:25:35.500000,32.97
9:25:35.750000,32.97
9:25:36,32.97
9:25:36.250000,32.97
9:25:36.500000,32.97
9:25:36.750000,32.97
9:25:37,32.97
9:25:37.250000,32.97
9:25:37.500000,32.97
9:25:37.750000,32.97
9:25:38,32.95
9:25:38.250000,32.95
9:25:38.500000,32.95
9:25:38.750000,32.95
9:25:39,32.95
9:25:39.250000,32.95
9:25:39.500000,32.95
9:25:39.750000,32.95
9:25:40,32.97
9:25:40.250000,32.97
9:25:40.500000,32.97
9:25:40.750000,32.97
9:25:41,32.97
9:25:41.250000,32.97
9:25:41.500000,32.97
9:25:41.750000,32.97
9:25:42,32.97
9:25:42.250000,32.97
9:25:42.500000,32.97
9:25:42.750000,32.97
9:25:43,32.99
9:25:43.250000,32.99
9:25:43.500000,32.99
9:25:43.750000,32.99
9:25:44,32.97
9:25:44.250000,32.97
9:25:44.500000,32.97
9:25:44.750000,32.97
9:25:45,32.95
9:25:45.250000,32.95
9:25:45.500000,32.95
9:25:45.750000,32.95
9:25:46,32.99
9:25:46.250000,32.99
9:25:46.500000,32.99
9:25:46.750000,32.99
9:25:47,32.99
9:25:47.250000,32.99
9:25:47.500000,32.99
9:25:47.750000,32.99
9:25:48,32.93
9:25:48.250000,32.93
9:25:48.500000,32.93
9:25:48.750000,32.93
9:25:49,32.97
9:25:49.250000,32.97
9:25:49.500000,32.97
9:25:49.750000,32.97
9:25:50,32.97
9:25:50.250000,32.97
9:25:50.500000,32.97
9:25:50.750000,32.97
9:25:51,32.97
9:25:51.250000,32.97
9:25:51.500000,32.97
9:25:51.750000,32.97
9:25:52,32.95
9:25:52.250000,32.95
9:25:52.500000,32.95
9:25:52.750000,32.95
9:25:53,32.97
9:25:53.250000,32.97
9:25:53.500000,32.97
9:25:53.750000,32.97
9:25:54,32.97
9:25:54.250000,32.97
9:25:54.500000,32.97
9:25:54.750000,32.97
9:25:55,32.99
9:25:55.250000,32.99
9:25:55.500000,32.99
9:25:55.750000,32.99
9:25:56,32.97
9:25:56.250000,32.97
9:25:56.500000,32.97
9:25:56.750000,32.97
9:25:57,32.97
9:25:57.250000,32.97
9:25:57.500000,32.97
9:25:57.750000,32.97
9:25:58,32.99
9:25:58.250000,32.99
9:25:58.500000,32.99
9:25:58.750000,32.99
9:25:59,32.99
9:25:59.250000,32.99
9:25:59.500000,32.99
9:25:59.750000,32.99
9:26:00,32.95
9:26:00.250000,32.95
9:26:00.500000,32.95
9:26:00.750000,32.95
9:26:01,32.99
9:26:01.250000,32.99
9:26:01.500000,32.99
9:26:01.750000,32.99
9:26:02,32.99
9:26:02.250000,32.99
9:26:02.500000,32.99
9:26:02.750000,32.99
9:26:03,32.95
9:26:03.250000,32.95
9:26:03.500000,32.95
9:26:03.750000,32.95
9:26:04,32.99
9:26:04.250000,32.99
9:26:04.500000,32.99
9:26:04.750000,32.99
9:26:05,32.99
9:26:05.250000,32.99
9:26:05.500000,32.99
9:26:05.750000,32.99
9:26:06,32.99
9:26:06.250000,32.99
9:26:06.500000,32.99
9:26:06.750000,32.99
9:26:07,32.97
9:26:07.250000,32.97
9:26:07.500000,32.97
9:26:07.750000,32.97
9:26:08,32.99
9:26:08.250000,32.99
9:26:08.500000,32.99
9:26:08.750000,32.99
9:26:09,32.97
9:26:09.250000,32.97
9:26:09.500000,32.97
9:26:09.750000,32.97
9:26:10,32.99
9:26:10.250000,32.99
9:26:10.500000,32.99
9:26:10.750000,32.99
9:26:11,32.99
9:26:11.250000,32.99
9:26:11.500000,32.99
9:26:11.750000,32.99
9:26:12,32.99
9:26:12.250000,32.99
9:26:12.500000,32.99
9:26:12.750000,32.99
9:26:13,32.99
9:26:13.250000,32.99
9:26:13.500000,32.99
9:26:13.750000,32.99
9:26:14,32.97
9:26:14.250000,32.97
9:26:14.500000,32.97
9:26:14.750000,32.97
9:26:15,32.99
9:26:15.250000,32.99
9:26:15.500000,32.99
9:26:15.750000,32.99
9:26:16,33.00
9:26:16.250000,33.00
9:26:16.500000,33.00
9:26:16.750000,33.00
9:26:17,32.99
9:26:17.250000,32.99
9:26:17.500000,32.99
9:26:17.750000,32.99
9:26:18,32.99
9:26:18.250000,32.99
9:26:18.500000,32.99
9:26:18.750000,32.99
9:26:19,33.00
9:26:19.250000,33.00
9:26:19.500000,33.00
9:26:19.750000,33.00
9:26:20,33.03
9:26:20.250000,33.03
9:26:20.500000,33.03
9:26:20.750000,33.03
9:26:21,32.99
9:26:21.250000,32.99
9:26:21.500000,32.99
9:26:21.750000,32.99
9:26:22,33.00
9:26:22.250000,33.00
9:26:22.500000,33.00
9:26:22.750000,33.00
9:26:23,32.99
9:26:23.250000,32.99
9:26:23.500000,32.99
9:26:23.750000,32.99
9:26:24,33.00
9:26:24.250000,33.00
9:26:24.500000,33.00
9:26:24.750000,33.00
9:26:25,32.99
9:26:25.250000,32.99
9:26:25.500000,32.99
9:26:25.750000,32.99
9:26:26,33.00
9:26:26.250000,33.00
9:26:26.500000,33.00
9:26:26.750000,33.00
9:26:27,32.99
9:26:27.250000,32.99
9:26:27.500000,32.99
9:26:27.750000,32.99
9:26:28,33.00
9:26:28.250000,33.00
9:26:28.500000,33.00
9:26:28.750000,33.00
9:26:29,33.03
9:26:29.250000,33.03
9:26:29.500000,33.03
9:26:29.750000,33.03
9:26:30,33.03
9:26:30.250000,33.03
9:26:30.500000,33.03
9:26:30.750000,33.03
9:26:31,33.00
9:26:31.250000,33.00
9:26:31.500000,33.00
9:26:31.750000,33.00
9:26:32,33.00
9:26:32.250000,33.00
9:26:32.500000,33.00
9:26:32.750000,33.00
9:26:33,33.00
9:26:33.250000,33.00
9:26:33.500000,33.00
9:26:33.750000,33.00
9:26:34,33.00
9:26:34.250000,33.00
9:26:34.500000,33.00
9:26:34.750000,33.00
9:26:35,33.00
9:26:35.250000,33.00
9:26:35.500000,33.00
9:26:35.750000,33.00
9:26:36,33.00
9:26:36.250000,33.00
9:26:36.500000,33.00
9:26:36.750000,33.00
9:26:37,33.03
9:26:37.250000,33.03
9:26:37.500000,33.03
9:26:37.750000,33.03
9:26:38,33.03
9:26:38.250000,33.03
9:26:38.500000,33.03
9:26:38.750000,33.03
9:26:39,33.00
9:26:39.250000,33.00
9:26:39.500000,33.00
9:26:39.750000,33.00
9:26:40,33.03
9:26:40.250000,33.03
9:26:40.500000,33.03
9:26:40.750000,33.03
9:26:41,33.00
9:26:41.250000,33.00
9:26:41.500000,33.00
9:26:41.750000,33.00
9:26:42,33.05
9:26:42.250000,33.05
9:26:42.500000,33.05
9:26:42.750000,33.05
9:26:43,33.00
9:26:43.250000,33.00
9:26:43.500000,33.00
9:26:43.750000,33.00
9:26:44,33.05
9:26:44.250000,33.05
9:26:44.500000,33.05
9:26:44.750000,33.05
9:26:45,33.03
9:26:45.250000,33.03
9:26:45.500000,33.03
9:26:45.750000,33.03
9:26:46,33.03
9:26:46.250000,33.03
9:26:46.500000,33.03
9:26:46.750000,33.03
9:26:47,33.03
9:26:47.250000,33.03
9:26:47.500000,33.03
9:26:47.750000,33.03
9:26:48,33.03
9:26:48.250000,33.03
9:26:48.500000,33.03
9:26:48.750000,33.03
9:26:49,33.05
9:26:49.250000,33.05
9:26:49.500000,33.05
9:26:49.750000,33.05
9:26:50,33.05
9:26:50.250000,33.05
9:26:50.500000,33.05
9:26:50.750000,33.05
9:26:51,33.05
9:26:51.250000,33.05
9:26:51.500000,33.05
9:26:51.750000,33.05
9:26:52,33.05
9:26:52.250000,33.05
9:26:52.500000,33.05
9:26:52.750000,33.05
9:26:53,33.03
9:26:53.250000,33.03
9:26:53.500000,33.03
9:26:53.750000,33.03
9:26:54,33.07
9:26:54.250000,33.07
9:26:54.500000,33.07
9:26:54.750000,33.07
9:26:55,33.07
9:26:55.250000,33.07
9:26:55.500000,33.07
9:26:55.750000,33.07
9:26:56,33.03
9:26:56.250000,33.03
9:26:56.500000,33.03
9:26:56.750000,33.03
9:26:57,33.07
9:26:57.250000,33.07
9:26:57.500000,33.07
9:26:57.750000,33.07
9:26:58,33.05
9:26:58.250000,33.05
9:26:58.500000,33.05
9:26:58.750000,33.05
9:26:59,33.05
9:26:59.250000,33.05
9:26:59.500000,33.05
9:26:59.750000,33.05
9:27:00,33.05
9:27:00.250000,33.05
9:27:00.500000,33.05
9:27:00.750000,33.05
9:27:01,33.05
9:27:01.250000,33.05
9:27:01.500000,33.05
9:27:01.750000,33.05
9:27:02,33.07
9:27:02.250000,33.07
9:27:02.500000,33.07
9:27:02.750000,33.07
9:27:03,33.05
9:27:03.250000,33.05
9:27:03.500000,33.05
9:27:03.750000,33.05
9:27:04,33.07
9:27:04.250000,33.07
9:27:04.500000,33.07
9:27:04.750000,33.07
9:27:05,33.07
9:27:05.250000,33.07
9:27:05.500000,33.07
9:27:05.750000,33.07
9:27:06,33.09
9:27:06.250000,33.09
9:27:06.500000,33.09
9:27:06.750000,33.09
9:27:07,33.07
9:27:07.250000,33.07
9:27:07.500000,33.07
9:27:07.750000,33.07
9:27:08,33.07
9:27:08.250000,33.07
9:27:08.500000,33.07
9:27:08.750000,33.07
9:27:09,33.05
9:27:09.250000,33.05
9:27:09.500000,33.05
9:27:09.750000,33.05
9:27:10,33.05
9:27:10.250000,33.05
9:27:10.500000,33.05
9:27:10.750000,33.05
9:27:11,33.09
9:27:11.250000,33.09
9:27:11.500000,33.09
9:27:11.750000,33.09
9:27:12,33.09
9:27:12.250000,33.09
9:27:12.500000,33.09
9:27:12.750000,33.09
9:27:13,33.05
9:27:13.250000,33.05
9:27:13.500000,33.05
9:27:13.750000,33.05
9:27:14,33.07
9:27:14.250000,33.07
9:27:14.500000,33.07
9:27:14.750000,33.07
9:27:15,33.07
9:27:15.250000,33.07
9:27:15.500000,33.07
9:27:15.750000,33.07
9:27:16,33.07
9:27:16.250000,33.07
9:27:16.500000,33.07
9:27:16.750000,33.07
9:27:17,33.09
9:27:17.250000,33.09
9:27:17.500000,33.09
9:27:17.750000,33.09
9:27:18,33.11
9:27:18.250000,33.11
9:27:18.500000,33.11
9:27:18.750000,33.11
9:27:19,33.11
9:27:19.250000,33.11
9:27:19.500000,33.11
9:27:19.750000,33.11
9:27:20,33.11
9:27:20.250000,33.11
9:27:20.500000,33.11
9:27:20.750000,33.11
9:27:21,33.11
9:27:21.250000,33.11
9:27:21.500000,33.11
9:27:21.750000,33.11
9:27:22,33.11
9:27:22.250000,33.11
9:27:22.500000,33.11
9:27:22.750000,33.11
9:27:23,33.13
9:27:23.250000,33.13
9:27:23.500000,33.13
9:27:23.750000,33.13
9:27:24,33.11
9:27:24.250000,33.11
9:27:24.500000,33.11
9:27:24.750000,33.11
9:27:25,33.09
9:27:25.250000,33.09
9:27:25.500000,33.09
9:27:25.750000,33.09
9:27:26,33.09
9:27:26.250000,33.09
9:27:26.500000,33.09
9:27:26.750000,33.09
9:27:27,33.13
9:27:27.250000,33.13
9:27:27.500000,33.13
9:27:27.750000,33.13
9:27:28,33.11
9:27:28.250000,33.11
9:27:28.500000,33.11
9:27:28.750000,33.11
9:27:29,33.11
9:27:29.250000,33.11
9:27:29.500000,33.11
9:27:29.750000,33.11
9:27:30,33.11
9:27:30.250000,33.11
9:27:30.500000,33.11
9:27:30.750000,33.11
9:27:31,33.11
9:27:31.250000,33.11
9:27:31.500000,33.11
9:27:31.750000,33.11
9:27:32,33.11
9:27:32.250000,33.11
9:27:32.500000,33.11
9:27:32.750000,33.11
9:27:33,33.13
9:27:33.250000,33.13
9:27:33.500000,33.13
9:27:33.750000,33.13
9:27:34,33.15
9:27:34.250000,33.15
9:27:34.500000,33.15
9:27:34.750000,33.15
9:27:35,33.13
9:27:35.250000,33.13
9:27:35.500000,33.13
9:27:35.750000,33.13
9:27:36,33.13
9:27:36.250000,33.13
9:27:36.500000,33.13
9:27:36.750000,33.13
9:27:37,33.15
9:27:37.250000,33.15
9:27:37.500000,33.15
9:27:37.750000,33.15
9:27:38,33.13
9:27:38.250000,33.13
9:27:38.500000,33.13
9:27:38.750000,33.13
9:27:39,33.13
9:27:39.250000,33.13
9:27:39.500000,33.13
9:27:39.750000,33.13
9:27:40,33.13
9:27:40.250000,33.13
9:27:40.500000,33.13
9:27:40.750000,33.13
9:27:41,33.13
9:27:41.250000,33.13
9:27:41.500000,33.13
9:27:41.750000,33.13
9:27:42,33.13
9:27:42.250000,33.13
9:27:42.500000,33.13
9:27:42.750000,33.13
9:27:43,33.13
9:27:43.250000,33.13
9:27:43.500000,33.13
9:27:43.750000,33.13
9:27:44,33.15
9:27:44.250000,33.15
9:27:44.500000,33.15
9:27:44.750000,33.15
9:27:45,33.13
9:27:45.250000,33.13
9:27:45.500000,33.13
9:27:45.750000,33.13
9:27:46,33.15
9:27:46.250000,33.15
9:27:46.500000,33.15
9:27:46.750000,33.15
9:27:47,33.15
9:27:47.250000,33.15
9:27:47.500000,33.15
9:27:47.750000,33.15
9:27:48,33.11
9:27:48.250000,33.11
9:27:48.500000,33.11
9:27:48.750000,33.11
9:27:49,33.11
9:27:49.250000,33.11
9:27:49.500000,33.11
9:27:49.750000,33.11
9:27:50,33.15
9:27:50.250000,33.15
9:27:50.500000,33.15
9:27:50.750000,33.15
9:27:51,33.13
9:27:51.250000,33.13
9:27:51.500000,33.13
9:27:51.750000,33.13
9:27:52,33.15
9:27:52.250000,33.15
9:27:52.500000,33.15
9:27:52.750000,33.15
9:27:53,33.15
9:27:53.250000,33.15
9:27:53.500000,33.15
9:27:53.750000,33.15
9:27:54,33.15
9:27:54.250000,33.15
9:27:54.500000,33.15
9:27:54.750000,33.15
9:27:55,33.15
9:27:55.250000,33.15
9:27:55.500000,33.15
9:27:55.750000,33.15
9:27:56,33.15
9:27:56.250000,33.15
9:27:56.500000,33.15
9:27:56.750000,33.15
9:27:57,33.13
9:27:57.250000,33.13
9:27:57.500000,33.13
9:27:57.750000,33.13
9:27:58,33.15
9:27:58.250000,33.15
9:27:58.500000,33.15
9:27:58.750000,33.15
9:27:59,33.13
9:27:59.250000,33.13
9:27:59.500000,33.13
9:27:59.750000,33.13
9:28:00,33.13
9:28:00.250000,33.13
9:28:00.500000,33.13
9:28:00.750000,33.13
9:28:01,33.15
9:28:01.250000,33.15
9:28:01.500000,33.15
9:28:01.750000,33.15
9:28:02,33.15
9:28:02.250000,33.15
9:28:02.500000,33.15
9:28:02.750000,33.15
9:28:03,33.15
9:28:03.250000,33.15
9:28:03.500000,33.15
9:28:03.750000,33.15
9:28:04,33.15
9:28:04.250000,33.15
9:28:04.500000,33.15
9:28:04.750000,33.15
9:28:05,33.13
9:28:05.250000,33.13
9:28:05.500000,33.13
9:28:05.750000,33.13
9:28:06,33.13
9:28:06.250000,33.13
9:28:06.500000,33.13
9:28:06.750000,33.13
9:28:07,33.13
9:28:07.250000,33.13
9:28:07.500000,33.13
9:28:07.750000,33.13
9:28:08,33.15
9:28:08.250000,33.15
9:28:08.500000,33.15
9:28:08.750000,33.15
9:28:09,33.15
9:28:09.250000,33.15
9:28:09.500000,33.15
9:28:09.750000,33.15
9:28:10,33.15
9:28:10.250000,33.15
9:28:10.500000,33.15
9:28:10.750000,33.15
9:28:11,33.13
9:28:11.250000,33.13
9:28:11.500000,33.13
9:28:11.750000,33.13
9:28:12,33.15
9:28:12.250000,33.15
9:28:12.500000,33.15
9:28:12.750000,33.15
9:28:13,33.13
9:28:13.250000,33.13
9:28:13.500000,33.13
9:28:13.750000,33.13
9:28:14,33.15
9:28:14.250000,33.15
9:28:14.500000,33.15
9:28:14.750000,33.15
9:28:15,33.13
9:28:15.250000,33.13
9:28:15.500000,33.13
9:28:15.750000,33.13
9:28:16,33.11
9:28:16.250000,33.11
9:28:16.500000,33.11
9:28:16.750000,33.11
9:28:17,33.15
9:28:17.250000,33.15
9:28:17.500000,33.15
9:28:17.750000,33.15
9:28:18,33.13
9:28:18.250000,33.13
9:28:18.500000,33.13
9:28:18.750000,33.13
9:28:19,33.13
9:28:19.250000,33.13
9:28:19.500000,33.13
9:28:19.750000,33.13
9:28:20,33.15
9:28:20.250000,33.15
9:28:20.500000,33.15
9:28:20.750000,33.15
9:28:21,33.15
9:28:21.250000,33.15
9:28:21.500000,33.15
9:28:21.750000,33.15
9:28:22,33.15
9:28:22.250000,33.15
9:28:22.500000,33.15
9:28:22.750000,33.15
9:28:23,33.13
9:28:23.250000,33.13
9:28:23.500000,33.13
9:28:23.750000,33.13
9:28:24,33.15
9:28:24.250000,33.15
9:28:24.500000,33.15
9:28:24.750000,33.15
9:28:25,33.13
9:28:25.250000,33.13
9:28:25.500000,33.13
9:28:25.750000,33.13
9:28:26,33.13
9:28:26.250000,33.13
9:28:26.500000,33.13
9:28:26.750000,33.13
9:28:27,33.13
9:28:27.250000,33.13
9:28:27.500000,33.13
9:28:27.750000,33.13
9:28:28,33.15
9:28:28.250000,33.15
9:28:28.500000,33.15
9:28:28.750000,33.15
9:28:29,33.15
9:28:29.250000,33.15
9:28:29.500000,33.15
9:28:29.750000,33.15
9:28:30,33.11
9:28:30.250000,33.11
9:28:30.500000,33.11
9:28:30.750000,33.11
9:28:31,33.13
9:28:31.250000,33.13
9:28:31.500000,33.13
9:28:31.750000,33.13
9:28:32,33.13
9:28:32.250000,33.13
9:28:32.500000,33.13
9:28:32.750000,33.13
9:28:33,33.11
9:28:33.250000,33.11
9:28:33.500000,33.11
9:28:33.750000,33.11
9:28:34,33.11
9:28:34.250000,33.11
9:28:34.500000,33.11
9:28:34.750000,33.11
9:28:35,33.13
9:28:35.250000,33.13
9:28:35.500000,33.13
9:28:35.750000,33.13
9:28:36,33.11
9:28:36.250000,33.11
9:28:36.500000,33.11
9:28:36.750000,33.11
9:28:37,33.15
9:28:37.250000,33.15
9:28:37.500000,33.15
9:28:37.750000,33.15
9:28:38,33.13
9:28:38.250000,33.13
9:28:38.500000,33.13
9:28:38.750000,33.13
9:28:39,33.13
9:28:39.250000,33.13
9:28:39.500000,33.13
9:28:39.750000,33.13
9:28:40,33.13
9:28:40.250000,33.13
9:28:40.500000,33.13
9:28:40.750000,33.13
9:28:41,33.13
9:28:41.250000,33.13
9:28:41.500000,33.13
9:28:41.750000,33.13
9:28:42,33.15
9:28:42.250000,33.15
9:28:42.500000,33.15
9:28:42.750000,33.15
9:28:43,33.15
9:28:43.250000,33.15
9:28:43.500000,33.15
9:28:43.750000,33.15
9:28:44,33.11
9:28:44.250000,33.11
9:28:44.500000,33.11
9:28:44.750000,33.11
9:28:45,33.13
9:28:45.250000,33.13
9:28:45.500000,33.13
9:28:45.750000,33.13
9:28:46,33.13
9:28:46.250000,33.13
9:28:46.500000,33.13
9:28:46.750000,33.13
9:28:47,33.13
9:28:47.250000,33.13
9:28:47.500000,33.13
9:28:47.750000,33.13
9:28:48,33.13
9:28:48.250000,33.13
9:28:48.500000,33.13
9:28:48.750000,33.13
9:28:49,33.13
9:28:49.250000,33.13
9:28:49.500000,33.13
9:28:49.750000,33.13
9:28:50,33.11
9:28:50.250000,33.11
9:28:50.500000,33.11
9:28:50.750000,33.11
9:28:51,33.15
9:28:51.250000,33.15
9:28:51.500000,33.15
9:28:51.750000,33.15
9:28:52,33.11
9:28:52.250000,33.11
9:28:52.500000,33.11
9:28:52.750000,33.11
9:28:53,33.13
9:28:53.250000,33.13
9:28:53.500000,33.13
9:28:53.750000,33.13
9:28:54,33.13
9:28:54.250000,33.13
9:28:54.500000,33.13
9:28:54.750000,33.13
9:28:55,33.15
9:28:55.250000,33.15
9:28:55.500000,33.15
9:28:55.750000,33.15
9:28:56,33.11
9:28:56.250000,33.11
9:28:56.500000,33.11
9:28:56.750000,33.11
9:28:57,33.13
9:28:57.250000,33.13
9:28:57.500000,33.13
9:28:57.750000,33.13
9:28:58,33.15
9:28:58.250000,33.15
9:28:58.500000,33.15
9:28:58.750000,33.15
9:28:59,33.15
9:28:59.250000,33.15
9:28:59.500000,33.15
9:28:59.750000,33.15
9:29:00,33.13
9:29:00.250000,33.13
9:29:00.500000,33.13
9:29:00.750000,33.13
9:29:01,33.13
9:29:01.250000,33.13
9:29:01.500000,33.13
9:29:01.750000,33.13
9:29:02,33.11
9:29:02.250000,33.11
9:29:02.500000,33.11
9:29:02.750000,33.11
9:29:03,33.13
9:29:03.250000,33.13
9:29:03.500000,33.13
9:29:03.750000,33.13
9:29:04,33.13
9:29:04.250000,33.13
9:29:04.500000,33.13
9:29:04.750000,33.13
9:29:05,33.13
9:29:05.250000,33.13
9:29:05.500000,33.13
9:29:05.750000,33.13
9:29:06,33.13
9:29:06.250000,33.13
9:29:06.500000,33.13
9:29:06.750000,33.13
9:29:07,33.15
9:29:07.250000,33.15
9:29:07.500000,33.15
9:29:07.750000,33.15
9:29:08,33.13
9:29:08.250000,33.13
9:29:08.500000,33.13
9:29:08.750000,33.13
9:29:09,33.13
9:29:09.250000,33.13
9:29:09.500000,33.13
9:29:09.750000,33.13
9:29:10,33.16
9:29:10.250000,33.16
9:29:10.500000,33.16
9:29:10.750000,33.16
9:29:11,33.15
9:29:11.250000,33.15
9:29:11.500000,33.15
9:29:11.750000,33.15
9:29:12,33.15
9:29:12.250000,33.15
9:29:12.500000,33.15
9:29:12.750000,33.15
9:29:13,33.15
9:29:13.250000,33.15
9:29:13.500000,33.15
9:29:13.750000,33.15
9:29:14,33.15
9:29:14.250000,33.15
9:29:14.500000,33.15
9:29:14.750000,33.15
9:29:15,33.15
9:29:15.250000,33.15
9:29:15.500000,33.15
9:29:15.750000,33.15
9:29:16,33.13
9:29:16.250000,33.13
9:29:16.500000,33.13
9:29:16.750000,33.13
9:29:17,33.15
9:29:17.250000,33.15
9:29:17.500000,33.15
9:29:17.750000,33.15
9:29:18,33.15
9:29:18.250000,33.15
9:29:18.500000,33.15
9:29:18.750000,33.15
9:29:19,33.15
9:29:19.250000,33.15
9:29:19.500000,33.15
9:29:19.750000,33.15
9:29:20,33.15
9:29:20.250000,33.15
9:29:20.500000,33.15
9:29:20.750000,33.15
9:29:21,33.16
9:29:21.250000,33.16
9:29:21.500000,33.16
9:29:21.750000,33.16
9:29:22,33.16
9:29:22.250000,33.16
9:29:22.500000,33.16
9:29:22.750000,33.16
9:29:23,33.16
9:29:23.250000,33.16
9:29:23.500000,33.16
9:29:23.750000,33.16
9:29:24,33.16
9:29:24.250000,33.16
9:29:24.500000,33.16
9:29:24.750000,33.16
9:29:25,33.15
9:29:25.250000,33.15
9:29:25.500000,33.15
9:29:25.750000,33.15
9:29:26,33.15
9:29:26.250000,33.15
9:29:26.500000,33.15
9:29:26.750000,33.15
9:29:27,33.15
9:29:27.250000,33.15
9:29:27.500000,33.15
9:29:27.750000,33.15
9:29:28,33.18
9:29:28.250000,33.18
9:29:28.500000,33.18
9:29:28.750000,33.18
9:29:29,33.18
9:29:29.250000,33.18
9:29:29.500000,33.18
9:29:29.750000,33.18
9:29:30,33.18
9:29:30.250000,33.18
9:29:30.500000,33.18
9:29:30.750000,33.18
9:29:31,33.16
9:29:31.250000,33.16
9:29:31.500000,33.16
9:29:31.750000,33.16
9:29:32,33.15
9:29:32.250000,33.15
9:29:32.500000,33.15
9:29:32.750000,33.15
9:29:33,33.15
9:29:33.250000,33.15
9:29:33.500000,33.15
9:29:33.750000,33.15
9:29:34,33.16
9:29:34.250000,33.16
9:29:34.500000,33.16
9:29:34.750000,33.16
9:29:35,33.15
9:29:35.250000,33.15
9:29:35.500000,33.15
9:29:35.750000,33.15
9:29:36,33.15
9:29:36.250000,33.15
9:29:36.500000,33.15
9:29:36.750000,33.15
9:29:37,33.16
9:29:37.250000,33.16
9:29:37.500000,33.16
9:29:37.750000,33.16
9:29:38,33.13
9:29:38.250000,33.13
9:29:38.500000,33.13
9:29:38.750000,33.13
9:29:39,33.15
9:29:39.250000,33.15
9:29:39.500000,33.15
9:29:39.750000,33.15
9:29:40,33.15
9:29:40.250000,33.15
9:29:40.500000,33.15
9:29:40.750000,33.15
9:29:41,33.16
9:29:41.250000,33.16
9:29:41.500000,33.16
9:29:41.750000,33.16
9:29:42,33.15
9:29:42.250000,33.15
9:29:42.500000,33.15
9:29:42.750000,33.15
9:29:43,33.16
9:29:43.250000,33.16
9:29:43.500000,33.16
9:29:43.750000,33.16
9:29:44,33.16
9:29:44.250000,33.16
9:29:44.500000,33.16
9:29:44.750000,33.16
9:29:45,33.15
9:29:45.250000,33.15
9:29:45.500000,33.15
9:29:45.750000,33.15
9:29:46,33.15
9:29:46.250000,33.15
9:29:46.500000,33.15
9:29:46.750000,33.15
9:29:47,33.16
9:29:47.250000,33.16
9:29:47.500000,33.16
9:29:47.750000,33.16
9:29:48,33.16
9:29:48.250000,33.16
9:29:48.500000,33.16
9:29:48.750000,33.16
9:29:49,33.16
9:29:49.250000,33.16
9:29:49.500000,33.16
9:29:49.750000,33.16
9:29:50,33.13
9:29:50.250000,33.13
9:29:50.500000,33.13
9:29:50.750000,33.13
9:29:51,33.16
9:29:51.250000,33.16
9:29:51.500000,33.16
9:29:51.750000,33.16
9:29:52,33.15
9:29:52.250000,33.15
9:29:52.500000,33.15
9:29:52.750000,33.15
9:29:53,33.16
9:29:53.250000,33.16
9:29:53.500000,33.16
9:29:53.750000,33.16
9:29:54,33.16
9:29:54.250000,33.16
9:29:54.500000,33.16
9:29:54.750000,33.16
9:29:55,33.15
9:29:55.250000,33.15
9:29:55.500000,33.15
9:29:55.750000,33.15
9:29:56,33.15
9:29:56.250000,33.15
9:29:56.500000,33.15
9:29:56.750000,33.15
9:29:57,33.16
9:29:57.250000,33.16
9:29:57.500000,33.16
9:29:57.750000,33.16
9:29:58,33.16
9:29:58.250000,33.16
9:29:58.500000,33.16
9:29:58.750000,33.16
9:29:59,33.16
9:29:59.250000,33.16
9:29:59.500000,33.16
9:29:59.750000,33.16
9:30:00,33.15
9:30:00.250000,33.15
9:30:00.500000,33.15
9:30:00.750000,33.15
9:30:01,33.18
9:30:01.250000,33.18
9:30:01.500000,33.18
9:30:01.750000,33.18
9:30:02,33.15
9:30:02.250000,33.15
9:30:02.500000,33.15
9:30:02.750000,33.15
9:30:03,33.16
9:30:03.250000,33.16
9:30:03.500000,33.16
9:30:03.750000,33.16
9:30:04,33.16
9:30:04.250000,33.16
9:30:04.500000,33.16
9:30:04.750000,33.16
9:30:05,33.18
9:30:05.250000,33.18
9:30:05.500000,33.18
9:30:05.750000,33.18
9:30:06,33.15
9:30:06.250000,33.15
9:30:06.500000,33.15
9:30:06.750000,33.15
9:30:07,33.16
9:30:07.250000,33.16
9:30:07.500000,33.16
9:30:07.750000,33.16
9:30:08,33.21
9:30:08.250000,33.21
9:30:08.500000,33.21
9:30:08.750000,33.21
9:30:09,33.15
9:30:09.250000,33.15
9:30:09.500000,33.15
9:30:09.750000,33.15
9:30:10,33.18
9:30:10.250000,33.18
9:30:10.500000,33.18
9:30:10.750000,33.18
9:30:11,33.16
9:30:11.250000,33.16
9:30:11.500000,33.16
9:30:11.750000,33.16
9:30:12,33.21
9:30:12.250000,33.21
9:30:12.500000,33.21
9:30:12.750000,33.21
9:30:13,33.21
9:30:13.250000,33.21
9:30:13.500000,33.21
9:30:13.750000,33.21
9:30:14,33.18
9:30:14.250000,33.18
9:30:14.500000,33.18
9:30:14.750000,33.18
9:30:15,33.18
9:30:15.250000,33.18
9:30:15.500000,33.18
9:30:15.750000,33.18
9:30:16,33.18
9:30:16.250000,33.18
9:30:16.500000,33.18
9:30:16.750000,33.18
9:30:17,33.21
9:30:17.250000,33.21
9:30:17.500000,33.21
9:30:17.750000,33.21
9:30:18,33.21
9:30:18.250000,33.21
9:30:18.500000,33.21
9:30:18.750000,33.21
9:30:19,33.21
9:30:19.250000,33.21
9:30:19.500000,33.21
9:30:19.750000,33.21
9:30:20,33.21
9:30:20.250000,33.21
9:30:20.500000,33.21
9:30:20.750000,33.21
9:30:21,33.23
9:30:21.250000,33.23
9:30:21.500000,33.23
9:30:21.750000,33.23
9:30:22,33.21
9:30:22.250000,33.21
9:30:22.500000,33.21
9:30:22.750000,33.21
9:30:23,33.18
9:30:23.250000,33.18
9:30:23.500000,33.18
9:30:23.750000,33.18
9:30:24,33.21
9:30:24.250000,33.21
9:30:24.500000,33.21
9:30:24.750000,33.21
9:30:25,33.21
9:30:25.250000,33.21
9:30:25.500000,33.21
9:30:25.750000,33.21
9:30:26,33.23
9:30:26.250000,33.23
9:30:26.500000,33.23
9:30:26.750000,33.23
9:30:27,33.21
9:30:27.250000,33.21
9:30:27.500000,33.21
9:30:27.750000,33.21
9:30:28,33.21
9:30:28.250000,33.21
9:30:28.500000,33.21
9:30:28.750000,33.21
9:30:29,33.23
9:30:29.250000,33.23
9:30:29.500000,33.23
9:30:29.750000,33.23
9:30:30,33.21
9:30:30.250000,33.21
9:30:30.500000,33.21
9:30:30.750000,33.21
9:30:31,33.21
9:30:31.250000,33.21
9:30:31.500000,33.21
9:30:31.750000,33.21
9:30:32,33.23
9:30:32.250000,33.23
9:30:32.500000,33.23
9:30:32.750000,33.23
9:30:33,33.21
9:30:33.250000,33.21
9:30:33.500000,33.21
9:30:33.750000,33.21
9:30:34,33.23
9:30:34.250000,33.23
9:30:34.500000,33.23
9:30:34.750000,33.23
9:30:35,33.21
9:30:35.250000,33.21
9:30:35.500000,33.21
9:30:35.750000,33.21
9:30:36,33.21
9:30:36.250000,33.21
9:30:36.500000,33.21
9:30:36.750000,33.21
9:30:37,33.21
9:30:37.250000,33.21
9:30:37.500000,33.21
9:30:37.750000,33.21
9:30:38,33.23
9:30:38.250000,33.23
9:30:38.500000,33.23
9:30:38.750000,33.23
9:30:39,33.18
9:30:39.250000,33.18
9:30:39.500000,33.18
9:30:39.750000,33.18
9:30:40,33.21
9:30:40.250000,33.21
9:30:40.500000,33.21
9:30:40.750000,33.21
9:30:41,33.21
9:30:41.250000,33.21
9:30:41.500000,33.21
9:30:41.750000,33.21
9:30:42,33.18
9:30:42.250000,33.18
9:30:42.500000,33.18
9:30:42.750000,33.18
9:30:43,33.21
9:30:43.250000,33.21
9:30:43.500000,33.21
9:30:43.750000,33.21
9:30:44,33.21
9:30:44.250000,33.21
9:30:44.500000,33.21
9:30:44.750000,33.21
9:30:45,33.23
9:30:45.250000,33.23
9:30:45.500000,33.23
9:30:45.750000,33.23
9:30:46,33.21
9:30:46.250000,33.21
9:30:46.500000,33.21
9:30:46.750000,33.21
9:30:47,33.21
9:30:47.250000,33.21
9:30:47.500000,33.21
9:30:47.750000,33.21
9:30:48,33.21
9:30:48.250000,33.21
9:30:48.500000,33.21
9:30:48.750000,33.21
9:30:49,33.23
9:30:49.250000,33.23
9:30:49.500000,33.23
9:30:49.750000,33.23
9:30:50,33.23
9:30:50.250000,33.23
9:30:50.500000,33.23
9:30:50.750000,33.23
9:30:51,33.23
9:30:51.250000,33.23
9:30:51.500000,33.23
9:30:51.750000,33.23
9:30:52,33.23
9:30:52.250000,33.23
9:30:52.500000,33.23
9:30:52.750000,33.23
9:30:53,33.23
9:30:53.250000,33.23
9:30:53.500000,33.23
9:30:53.750000,33.23
9:30:54,33.23
9:30:54.250000,33.23
9:30:54.500000,33.23
9:30:54.750000,33.23
9:30:55,33.21
9:30:55.250000,33.21
9:30:55.500000,33.21
9:30:55.750000,33.21
9:30:56,33.21
9:30:56.250000,33.21
9:30:56.500000,33.21
9:30:56.750000,33.21
9:30:57,33.21
9:30:57.250000,33.21
9:30:57.500000,33.21
9:30:57.750000,33.21
9:30:58,33.23
9:30:58.250000,33.23
9:30:58.500000,33.23
9:30:58.750000,33.23
9:30:59,33.21
9:30:59.250000,33.21
9:30:59.500000,33.21
9:30:59.750000,33.21
9:31:00,33.25
9:31:00.250000,33.25
9:31:00.500000,33.25
9:31:00.750000,33.25
9:31:01,33.18
9:31:01.250000,33.18
9:31:01.500000,33.18
9:31:01.750000,33.18
9:31:02,33.21
9:31:02.250000,33.21
9:31:02.500000,33.21
9:31:02.750000,33.21
9:31:03,33.21
9:31:03.250000,33.21
9:31:03.500000,33.21
9:31:03.750000,33.21
9:31:04,33.21
9:31:04.250000,33.21
9:31:04.500000,33.21
9:31:04.750000,33.21
9:31:05,33.21
9:31:05.250000,33.21
9:31:05.500000,33.21
9:31:05.750000,33.21
9:31:06,33.21
9:31:06.250000,33.21
9:31:06.500000,33.21
9:31:06.750000,33.21
9:31:07,33.23
9:31:07.250000,33.23
9:31:07.500000,33.23
9:31:07.750000,33.23
9:31:08,33.23
9:31:08.250000,33.23
9:31:08.500000,33.23
9:31:08.750000,33.23
9:31:09,33.23
9:31:09.250000,33.23
9:31:09.500000,33.23
9:31:09.750000,33.23
9:31:10,33.23
9:31:10.250000,33.23
9:31:10.500000,33.23
9:31:10.750000,33.23
9:31:11,33.23
9:31:11.250000,33.23
9:31:11.500000,33.23
9:31:11.750000,33.23
9:31:12,33.23
9:31:12.250000,33.23
9:31:12.500000,33.23
9:31:12.750000,33.23
9:31:13,33.25
9:31:13.250000,33.25
9:31:13.500000,33.25
9:31:13.750000,33.25
9:31:14,33.23
9:31:14.250000,33.23
9:31:14.500000,33.23
9:31:14.750000,33.23
9:31:15,33.25
9:31:15.250000,33.25
9:31:15.500000,33.25
9:31:15.750000,33.25
9:31:16,33.23
9:31:16.250000,33.23
9:31:16.500000,33.23
9:31:16.750000,33.23
9:31:17,33.25
9:31:17.250000,33.25
9:31:17.500000,33.25
9:31:17.750000,33.25
9:31:18,33.23
9:31:18.250000,33.23
9:31:18.500000,33.23
9:31:18.750000,33.23
9:31:19,33.23
9:31:19.250000,33.23
9:31:19.500000,33.23
9:31:19.750000,33.23
9:31:20,33.23
9:31:20.250000,33.23
9:31:20.500000,33.23
9:31:20.750000,33.23
9:31:21,33.25
9:31:21.250000,33.25
9:31:21.500000,33.25
9:31:21.750000,33.25
9:31:22,33.25
9:31:22.250000,33.25
9:31:22.500000,33.25
9:31:22.750000,33.25
9:31:23,33.27
9:31:23.250000,33.27
9:31:23.500000,33.27
9:31:23.750000,33.27
9:31:24,33.23
9:31:24.250000,33.23
9:31:24.500000,33.23
9:31:24.750000,33.23
9:31:25,33.25
9:31:25.250000,33.25
9:31:25.500000,33.25
9:31:25.750000,33.25
9:31:26,33.25
9:31:26.250000,33.25
9:31:26.500000,33.25
9:31:26.750000,33.25
9:31:27,33.25
9:31:27.250000,33.25
9:31:27.500000,33.25
9:31:27.750000,33.25
9:31:28,33.25
9:31:28.250000,33.25
9:31:28.500000,33.25
9:31:28.750000,33.25
9:31:29,33.25
9:31:29.250000,33.25
9:31:29.500000,33.25
9:31:29.750000,33.25
9:31:30,33.25
9:31:30.250000,33.25
9:31:30.500000,33.25
9:31:30.750000,33.25
9:31:31,33.27
9:31:31.250000,33.27
9:31:31.500000,33.27
9:31:31.750000,33.27
9:31:32,33.27
9:31:32.250000,33.27
9:31:32.500000,33.27
9:31:32.750000,33.27
9:31:33,33.25
9:31:33.250000,33.25
9:31:33.500000,33.25
9:31:33.750000,33.25
9:31:34,33.25
9:31:34.250000,33.25
9:31:34.500000,33.25
9:31:34.750000,33.25
9:31:35,33.25
9:31:35.250000,33.25
9:31:35.500000,33.25
9:31:35.750000,33.25
9:31:36,33.27
9:31:36.250000,33.27
9:31:36.500000,33.27
9:31:36.750000,33.27
9:31:37,33.27
9:31:37.250000,33.27
9:31:37.500000,33.27
9:31:37.750000,33.27
9:31:38,33.27
9:31:38.250000,33.27
9:31:38.500000,33.27
9:31:38.750000,33.27
9:31:39,33.27
9:31:39.250000,33.27
9:31:39.500000,33.27
9:31:39.750000,33.27
9:31:40,33.27
9:31:40.250000,33.27
9:31:40.500000,33.27
9:31:40.750000,33.27
9:31:41,33.27
9:31:41.250000,33.27
9:31:41.500000,33.27
9:31:41.750000,33.27
9:31:42,33.27
9:31:42.250000,33.27
9:31:42.500000,33.27
9:31:42.750000,33.27
9:31:43,33.25
9:31:43.250000,33.25
9:31:43.500000,33.25
9:31:43.750000,33.25
9:31:44,33.25
9:31:44.250000,33.25
9:31:44.500000,33.25
9:31:44.750000,33.25
9:31:45,33.25
9:31:45.250000,33.25
9:31:45.500000,33.25
9:31:45.750000,33.25
9:31:46,33.25
9:31:46.250000,33.25
9:31:46.500000,33.25
9:31:46.750000,33.25
9:31:47,33.21
9:31:47.250000,33.21
9:31:47.500000,33.21
9:31:47.750000,33.21
9:31:48,33.23
9:31:48.250000,33.23
9:31:48.500000,33.23
9:31:48.750000,33.23
9:31:49,33.25
9:31:49.250000,33.25
9:31:49.500000,33.25
9:31:49.750000,33.25
9:31:50,33.25
9:31:50.250000,33.25
9:31:50.500000,33.25
9:31:50.750000,33.25
9:31:51,33.25
9:31:51.250000,33.25
9:31:51.500000,33.25
9:31:51.750000,33.25
9:31:52,33.25
9:31:52.250000,33.25
9:31:52.500000,33.25
9:31:52.750000,33.25
9:31:53,33.25
9:31:53.250000,33.25
9:31:53.500000,33.25
9:31:53.750000,33.25
9:31:54,33.25
9:31:54.250000,33.25
9:31:54.500000,33.25
9:31:54.750000,33.25
9:31:55,33.25
9:31:55.250000,33.25
9:31:55.500000,33.25
9:31:55.750000,33.25
9:31:56,33.27
9:31:56.250000,33.27
9:31:56.500000,33.27
9:31:56.750000,33.27
9:31:57,33.27
9:31:57.250000,33.27
9:31:57.500000,33.27
9:31:57.750000,33.27
9:31:58,33.27
9:31:58.250000,33.27
9:31:58.500000,33.27
9:31:58.750000,33.27
9:31:59,33.27
9:31:59.250000,33.27
9:31:59.500000,33.27
9:31:59.750000,33.27
9:32:00,33.25
9:32:00.250000,33.25
9:32:00.500000,33.25
9:32:00.750000,33.25
9:32:01,33.25
9:32:01.250000,33.25
9:32:01.500000,33.25
9:32:01.750000,33.25
9:32:02,33.25
9:32:02.250000,33.25
9:32:02.500000,33.25
9:32:02.750000,33.25
9:32:03,33.25
9:32:03.250000,33.25
9:32:03.500000,33.25
9:32:03.750000,33.25
9:32:04,33.27
9:32:04.250000,33.27
9:32:04.500000,33.27
9:32:04.750000,33.27
9:32:05,33.23
9:32:05.250000,33.23
9:32:05.500000,33.23
9:32:05.750000,33.23
9:32:06,33.25
9:32:06.250000,33.25
9:32:06.500000,33.25
9:32:06.750000,33.25
9:32:07,33.27
9:32:07.250000,33.27
9:32:07.500000,33.27
9:32:07.750000,33.27
9:32:08,33.25
9:32:08.250000,33.25
9:32:08.500000,33.25
9:32:08.750000,33.25
9:32:09,33.27
9:32:09.250000,33.27
9:32:09.500000,33.27
9:32:09.750000,33.27
9:32:10,33.25
9:32:10.250000,33.25
9:32:10.500000,33.25
9:32:10.750000,33.25
9:32:11,33.27
9:32:11.250000,33.27
9:32:11.500000,33.27
9:32:11.750000,33.27
9:32:12,33.25
9:32:12.250000,33.25
9:32:12.500000,33.25
9:32:12.750000,33.25
9:32:13,33.29
9:32:13.250000,33.29
9:32:13.500000,33.29
9:32:13.750000,33.29
9:32:14,33.27
9:32:14.250000,33.27
9:32:14.500000,33.27
9:32:14.750000,33.27
9:32:15,33.27
9:32:15.250000,33.27
9:32:15.500000,33.27
9:32:15.750000,33.27
9:32:16,33.27
9:32:16.250000,33.27
9:32:16.500000,33.27
9:32:16.750000,33.27
9:32:17,33.29
9:32:17.250000,33.29
9:32:17.500000,33.29
9:32:17.750000,33.29
9:32:18,33.27
9:32:18.250000,33.27
9:32:18.500000,33.27
9:32:18.750000,33.27
9:32:19,33.27
9:32:19.250000,33.27
9:32:19.500000,33.27
9:32:19.750000,33.27
9:32:20,33.29
9:32:20.250000,33.29
9:32:20.500000,33.29
9:32:20.750000,33.29
9:32:21,33.27
9:32:21.250000,33.27
9:32:21.500000,33.27
9:32:21.750000,33.27
9:32:22,33.27
9:32:22.250000,33.27
9:32:22.500000,33.27
9:32:22.750000,33.27
9:32:23,33.29
9:32:23.250000,33.29
9:32:23.500000,33.29
9:32:23.750000,33.29
9:32:24,33.29
9:32:24.250000,33.29
9:32:24.500000,33.29
9:32:24.750000,33.29
9:32:25,33.29
9:32:25.250000,33.29
9:32:25.500000,33.29
9:32:25.750000,33.29
9:32:26,33.29
9:32:26.250000,33.29
9:32:26.500000,33.29
9:32:26.750000,33.29
9:32:27,33.31
9:32:27.250000,33.31
9:32:27.500000,33.31
9:32:27.750000,33.31
9:32:28,33.31
9:32:28.250000,33.31
9:32:28.500000,33.31
9:32:28.750000,33.31
9:32:29,33.31
9:32:29.250000,33.31
9:32:29.500000,33.31
9:32:29.750000,33.31
9:32:30,33.31
9:32:30.250000,33.31
9:32:30.500000,33.31
9:32:30.750000,33.31
9:32:31,33.31
9:32:31.250000,33.31
9:32:31.500000,33.31
9:32:31.750000,33.31
9:32:32,33.31
9:32:32.250000,33.31
9:32:32.500000,33.31
9:32:32.750000,33.31
9:32:33,33.33
9:32:33.250000,33.33
9:32:33.500000,33.33
9:32:33.750000,33.33
9:32:34,33.31
9:32:34.250000,33.31
9:32:34.500000,33.31
9:32:34.750000,33.31
9:32:35,33.33
9:32:35.250000,33.33
9:32:35.500000,33.33
9:32:35.750000,33.33
9:32:36,33.33
9:32:36.250000,33.33
9:32:36.500000,33.33
9:32:36.750000,33.33
9:32:37,33.31
9:32:37.250000,33.31
9:32:37.500000,33.31
9:32:37.750000,33.31
9:32:38,33.33
9:32:38.250000,33.33
9:32:38.500000,33.33
9:32:38.750000,33.33
9:32:39,33.34
9:32:39.250000,33.34
9:32:39.500000,33.34
9:32:39.750000,33.34
9:32:40,33.31
9:32:40.250000,33.31
9:32:40.500000,33.31
9:32:40.750000,33.31
9:32:41,33.33
9:32:41.250000,33.33
9:32:41.500000,33.33
9:32:41.750000,33.33
9:32:42,33.33
9:32:42.250000,33.33
9:32:42.500000,33.33
9:32:42.750000,33.33
9:32:43,33.31
9:32:43.250000,33.31
9:32:43.500000,33.31
9:32:43.750000,33.31
9:32:44,33.31
9:32:44.250000,33.31
9:32:44.500000,33.31
9:32:44.750000,33.31
9:32:45,33.33
9:32:45.250000,33.33
9:32:45.500000,33.33
9:32:45.750000,33.33
9:32:46,33.31
9:32:46.250000,33.31
9:32:46.500000,33.31
9:32:46.750000,33.31
9:32:47,33.33
9:32:47.250000,33.33
9:32:47.500000,33.33
9:32:47.750000,33.33
9:32:48,33.33
9:32:48.250000,33.33
9:32:48.500000,33.33
9:32:48.750000,33.33
9:32:49,33.34
9:32:49.250000,33.34
9:32:49.500000,33.34
9:32:49.750000,33.34
9:32:50,33.33
9:32:50.250000,33.33
9:32:50.500000,33.33
9:32:50.750000,33.33
9:32:51,33.31
9:32:51.250000,33.31
9:32:51.500000,33.31
9:32:51.750000,33.31
9:32:52,33.33
9:32:52.250000,33.33
9:32:52.500000,33.33
9:32:52.750000,33.33
9:32:53,33.33
9:32:53.250000,33.33
9:32:53.500000,33.33
9:32:53.750000,33.33
9:32:54,33.33
9:32:54.250000,33.33
9:32:54.500000,33.33
9:32:54.750000,33.33
9:32:55,33.31
9:32:55.250000,33.31
9:32:55.500000,33.31
9:32:55.750000,33.31
9:32:56,33.34
9:32:56.250000,33.34
9:32:56.500000,33.34
9:32:56.750000,33.34
9:32:57,33.33
9:32:57.250000,33.33
9:32:57.500000,33.33
9:32:57.750000,33.33
9:32:58,33.33
9:32:58.250000,33.33
9:32:58.500000,33.33
9:32:58.750000,33.33
9:32:59,33.31
9:32:59.250000,33.31
9:32:59.500000,33.31
9:32:59.750000,33.31
9:33:00,33.34
9:33:00.250000,33.34
9:33:00.500000,33.34
9:33:00.750000,33.34
9:33:01,33.34
9:33:01.250000,33.34
9:33:01.500000,33.34
9:33:01.750000,33.34
9:33:02,33.34
9:33:02.250000,33.34
9:33:02.500000,33.34
9:33:02.750000,33.34
9:33:03,33.34
9:33:03.250000,33.34
9:33:03.500000,33.34
9:33:03.750000,33.34
9:33:04,33.34
9:33:04.250000,33.34
9:33:04.500000,33.34
9:33:04.750000,33.34
9:33:05,33.33
9:33:05.250000,33.33
9:33:05.500000,33.33
9:33:05.750000,33.33
9:33:06,33.34
9:33:06.250000,33.34
9:33:06.500000,33.34
9:33:06.750000,33.34
9:33:07,33.37
9:33:07.250000,33.37
9:33:07.500000,33.37
9:33:07.750000,33.37
9:33:08,33.34
9:33:08.250000,33.34
9:33:08.500000,33.34
9:33:08.750000,33.34
9:33:09,33.34
9:33:09.250000,33.34
9:33:09.500000,33.34
9:33:09.750000,33.34
9:33:10,33.33
9:33:10.250000,33.33
9:33:10.500000,33.33
9:33:10.750000,33.33
9:33:11,33.34
9:33:11.250000,33.34
9:33:11.500000,33.34
9:33:11.750000,33.34
9:33:12,33.34
9:33:12.250000,33.34
9:33:12.500000,33.34
9:33:12.750000,33.34
9:33:13,33.34
9:33:13.250000,33.34
9:33:13.500000,33.34
9:33:13.750000,33.34
9:33:14,33.34
9:33:14.250000,33.34
9:33:14.500000,33.34
9:33:14.750000,33.34
9:33:15,33.34
9:33:15.250000,33.34
9:33:15.500000,33.34
9:33:15.750000,33.34
9:33:16,33.33
9:33:16.250000,33.33
9:33:16.500000,33.33
9:33:16.750000,33.33
9:33:17,33.33
9:33:17.250000,33.33
9:33:17.500000,33.33
9:33:17.750000,33.33
9:33:18,33.33
9:33:18.250000,33.33
9:33:18.500000,33.33
9:33:18.750000,33.33
9:33:19,33.33
9:33:19.250000,33.33
9:33:19.500000,33.33
9:33:19.750000,33.33
9:33:20,33.33
9:33:20.250000,33.33
9:33:20.500000,33.33
9:33:20.750000,33.33
9:33:21,33.33
9:33:21.250000,33.33
9:33:21.500000,33.33
9:33:21.750000,33.33
9:33:22,33.34
9:33:22.250000,33.34
9:33:22.500000,33.34
9:33:22.750000,33.34
9:33:23,33.33
9:33:23.250000,33.33
9:33:23.500000,33.33
9:33:23.750000,33.33
9:33:24,33.33
9:33:24.250000,33.33
9:33:24.500000,33.33
9:33:24.750000,33.33
9:33:25,33.34
9:33:25.250000,33.34
9:33:25.500000,33.34
9:33:25.750000,33.34
9:33:26,33.33
9:33:26.250000,33.33
9:33:26.500000,33.33
9:33:26.750000,33.33
9:33:27,33.33
9:33:27.250000,33.33
9:33:27.500000,33.33
9:33:27.750000,33.33
9:33:28,33.34
9:33:28.250000,33.34
9:33:28.500000,33.34
9:33:28.750000,33.34
9:33:29,33.34
9:33:29.250000,33.34
9:33:29.500000,33.34
9:33:29.750000,33.34
9:33:30,33.33
9:33:30.250000,33.33
9:33:30.500000,33.33
9:33:30.750000,33.33
9:33:31,33.31
9:33:31.250000,33.31
9:33:31.500000,33.31
9:33:31.750000,33.31
9:33:32,33.31
9:33:32.250000,33.31
9:33:32.500000,33.31
9:33:32.750000,33.31
9:33:33,33.31
9:33:33.250000,33.31
9:33:33.500000,33.31
9:33:33.750000,33.31
9:33:34,33.31
9:33:34.250000,33.31
9:33:34.500000,33.31
9:33:34.750000,33.31
9:33:35,33.31
9:33:35.250000,33.31
9:33:35.500000,33.31
9:33:35.750000,33.31
9:33:36,33.33
9:33:36.250000,33.33
9:33:36.500000,33.33
9:33:36.750000,33.33
9:33:37,33.31
9:33:37.250000,33.31
9:33:37.500000,33.31
9:33:37.750000,33.31
9:33:38,33.33
9:33:38.250000,33.33
9:33:38.500000,33.33
9:33:38.750000,33.33
9:33:39,33.33
9:33:39.250000,33.33
9:33:39.500000,33.33
9:33:39.750000,33.33
9:33:40,33.31
9:33:40.250000,33.31
9:33:40.500000,33.31
9:33:40.750000,33.31
9:33:41,33.31
9:33:41.250000,33.31
9:33:41.500000,33.31
9:33:41.750000,33.31
9:33:42,33.31
9:33:42.250000,33.31
9:33:42.500000,33.31
9:33:42.750000,33.31
9:33:43,33.33
9:33:43.250000,33.33
9:33:43.500000,33.33
9:33:43.750000,33.33
9:33:44,33.29
9:33:44.250000,33.29
9:33:44.500000,33.29
9:33:44.750000,33.29
9:33:45,33.31
9:33:45.250000,33.31
9:33:45.500000,33.31
9:33:45.750000,33.31
9:33:46,33.31
9:33:46.250000,33.31
9:33:46.500000,33.31
9:33:46.750000,33.31
9:33:47,33.29
9:33:47.250000,33.29
9:33:47.500000,33.29
9:33:47.750000,33.29
9:33:48,33.29
9:33:48.250000,33.29
9:33:48.500000,33.29
9:33:48.750000,33.29
9:33:49,33.29
9:33:49.250000,33.29
9:33:49.500000,33.29
9:33:49.750000,33.29
9:33:50,33.27
9:33:50.250000,33.27
9:33:50.500000,33.27
9:33:50.750000,33.27
9:33:51,33.31
9:33:51.250000,33.31
9:33:51.500000,33.31
9:33:51.750000,33.31
9:33:52,33.29
9:33:52.250000,33.29
9:33:52.500000,33.29
9:33:52.750000,33.29
9:33:53,33.29
9:33:53.250000,33.29
9:33:53.500000,33.29
9:33:53.750000,33.29
9:33:54,33.27
9:33:54.250000,33.27
9:33:54.500000,33.27
9:33:54.750000,33.27
9:33:55,33.29
9:33:55.250000,33.29
9:33:55.500000,33.29
9:33:55.750000,33.29
9:33:56,33.27
9:33:56.250000,33.27
9:33:56.500000,33.27
9:33:56.750000,33.27
9:33:57,33.27
9:33:57.250000,33.27
9:33:57.500000,33.27
9:33:57.750000,33.27
9:33:58,33.27
9:33:58.250000,33.27
9:33:58.500000,33.27
9:33:58.750000,33.27
9:33:59,33.27
9:33:59.250000,33.27
9:33:59.500000,33.27
9:33:59.750000,33.27
9:34:00,33.31
9:34:00.250000,33.31
9:34:00.500000,33.31
9:34:00.750000,33.31
9:34:01,33.31
9:34:01.250000,33.31
9:34:01.500000,33.31
9:34:01.750000,33.31
9:34:02,33.29
9:34:02.250000,33.29
9:34:02.500000,33.29
9:34:02.750000,33.29
9:34:03,33.29
9:34:03.250000,33.29
9:34:03.500000,33.29
9:34:03.750000,33.29
9:34:04,33.31
9:34:04.250000,33.31
9:34:04.500000,33.31
9:34:04.750000,33.31
9:34:05,33.31
9:34:05.250000,33.31
9:34:05.500000,33.31
9:34:05.750000,33.31
9:34:06,33.31
9:34:06.250000,33.31
9:34:06.500000,33.31
9:34:06.750000,33.31
9:34:07,33.33
9:34:07.250000,33.33
9:34:07.500000,33.33
9:34:07.750000,33.33
9:34:08,33.29
9:34:08.250000,33.29
9:34:08.500000,33.29
9:34:08.750000,33.29
9:34:09,33.29
9:34:09.250000,33.29
9:34:09.500000,33.29
9:34:09.750000,33.29
9:34:10,33.31
9:34:10.250000,33.31
9:34:10.500000,33.31
9:34:10.750000,33.31
9:34:11,33.29
9:34:11.250000,33.29
9:34:11.500000,33.29
9:34:11.750000,33.29
9:34:12,33.31
9:34:12.250000,33.31
9:34:12.500000,33.31
9:34:12.750000,33.31
9:34:13,33.29
9:34:13.250000,33.29
9:34:13.500000,33.29
9:34:13.750000,33.29
9:34:14,33.29
9:34:14.250000,33.29
9:34:14.500000,33.29
9:34:14.750000,33.29
9:34:15,33.29
9:34:15.250000,33.29
9:34:15.500000,33.29
9:34:15.750000,33.29
9:34:16,33.29
9:34:16.250000,33.29
9:34:16.500000,33.29
9:34:16.750000,33.29
9:34:17,33.31
9:34:17.250000,33.31
9:34:17.500000,33.31
9:34:17.750000,33.31
9:34:18,33.31
9:34:18.250000,33.31
9:34:18.500000,33.31
9:34:18.750000,33.31
9:34:19,33.31
9:34:19.250000,33.31
9:34:19.500000,33.31
9:34:19.750000,33.31
9:34:20,33.31
9:34:20.250000,33.31
9:34:20.500000,33.31
9:34:20.750000,33.31
9:34:21,33.29
9:34:21.250000,33.29
9:34:21.500000,33.29
9:34:21.750000,33.29
9:34:22,33.31
9:34:22.250000,33.31
9:34:22.500000,33.31
9:34:22.750000,33.31
9:34:23,33.31
9:34:23.250000,33.31
9:34:23.500000,33.31
9:34:23.750000,33.31
9:34:24,33.33
9:34:24.250000,33.33
9:34:24.500000,33.33
9:34:24.750000,33.33
9:34:25,33.31
9:34:25.250000,33.31
9:34:25.500000,33.31
9:34:25.750000,33.31
9:34:26,33.31
9:34:26.250000,33.31
9:34:26.500000,33.31
9:34:26.750000,33.31
9:34:27,33.31
9:34:27.250000,33.31
9:34:27.500000,33.31
9:34:27.750000,33.31
9:34:28,33.31
9:34:28.250000,33.31
9:34:28.500000,33.31
9:34:28.750000,33.31
9:34:29,33.31
9:34:29.250000,33.31
9:34:29.500000,33.31
9:34:29.750000,33.31
9:34:30,33.31
9:34:30.250000,33.31
9:34:30.500000,33.31
9:34:30.750000,33.31
9:34:31,33.29
9:34:31.250000,33.29
9:34:31.500000,33.29
9:34:31.750000,33.29
9:34:32,33.31
9:34:32.250000,33.31
9:34:32.500000,33.31
9:34:32.750000,33.31
9:34:33,33.31
9:34:33.250000,33.31
9:34:33.500000,33.31
9:34:33.750000,33.31
9:34:34,33.31
9:34:34.250000,33.31
9:34:34.500000,33.31
9:34:34.750000,33.31
9:34:35,33.31
9:34:35.250000,33.31
9:34:35.500000,33.31
9:34:35.750000,33.31
9:34:36,33.31
9:34:36.250000,33.31
9:34:36.500000,33.31
9:34:36.750000,33.31
9:34:37,33.31
9:34:37.250000,33.31
9:34:37.500000,33.31
9:34:37.750000,33.31
9:34:38,33.31
9:34:38.250000,33.31
9:34:38.500000,33.31
9:34:38.750000,33.31
9:34:39,33.31
9:34:39.250000,33.31
9:34:39.500000,33.31
9:34:39.750000,33.31
9:34:40,33.29
9:34:40.250000,33.29
9:34:40.500000,33.29
9:34:40.750000,33.29
9:34:41,33.27
9:34:41.250000,33.27
9:34:41.500000,33.27
9:34:41.750000,33.27
9:34:42,33.29
9:34:42.250000,33.29
9:34:42.500000,33.29
9:34:42.750000,33.29
9:34:43,33.29
9:34:43.250000,33.29
9:34:43.500000,33.29
9:34:43.750000,33.29
9:34:44,33.29
9:34:44.250000,33.29
9:34:44.500000,33.29
9:34:44.750000,33.29
9:34:45,33.29
9:34:45.250000,33.29
9:34:45.500000,33.29
9:34:45.750000,33.29
9:34:46,33.29
9:34:46.250000,33.29
9:34:46.500000,33.29
9:34:46.750000,33.29
9:34:47,33.27
9:34:47.250000,33.27
9:34:47.500000,33.27
9:34:47.750000,33.27
9:34:48,33.27
9:34:48.250000,33.27
9:34:48.500000,33.27
9:34:48.750000,33.27
9:34:49,33.27
9:34:49.250000,33.27
9:34:49.500000,33.27
9:34:49.750000,33.27
9:34:50,33.29
9:34:50.250000,33.29
9:34:50.500000,33.29
9:34:50.750000,33.29
9:34:51,33.27
9:34:51.250000,33.27
9:34:51.500000,33.27
9:34:51.750000,33.27
9:34:52,33.29
9:34:52.250000,33.29
9:34:52.500000,33.29
9:34:52.750000,33.29
9:34:53,33.29
9:34:53.250000,33.29
9:34:53.500000,33.29
9:34:53.750000,33.29
9:34:54,33.29
9:34:54.250000,33.29
9:34:54.500000,33.29
9:34:54.750000,33.29
9:34:55,33.29
9:34:55.250000,33.29
9:34:55.500000,33.29
9:34:55.750000,33.29
9:34:56,33.27
9:34:56.250000,33.27
9:34:56.500000,33.27
9:34:56.750000,33.27
9:34:57,33.27
9:34:57.250000,33.27
9:34:57.500000,33.27
9:34:57.750000,33.27
9:34:58,33.27
9:34:58.250000,33.27
9:34:58.500000,33.27
9:34:58.750000,33.27
9:34:59,33.29
9:34:59.250000,33.29
9:34:59.500000,33.29
9:34:59.750000,33.29
9:35:00,33.27
9:35:00.250000,33.27
9:35:00.500000,33.27
9:35:00.750000,33.27
9:35:01,33.27
9:35:01.250000,33.27
9:35:01.500000,33.27
9:35:01.750000,33.27
9:35:02,33.25
9:35:02.250000,33.25
9:35:02.500000,33.25
9:35:02.750000,33.25
9:35:03,33.25
9:35:03.250000,33.25
9:35:03.500000,33.25
9:35:03.750000,33.25
9:35:04,33.27
9:35:04.250000,33.27
9:35:04.500000,33.27
9:35:04.750000,33.27
9:35:05,33.25
9:35:05.250000,33.25
9:35:05.500000,33.25
9:35:05.750000,33.25
9:35:06,33.25
9:35:06.250000,33.25
9:35:06.500000,33.25
9:35:06.750000,33.25
9:35:07,33.25
9:35:07.250000,33.25
9:35:07.500000,33.25
9:35:07.750000,33.25
9:35:08,33.29
9:35:08.250000,33.29
9:35:08.500000,33.29
9:35:08.750000,33.29
9:35:09,33.25
9:35:09.250000,33.25
9:35:09.500000,33.25
9:35:09.750000,33.25
9:35:10,33.27
9:35:10.250000,33.27
9:35:10.500000,33.27
9:35:10.750000,33.27
9:35:11,33.25
9:35:11.250000,33.25
9:35:11.500000,33.25
9:35:11.750000,33.25
9:35:12,33.23
9:35:12.250000,33.23
9:35:12.500000,33.23
9:35:12.750000,33.23
9:35:13,33.23
9:35:13.250000,33.23
9:35:13.500000,33.23
9:35:13.750000,33.23
9:35:14,33.25
9:35:14.250000,33.25
9:35:14.500000,33.25
9:35:14.750000,33.25
9:35:15,33.25
9:35:15.250000,33.25
9:35:15.500000,33.25
9:35:15.750000,33.25
9:35:16,33.25
9:35:16.250000,33.25
9:35:16.500000,33.25
9:35:16.750000,33.25
9:35:17,33.25
9:35:17.250000,33.25
9:35:17.500000,33.25
9:35:17.750000,33.25
9:35:18,33.25
9:35:18.250000,33.25
9:35:18.500000,33.25
9:35:18.750000,33.25
9:35:19,33.27
9:35:19.250000,33.27
9:35:19.500000,33.27
9:35:19.750000,33.27
9:35:20,33.25
9:35:20.250000,33.25
9:35:20.500000,33.25
9:35:20.750000,33.25
9:35:21,33.27
9:35:21.250000,33.27
9:35:21.500000,33.27
9:35:21.750000,33.27
9:35:22,33.27
9:35:22.250000,33.27
9:35:22.500000,33.27
9:35:22.750000,33.27
9:35:23,33.25
9:35:23.250000,33.25
9:35:23.500000,33.25
9:35:23.750000,33.25
9:35:24,33.27
9:35:24.250000,33.27
9:35:24.500000,33.27
9:35:24.750000,33.27
9:35:25,33.25
9:35:25.250000,33.25
9:35:25.500000,33.25
9:35:25.750000,33.25
9:35:26,33.27
9:35:26.250000,33.27
9:35:26.500000,33.27
9:35:26.750000,33.27
9:35:27,33.25
9:35:27.250000,33.25
9:35:27.500000,33.25
9:35:27.750000,33.25
9:35:28,33.25
9:35:28.250000,33.25
9:35:28.500000,33.25
9:35:28.750000,33.25
9:35:29,33.27
9:35:29.250000,33.27
9:35:29.500000,33.27
9:35:29.750000,33.27
9:35:30,33.27
9:35:30.250000,33.27
9:35:30.500000,33.27
9:35:30.750000,33.27
9:35:31,33.25
9:35:31.250000,33.25
9:35:31.500000,33.25
9:35:31.750000,33.25
9:35:32,33.23
9:35:32.250000,33.23
9:35:32.500000,33.23
9:35:32.750000,33.23
9:35:33,33.25
9:35:33.250000,33.25
9:35:33.500000,33.25
9:35:33.750000,33.25
9:35:34,33.29
9:35:34.250000,33.29
9:35:34.500000,33.29
9:35:34.750000,33.29
9:35:35,33.25
9:35:35.250000,33.25
9:35:35.500000,33.25
9:35:35.750000,33.25
9:35:36,33.29
9:35:36.250000,33.29
9:35:36.500000,33.29
9:35:36.750000,33.29
9:35:37,33.25
9:35:37.250000,33.25
9:35:37.500000,33.25
9:35:37.750000,33.25
9:35:38,33.27
9:35:38.250000,33.27
9:35:38.500000,33.27
9:35:38.750000,33.27
9:35:39,33.25
9:35:39.250000,33.25
9:35:39.500000,33.25
9:35:39.750000,33.25
9:35:40,33.27
9:35:40.250000,33.27
9:35:40.500000,33.27
9:35:40.750000,33.27
9:35:41,33.25
9:35:41.250000,33.25
9:35:41.500000,33.25
9:35:41.750000,33.25
9:35:42,33.25
9:35:42.250000,33.25
9:35:42.500000,33.25
9:35:42.750000,33.25
9:35:43,33.25
9:35:43.250000,33.25
9:35:43.500000,33.25
9:35:43.750000,33.25
9:35:44,33.27
9:35:44.250000,33.27
9:35:44.500000,33.27
9:35:44.750000,33.27
9:35:45,33.27
9:35:45.250000,33.27
9:35:45.500000,33.27
9:35:45.750000,33.27
9:35:46,33.25
9:35:46.250000,33.25
9:35:46.500000,33.25
9:35:46.750000,33.25
9:35:47,33.25
9:35:47.250000,33.25
9:35:47.500000,33.25
9:35:47.750000,33.25
9:35:48,33.27
9:35:48.250000,33.27
9:35:48.500000,33.27
9:35:48.750000,33.27
9:35:49,33.27
9:35:49.250000,33.27
9:35:49.500000,33.27
9:35:49.750000,33.27
9:35:50,33.25
9:35:50.250000,33.25
9:35:50.500000,33.25
9:35:50.750000,33.25
9:35:51,33.29
9:35:51.250000,33.29
9:35:51.500000,33.29
9:35:51.750000,33.29
9:35:52,33.27
9:35:52.250000,33.27
9:35:52.500000,33.27
9:35:52.750000,33.27
9:35:53,33.29
9:35:53.250000,33.29
9:35:53.500000,33.29
9:35:53.750000,33.29
9:35:54,33.27
9:35:54.250000,33.27
9:35:54.500000,33.27
9:35:54.750000,33.27
9:35:55,33.29
9:35:55.250000,33.29
9:35:55.500000,33.29
9:35:55.750000,33.29
9:35:56,33.27
9:35:56.250000,33.27
9:35:56.500000,33.27
9:35:56.750000,33.27
9:35:57,33.25
9:35:57.250000,33.25
9:35:57.500000,33.25
9:35:57.750000,33.25
9:35:58,33.27
9:35:58.250000,33.27
9:35:58.500000,33.27
9:35:58.750000,33.27
9:35:59,33.29
9:35:59.250000,33.29
9:35:59.500000,33.29
9:35:59.750000,33.29
9:36:00,33.27
9:36:00.250000,33.27
9:36:00.500000,33.27
9:36:00.750000,33.27
9:36:01,33.25
9:36:01.250000,33.25
9:36:01.500000,33.25
9:36:01.750000,33.25
9:36:02,33.25
9:36:02.250000,33.25
9:36:02.500000,33.25
9:36:02.750000,33.25
9:36:03,33.25
9:36:03.250000,33.25
9:36:03.500000,33.25
9:36:03.750000,33.25
9:36:04,33.25
9:36:04.250000,33.25
9:36:04.500000,33.25
9:36:04.750000,33.25
9:36:05,33.27
9:36:05.250000,33.27
9:36:05.500000,33.27
9:36:05.750000,33.27
9:36:06,33.25
9:36:06.250000,33.25
9:36:06.500000,33.25
9:36:06.750000,33.25
9:36:07,33.23
9:36:07.250000,33.23
9:36:07.500000,33.23
9:36:07.750000,33.23
9:36:08,33.25
9:36:08.250000,33.25
9:36:08.500000,33.25
9:36:08.750000,33.25
9:36:09,33.25
9:36:09.250000,33.25
9:36:09.500000,33.25
9:36:09.750000,33.25
9:36:10,33.25
9:36:10.250000,33.25
9:36:10.500000,33.25
9:36:10.750000,33.25
9:36:11,33.25
9:36:11.250000,33.25
9:36:11.500000,33.25
9:36:11.750000,33.25
9:36:12,33.25
9:36:12.250000,33.25
9:36:12.500000,33.25
9:36:12.750000,33.25
9:36:13,33.25
9:36:13.250000,33.25
9:36:13.500000,33.25
9:36:13.750000,33.25
9:36:14,33.25
9:36:14.250000,33.25
9:36:14.500000,33.25
9:36:14.750000,33.25
9:36:15,33.25
9:36:15.250000,33.25
9:36:15.500000,33.25
9:36:15.750000,33.25
9:36:16,33.25
9:36:16.250000,33.25
9:36:16.500000,33.25
9:36:16.750000,33.25
9:36:17,33.25
9:36:17.250000,33.25
9:36:17.500000,33.25
9:36:17.750000,33.25
9:36:18,33.25
9:36:18.250000,33.25
9:36:18.500000,33.25
9:36:18.750000,33.25
9:36:19,33.23
9:36:19.250000,33.23
9:36:19.500000,33.23
9:36:19.750000,33.23
9:36:20,33.25
9:36:20.250000,33.25
9:36:20.500000,33.25
9:36:20.750000,33.25
9:36:21,33.27
9:36:21.250000,33.27
9:36:21.500000,33.27
9:36:21.750000,33.27
9:36:22,33.21
9:36:22.250000,33.21
9:36:22.500000,33.21
9:36:22.750000,33.21
9:36:23,33.25
9:36:23.250000,33.25
9:36:23.500000,33.25
9:36:23.750000,33.25
9:36:24,33.23
9:36:24.250000,33.23
9:36:24.500000,33.23
9:36:24.750000,33.23
9:36:25,33.25
9:36:25.250000,33.25
9:36:25.500000,33.25
9:36:25.750000,33.25
9:36:26,33.25
9:36:26.250000,33.25
9:36:26.500000,33.25
9:36:26.750000,33.25
9:36:27,33.25
9:36:27.250000,33.25
9:36:27.500000,33.25
9:36:27.750000,33.25
9:36:28,33.25
9:36:28.250000,33.25
9:36:28.500000,33.25
9:36:28.750000,33.25
9:36:29,33.21
9:36:29.250000,33.21
9:36:29.500000,33.21
9:36:29.750000,33.21
9:36:30,33.23
9:36:30.250000,33.23
9:36:30.500000,33.23
9:36:30.750000,33.23
9:36:31,33.21
9:36:31.250000,33.21
9:36:31.500000,33.21
9:36:31.750000,33.21
9:36:32,33.23
9:36:32.250000,33.23
9:36:32.500000,33.23
9:36:32.750000,33.23
9:36:33,33.21
9:36:33.250000,33.21
9:36:33.500000,33.21
9:36:33.750000,33.21
9:36:34,33.23
9:36:34.250000,33.23
9:36:34.500000,33.23
9:36:34.750000,33.23
9:36:35,33.23
9:36:35.250000,33.23
9:36:35.500000,33.23
9:36:35.750000,33.23
9:36:36,33.21
9:36:36.250000,33.21
9:36:36.500000,33.21
9:36:36.750000,33.21
9:36:37,33.21
9:36:37.250000,33.21
9:36:37.500000,33.21
9:36:37.750000,33.21
9:36:38,33.23
9:36:38.250000,33.23
9:36:38.500000,33.23
9:36:38.750000,33.23
9:36:39,33.21
9:36:39.250000,33.21
9:36:39.500000,33.21
9:36:39.750000,33.21
9:36:40,33.21
9:36:40.250000,33.21
9:36:40.500000,33.21
9:36:40.750000,33.21
9:36:41,33.21
9:36:41.250000,33.21
9:36:41.500000,33.21
9:36:41.750000,33.21
9:36:42,33.21
9:36:42.250000,33.21
9:36:42.500000,33.21
9:36:42.750000,33.21
9:36:43,33.23
9:36:43.250000,33.23
9:36:43.500000,33.23
9:36:43.750000,33.23
9:36:44,33.21
9:36:44.250000,33.21
9:36:44.500000,33.21
9:36:44.750000,33.21
9:36:45,33.18
9:36:45.250000,33.18
9:36:45.500000,33.18
9:36:45.750000,33.18
9:36:46,33.18
9:36:46.250000,33.18
9:36:46.500000,33.18
9:36:46.750000,33.18
9:36:47,33.21
9:36:47.250000,33.21
9:36:47.500000,33.21
9:36:47.750000,33.21
9:36:48,33.21
9:36:48.250000,33.21
9:36:48.500000,33.21
9:36:48.750000,33.21
9:36:49,33.21
9:36:49.250000,33.21
9:36:49.500000,33.21
9:36:49.750000,33.21
9:36:50,33.18
9:36:50.250000,33.18
9:36:50.500000,33.18
9:36:50.750000,33.18
9:36:51,33.23
9:36:51.250000,33.23
9:36:51.500000,33.23
9:36:51.750000,33.23
9:36:52,33.21
9:36:52.250000,33.21
9:36:52.500000,33.21
9:36:52.750000,33.21
9:36:53,33.21
9:36:53.250000,33.21
9:36:53.500000,33.21
9:36:53.750000,33.21
9:36:54,33.21
9:36:54.250000,33.21
9:36:54.500000,33.21
9:36:54.750000,33.21
9:36:55,33.21
9:36:55.250000,33.21
9:36:55.500000,33.21
9:36:55.750000,33.21
9:36:56,33.21
9:36:56.250000,33.21
9:36:56.500000,33.21
9:36:56.750000,33.21
9:36:57,33.21
9:36:57.250000,33.21
9:36:57.500000,33.21
9:36:57.750000,33.21
9:36:58,33.21
9:36:58.250000,33.21
9:36:58.500000,33.21
9:36:58.750000,33.21
9:36:59,33.25
9:36:59.250000,33.25
9:36:59.500000,33.25
9:36:59.750000,33.25
9:37:00,33.25
9:37:00.250000,33.25
9:37:00.500000,33.25
9:37:00.750000,33.25
9:37:01,33.18
9:37:01.250000,33.18
9:37:01.500000,33.18
9:37:01.750000,33.18
9:37:02,33.18
9:37:02.250000,33.18
9:37:02.500000,33.18
9:37:02.750000,33.18
9:37:03,33.23
9:37:03.250000,33.23
9:37:03.500000,33.23
9:37:03.750000,33.23
9:37:04,33.21
9:37:04.250000,33.21
9:37:04.500000,33.21
9:37:04.750000,33.21
9:37:05,33.21
9:37:05.250000,33.21
9:37:05.500000,33.21
9:37:05.750000,33.21
9:37:06,33.21
9:37:06.250000,33.21
9:37:06.500000,33.21
9:37:06.750000,33.21
9:37:07,33.21
9:37:07.250000,33.21
9:37:07.500000,33.21
9:37:07.750000,33.21
9:37:08,33.21
9:37:08.250000,33.21
9:37:08.500000,33.21
9:37:08.750000,33.21
9:37:09,33.21
9:37:09.250000,33.21
9:37:09.500000,33.21
9:37:09.750000,33.21
9:37:10,33.21
9:37:10.250000,33.21
9:37:10.500000,33.21
9:37:10.750000,33.21
9:37:11,33.21
9:37:11.250000,33.21
9:37:11.500000,33.21
9:37:11.750000,33.21
9:37:12,33.21
9:37:12.250000,33.21
9:37:12.500000,33.21
9:37:12.750000,33.21
9:37:13,33.23
9:37:13.250000,33.23
9:37:13.500000,33.23
9:37:13.750000,33.23
9:37:14,33.23
9:37:14.250000,33.23
9:37:14.500000,33.23
9:37:14.750000,33.23
9:37:15,33.23
9:37:15.250000,33.23
9:37:15.500000,33.23
9:37:15.750000,33.23
9:37:16,33.23
9:37:16.250000,33.23
9:37:16.500000,33.23
9:37:16.750000,33.23
9:37:17,33.23
9:37:17.250000,33.23
9:37:17.500000,33.23
9:37:17.750000,33.23
9:37:18,33.25
9:37:18.250000,33.25
9:37:18.500000,33.25
9:37:18.750000,33.25
9:37:19,33.25
9:37:19.250000,33.25
9:37:19.500000,33.25
9:37:19.750000,33.25
9:37:20,33.23
9:37:20.250000,33.23
9:37:20.500000,33.23
9:37:20.750000,33.23
9:37:21,33.23
9:37:21.250000,33.23
9:37:21.500000,33.23
9:37:21.750000,33.23
9:37:22,33.23
9:37:22.250000,33.23
9:37:22.500000,33.23
9:37:22.750000,33.23
9:37:23,33.21
9:37:23.250000,33.21
9:37:23.500000,33.21
9:37:23.750000,33.21
9:37:24,33.23
9:37:24.250000,33.23
9:37:24.500000,33.23
9:37:24.750000,33.23
9:37:25,33.23
9:37:25.250000,33.23
9:37:25.500000,33.23
9:37:25.750000,33.23
9:37:26,33.23
9:37:26.250000,33.23
9:37:26.500000,33.23
9:37:26.750000,33.23
9:37:27,33.23
9:37:27.250000,33.23
9:37:27.500000,33.23
9:37:27.750000,33.23
9:37:28,33.27
9:37:28.250000,33.27
9:37:28.500000,33.27
9:37:28.750000,33.27
9:37:29,33.25
9:37:29.250000,33.25
9:37:29.500000,33.25
9:37:29.750000,33.25
9:37:30,33.25
9:37:30.250000,33.25
9:37:30.500000,33.25
9:37:30.750000,33.25
9:37:31,33.27
9:37:31.250000,33.27
9:37:31.500000,33.27
9:37:31.750000,33.27
9:37:32,33.23
9:37:32.250000,33.23
9:37:32.500000,33.23
9:37:32.750000,33.23
9:37:33,33.23
9:37:33.250000,33.23
9:37:33.500000,33.23
9:37:33.750000,33.23
9:37:34,33.23
9:37:34.250000,33.23
9:37:34.500000,33.23
9:37:34.750000,33.23
9:37:35,33.25
9:37:35.250000,33.25
9:37:35.500000,33.25
9:37:35.750000,33.25
9:37:36,33.25
9:37:36.250000,33.25
9:37:36.500000,33.25
9:37:36.750000,33.25
9:37:37,33.23
9:37:37.250000,33.23
9:37:37.500000,33.23
9:37:37.750000,33.23
9:37:38,33.23
9:37:38.250000,33.23
9:37:38.500000,33.23
9:37:38.750000,33.23
9:37:39,33.23
9:37:39.250000,33.23
9:37:39.500000,33.23
9:37:39.750000,33.23
9:37:40,33.25
9:37:40.250000,33.25
9:37:40.500000,33.25
9:37:40.750000,33.25
9:37:41,33.25
9:37:41.250000,33.25
9:37:41.500000,33.25
9:37:41.750000,33.25
9:37:42,33.25
9:37:42.250000,33.25
9:37:42.500000,33.25
9:37:42.750000,33.25
9:37:43,33.25
9:37:43.250000,33.25
9:37:43.500000,33.25
9:37:43.750000,33.25
9:37:44,33.25
9:37:44.250000,33.25
9:37:44.500000,33.25
9:37:44.750000,33.25
9:37:45,33.25
9:37:45.250000,33.25
9:37:45.500000,33.25
9:37:45.750000,33.25
9:37:46,33.25
9:37:46.250000,33.25
9:37:46.500000,33.25
9:37:46.750000,33.25
9:37:47,33.25
9:37:47.250000,33.25
9:37:47.500000,33.25
9:37:47.750000,33.25
9:37:48,33.27
9:37:48.250000,33.27
9:37:48.500000,33.27
9:37:48.750000,33.27
9:37:49,33.25
9:37:49.250000,33.25
9:37:49.500000,33.25
9:37:49.750000,33.25
9:37:50,33.27
9:37:50.250000,33.27
9:37:50.500000,33.27
9:37:50.750000,33.27
9:37:51,33.25
9:37:51.250000,33.25
9:37:51.500000,33.25
9:37:51.750000,33.25
9:37:52,33.25
9:37:52.250000,33.25
9:37:52.500000,33.25
9:37:52.750000,33.25
9:37:53,33.25
9:37:53.250000,33.25
9:37:53.500000,33.25
9:37:53.750000,33.25
9:37:54,33.23
9:37:54.250000,33.23
9:37:54.500000,33.23
9:37:54.750000,33.23
9:37:55,33.25
9:37:55.250000,33.25
9:37:55.500000,33.25
9:37:55.750000,33.25
9:37:56,33.25
9:37:56.250000,33.25
9:37:56.500000,33.25
9:37:56.750000,33.25
9:37:57,33.25
9:37:57.250000,33.25
9:37:57.500000,33.25
9:37:57.750000,33.25
9:37:58,33.27
9:37:58.250000,33.27
9:37:58.500000,33.27
9:37:58.750000,33.27
9:37:59,33.27
9:37:59.250000,33.27
9:37:59.500000,33.27
9:37:59.750000,33.27
9:38:00,33.27
9:38:00.250000,33.27
9:38:00.500000,33.27
9:38:00.750000,33.27
9:38:01,33.25
9:38:01.250000,33.25
9:38:01.500000,33.25
9:38:01.750000,33.25
9:38:02,33.25
9:38:02.250000,33.25
9:38:02.500000,33.25
9:38:02.750000,33.25
9:38:03,33.27
9:38:03.250000,33.27
9:38:03.500000,33.27
9:38:03.750000,33.27
9:38:04,33.27
9:38:04.250000,33.27
9:38:04.500000,33.27
9:38:04.750000,33.27
9:38:05,33.25
9:38:05.250000,33.25
9:38:05.500000,33.25
9:38:05.750000,33.25
9:38:06,33.25
9:38:06.250000,33.25
9:38:06.500000,33.25
9:38:06.750000,33.25
9:38:07,33.27
9:38:07.250000,33.27
9:38:07.500000,33.27
9:38:07.750000,33.27
9:38:08,33.25
9:38:08.250000,33.25
9:38:08.500000,33.25
9:38:08.750000,33.25
9:38:09,33.27
9:38:09.250000,33.27
9:38:09.500000,33.27
9:38:09.750000,33.27
9:38:10,33.25
9:38:10.250000,33.25
9:38:10.500000,33.25
9:38:10.750000,33.25
9:38:11,33.25
9:38:11.250000,33.25
9:38:11.500000,33.25
9:38:11.750000,33.25
9:38:12,33.27
9:38:12.250000,33.27
9:38:12.500000,33.27
9:38:12.750000,33.27
9:38:13,33.23
9:38:13.250000,33.23
9:38:13.500000,33.23
9:38:13.750000,33.23
9:38:14,33.25
9:38:14.250000,33.25
9:38:14.500000,33.25
9:38:14.750000,33.25
9:38:15,33.27
9:38:15.250000,33.27
9:38:15.500000,33.27
9:38:15.750000,33.27
9:38:16,33.25
9:38:16.250000,33.25
9:38:16.500000,33.25
9:38:16.750000,33.25
9:38:17,33.25
9:38:17.250000,33.25
9:38:17.500000,33.25
9:38:17.750000,33.25
9:38:18,33.25
9:38:18.250000,33.25
9:38:18.500000,33.25
9:38:18.750000,33.25
9:38:19,33.27
9:38:19.250000,33.27
9:38:19.500000,33.27
9:38:19.750000,33.27
9:38:20,33.25
9:38:20.250000,33.25
9:38:20.500000,33.25
9:38:20.750000,33.25
9:38:21,33.27
9:38:21.250000,33.27
9:38:21.500000,33.27
9:38:21.750000,33.27
9:38:22,33.29
9:38:22.250000,33.29
9:38:22.500000,33.29
9:38:22.750000,33.29
9:38:23,33.29
9:38:23.250000,33.29
9:38:23.500000,33.29
9:38:23.750000,33.29
9:38:24,33.27
9:38:24.250000,33.27
9:38:24.500000,33.27
9:38:24.750000,33.27
9:38:25,33.27
9:38:25.250000,33.27
9:38:25.500000,33.27
9:38:25.750000,33.27
9:38:26,33.27
9:38:26.250000,33.27
9:38:26.500000,33.27
9:38:26.750000,33.27
9:38:27,33.29
9:38:27.250000,33.29
9:38:27.500000,33.29
9:38:27.750000,33.29
9:38:28,33.27
9:38:28.250000,33.27
9:38:28.500000,33.27
9:38:28.750000,33.27
9:38:29,33.27
9:38:29.250000,33.27
9:38:29.500000,33.27
9:38:29.750000,33.27
9:38:30,33.29
9:38:30.250000,33.29
9:38:30.500000,33.29
9:38:30.750000,33.29
9:38:31,33.31
9:38:31.250000,33.31
9:38:31.500000,33.31
9:38:31.750000,33.31
9:38:32,33.31
9:38:32.250000,33.31
9:38:32.500000,33.31
9:38:32.750000,33.31
9:38:33,33.29
9:38:33.250000,33.29
9:38:33.500000,33.29
9:38:33.750000,33.29
9:38:34,33.31
9:38:34.250000,33.31
9:38:34.500000,33.31
9:38:34.750000,33.31
9:38:35,33.31
9:38:35.250000,33.31
9:38:35.500000,33.31
9:38:35.750000,33.31
9:38:36,33.29
9:38:36.250000,33.29
9:38:36.500000,33.29
9:38:36.750000,33.29
9:38:37,33.33
9:38:37.250000,33.33
9:38:37.500000,33.33
9:38:37.750000,33.33
9:38:38,33.31
9:38:38.250000,33.31
9:38:38.500000,33.31
9:38:38.750000,33.31
9:38:39,33.33
9:38:39.250000,33.33
9:38:39.500000,33.33
9:38:39.750000,33.33
9:38:40,33.33
9:38:40.250000,33.33
9:38:40.500000,33.33
9:38:40.750000,33.33
9:38:41,33.33
9:38:41.250000,33.33
9:38:41.500000,33.33
9:38:41.750000,33.33
9:38:42,33.34
9:38:42.250000,33.34
9:38:42.500000,33.34
9:38:42.750000,33.34
9:38:43,33.33
9:38:43.250000,33.33
9:38:43.500000,33.33
9:38:43.750000,33.33
9:38:44,33.33
9:38:44.250000,33.33
9:38:44.500000,33.33
9:38:44.750000,33.33
9:38:45,33.33
9:38:45.250000,33.33
9:38:45.500000,33.33
9:38:45.750000,33.33
9:38:46,33.33
9:38:46.250000,33.33
9:38:46.500000,33.33
9:38:46.750000,33.33
9:38:47,33.34
9:38:47.250000,33.34
9:38:47.500000,33.34
9:38:47.750000,33.34
9:38:48,33.37
9:38:48.250000,33.37
9:38:48.500000,33.37
9:38:48.750000,33.37
9:38:49,33.33
9:38:49.250000,33.33
9:38:49.500000,33.33
9:38:49.750000,33.33
9:38:50,33.33
9:38:50.250000,33.33
9:38:50.500000,33.33
9:38:50.750000,33.33
9:38:51,33.34
9:38:51.250000,33.34
9:38:51.500000,33.34
9:38:51.750000,33.34
9:38:52,33.33
9:38:52.250000,33.33
9:38:52.500000,33.33
9:38:52.750000,33.33
9:38:53,33.34
9:38:53.250000,33.34
9:38:53.500000,33.34
9:38:53.750000,33.34
9:38:54,33.37
9:38:54.250000,33.37
9:38:54.500000,33.37
9:38:54.750000,33.37
9:38:55,33.33
9:38:55.250000,33.33
9:38:55.500000,33.33
9:38:55.750000,33.33
9:38:56,33.34
9:38:56.250000,33.34
9:38:56.500000,33.34
9:38:56.750000,33.34
9:38:57,33.39
9:38:57.250000,33.39
9:38:57.500000,33.39
9:38:57.750000,33.39
9:38:58,33.37
9:38:58.250000,33.37
9:38:58.500000,33.37
9:38:58.750000,33.37
9:38:59,33.37
9:38:59.250000,33.37
9:38:59.500000,33.37
9:38:59.750000,33.37
9:39:00,33.37
9:39:00.250000,33.37
9:39:00.500000,33.37
9:39:00.750000,33.37
9:39:01,33.34
9:39:01.250000,33.34
9:39:01.500000,33.34
9:39:01.750000,33.34
9:39:02,33.34
9:39:02.250000,33.34
9:39:02.500000,33.34
9:39:02.750000,33.34
9:39:03,33.37
9:39:03.250000,33.37
9:39:03.500000,33.37
9:39:03.750000,33.37
9:39:04,33.37
9:39:04.250000,33.37
9:39:04.500000,33.37
9:39:04.750000,33.37
9:39:05,33.37
9:39:05.250000,33.37
9:39:05.500000,33.37
9:39:05.750000,33.37
9:39:06,33.37
9:39:06.250000,33.37
9:39:06.500000,33.37
9:39:06.750000,33.37
9:39:07,33.37
9:39:07.250000,33.37
9:39:07.500000,33.37
9:39:07.750000,33.37
9:39:08,33.39
9:39:08.250000,33.39
9:39:08.500000,33.39
9:39:08.750000,33.39
9:39:09,33.37
9:39:09.250000,33.37
9:39:09.500000,33.37
9:39:09.750000,33.37
9:39:10,33.37
9:39:10.250000,33.37
9:39:10.500000,33.37
9:39:10.750000,33.37
9:39:11,33.37
9:39:11.250000,33.37
9:39:11.500000,33.37
9:39:11.750000,33.37
9:39:12,33.39
9:39:12.250000,33.39
9:39:12.500000,33.39
9:39:12.750000,33.39
9:39:13,33.37
9:39:13.250000,33.37
9:39:13.500000,33.37
9:39:13.750000,33.37
9:39:14,33.37
9:39:14.250000,33.37
9:39:14.500000,33.37
9:39:14.750000,33.37
9:39:15,33.37
9:39:15.250000,33.37
9:39:15.500000,33.37
9:39:15.750000,33.37
9:39:16,33.39
9:39:16.250000,33.39
9:39:16.500000,33.39
9:39:16.750000,33.39
9:39:17,33.37
9:39:17.250000,33.37
9:39:17.500000,33.37
9:39:17.750000,33.37
9:39:18,33.39
9:39:18.250000,33.39
9:39:18.500000,33.39
9:39:18.750000,33.39
9:39:19,33.37
9:39:19.250000,33.37
9:39:19.500000,33.37
9:39:19.750000,33.37
9:39:20,33.37
9:39:20.250000,33.37
9:39:20.500000,33.37
9:39:20.750000,33.37
9:39:21,33.39
9:39:21.250000,33.39
9:39:21.500000,33.39
9:39:21.750000,33.39
9:39:22,33.39
9:39:22.250000,33.39
9:39:22.500000,33.39
9:39:22.750000,33.39
9:39:23,33.39
9:39:23.250000,33.39
9:39:23.500000,33.39
9:39:23.750000,33.39
