13:31:07.409448,soft
13:31:07.665322,release
13:31:19.893957,soft
13:31:19.980916,medium
13:31:20.854893,release
13:31:48.983801,medium
13:31:49.153481,release
13:33:47.257363,medium
13:33:47.365338,hard
13:33:48.131892,release
13:35:21.940022,soft
13:35:22.026016,medium
13:35:22.116766,release
13:37:59.761443,soft
13:37:59.948434,release
13:42:19.986118,soft
13:42:20.379628,release
13:46:42.734708,soft
13:46:42.995538,release
13:31:07.409448,soft
13:31:07.665322,release
13:31:19.893957,soft
13:31:19.980916,medium
13:31:20.854893,release
13:31:48.983801,medium
13:31:49.153481,release
13:33:47.257363,medium
13:33:47.365338,hard
13:33:48.131892,release
13:35:21.940022,soft
13:35:22.026016,medium
13:35:22.116766,release
13:37:59.761443,soft
13:37:59.948434,release
13:42:19.986118,soft
13:42:20.379628,release
13:46:42.734708,soft
13:46:42.995538,release
16:20:28.715284,soft
16:20:30.986796,release
16:20:37.276760,soft
16:20:39.542564,release
16:16:18.485252,soft
16:16:20.361304,release
16:16:28.996496,soft
16:16:29.907169,medium
16:16:30.371824,release
16:17:06.838458,soft
16:17:07.168161,release
16:17:07.607369,soft
16:17:08.039060,release
16:17:33.897703,soft
16:17:35.036271,release
16:17:37.394614,soft
16:17:41.760155,medium
16:17:42.637563,release
16:17:48.663504,soft
16:17:49.357735,release
16:17:49.538445,soft
16:17:52.504840,medium
16:17:53.554821,release
16:17:54.163135,soft
16:17:54.950623,medium
16:17:58.966327,release
16:17:59.406246,soft
16:18:01.502448,release
16:18:28.321832,soft
16:18:40.463572,release
16:19:13.574696,soft
16:19:24.579529,release
16:21:16.488754,soft
16:21:28.366728,release
16:21:40.387328,soft
16:21:40.551230,release
16:21:50.121367,soft
16:21:50.908292,release
16:22:33.974601,soft
16:22:35.935065,release
16:22:39.264164,soft
16:22:40.353635,release
16:22:53.454757,soft
16:22:54.331354,release
16:23:16.520865,soft
16:23:16.697706,release
16:24:01.858018,soft
16:24:02.558465,release
16:24:41.002399,soft
16:24:41.520080,release
16:25:32.364256,soft
16:25:33.068216,release
16:25:44.593499,soft
16:25:44.680098,release
16:25:45.381934,soft
16:25:45.646412,release
16:25:48.960617,soft
16:25:51.233251,release
16:28:07.691034,soft
16:28:07.777784,release
16:28:08.476978,soft
16:28:09.003569,release
16:28:52.505714,soft
16:28:54.339534,release
16:28:56.434705,soft
16:28:58.905587,medium
16:29:03.268088,release
16:31:18.399644,soft
16:31:23.901268,release
16:31:24.163705,soft
16:31:53.517192,medium
16:31:53.690559,release
16:32:01.730498,soft
16:32:05.570901,release
16:32:18.119119,soft
16:32:18.172908,release
16:32:18.795738,soft
16:32:19.390491,release
16:32:22.691335,soft
16:32:23.051894,release
16:20:28.715284,soft
16:20:30.986796,release
16:20:37.276760,soft
16:20:39.542564,release
16:16:18.485252,soft
16:16:20.361304,release
16:16:28.996496,soft
16:16:29.907169,medium
16:16:30.371824,release
16:17:06.838458,soft
16:17:07.168161,release
16:17:07.607369,soft
16:17:08.039060,release
16:17:33.897703,soft
16:17:35.036271,release
16:17:37.394614,soft
16:17:41.760155,medium
16:17:42.637563,release
16:17:48.663504,soft
16:17:49.357735,release
16:17:49.538445,soft
16:17:52.504840,medium
16:17:53.554821,release
16:17:54.163135,soft
16:17:54.950623,medium
16:17:58.966327,release
16:17:59.406246,soft
16:18:01.502448,release
16:18:28.321832,soft
16:18:40.463572,release
16:19:13.574696,soft
16:19:24.579529,release
16:21:16.488754,soft
16:21:28.366728,release
16:21:40.387328,soft
16:21:40.551230,release
16:21:50.121367,soft
16:21:50.908292,release
16:22:33.974601,soft
16:22:35.935065,release
16:22:39.264164,soft
16:22:40.353635,release
16:22:53.454757,soft
16:22:54.331354,release
16:23:16.520865,soft
16:23:16.697706,release
16:24:01.858018,soft
16:24:02.558465,release
16:24:41.002399,soft
16:24:41.520080,release
16:25:32.364256,soft
16:25:33.068216,release
16:25:44.593499,soft
16:25:44.680098,release
16:25:45.381934,soft
16:25:45.646412,release
16:25:48.960617,soft
16:25:51.233251,release
16:28:07.691034,soft
16:28:07.777784,release
16:28:08.476978,soft
16:28:09.003569,release
16:28:52.505714,soft
16:28:54.339534,release
16:28:56.434705,soft
16:28:58.905587,medium
16:29:03.268088,release
16:31:18.399644,soft
16:31:23.901268,release
16:31:24.163705,soft
16:31:53.517192,medium
16:31:53.690559,release
16:32:01.730498,soft
16:32:05.570901,release
16:32:18.119119,soft
16:32:18.172908,release
16:32:18.795738,soft
16:32:19.390491,release
16:32:22.691335,soft
16:32:23.051894,release
13:12:16.933608,soft
13:12:17.018456,medium
13:12:19.099368,release
13:12:22.973378,soft
13:12:23.172253,medium
13:12:23.636545,release
13:12:23.824570,medium
13:12:24.122020,release
13:12:44.087745,soft
13:12:44.266059,medium
13:12:46.810101,release
13:13:01.471240,soft
13:13:01.627998,medium
13:13:01.763577,hard
13:13:04.624301,release
13:15:28.525919,soft
13:15:28.706966,medium
13:15:29.294009,release
13:15:29.606163,soft
13:15:29.726489,medium
13:15:29.829687,release
13:29:17.394327,soft
13:29:17.649078,medium
13:29:17.752902,hard
13:29:18.349989,release
13:29:20.014586,medium
13:29:20.100595,hard
13:29:20.291346,release
13:29:20.390929,medium
13:29:20.485446,hard
13:29:20.625544,release
13:29:20.728468,hard
13:29:20.888513,release
13:29:20.976938,medium
13:29:21.058025,hard
13:29:21.247772,release
13:29:21.321481,hard
13:29:21.495321,release
13:12:16.933608,soft
13:12:17.018456,medium
13:12:19.099368,release
13:12:22.973378,soft
13:12:23.172253,medium
13:12:23.636545,release
13:12:23.824570,medium
13:12:24.122020,release
13:12:44.087745,soft
13:12:44.266059,medium
13:12:46.810101,release
13:13:01.471240,soft
13:13:01.627998,medium
13:13:01.763577,hard
13:13:04.624301,release
13:15:28.525919,soft
13:15:28.706966,medium
13:15:29.294009,release
13:15:29.606163,soft
13:15:29.726489,medium
13:15:29.829687,release
13:29:17.394327,soft
13:29:17.649078,medium
13:29:17.752902,hard
13:29:18.349989,release
13:29:20.014586,medium
13:29:20.100595,hard
13:29:20.291346,release
13:29:20.390929,medium
13:29:20.485446,hard
13:29:20.625544,release
13:29:20.728468,hard
13:29:20.888513,release
13:29:20.976938,medium
13:29:21.058025,hard
13:29:21.247772,release
13:29:21.321481,hard
13:29:21.495321,release
16:25:14.800075,soft
16:25:14.867097,medium
16:25:15.632988,release
16:25:15.976626,soft
16:25:16.336668,release
16:25:16.605991,soft
16:25:16.736007,medium
16:25:19.378518,release
16:25:20.693647,soft
16:25:20.916835,medium
16:25:21.741343,release
16:25:22.001319,soft
16:25:25.073554,medium
16:25:25.327538,hard
16:25:25.502430,release
16:25:25.941745,soft
16:25:31.873896,medium
16:25:32.345288,hard
16:25:32.440830,release
16:25:33.047137,soft
16:25:33.809865,medium
16:25:34.087233,hard
16:25:34.250376,release
16:25:34.857775,soft
16:25:37.965370,medium
16:25:38.076701,hard
16:25:38.184367,release
16:25:40.083761,soft
16:25:40.283749,medium
16:25:40.430330,hard
16:25:40.786063,release
16:25:42.884125,soft
16:25:43.049978,medium
16:25:43.240742,hard
16:25:43.485498,release
16:25:43.891474,soft
16:25:43.928692,medium
16:25:44.188361,hard
16:25:44.617835,release
16:25:48.388926,soft
16:25:48.669523,medium
16:25:48.908411,hard
16:25:49.036869,release
16:25:49.604444,soft
16:25:53.358294,medium
16:25:53.796068,hard
16:25:55.807924,release
16:25:56.766516,soft
16:25:57.475050,medium
16:25:57.817586,hard
16:26:00.016347,release
16:26:01.122716,soft
16:26:04.177068,release
16:26:05.169830,soft
16:26:25.344262,medium
16:26:25.603775,hard
16:26:29.263570,release
16:26:30.132866,soft
16:26:30.236707,medium
16:26:30.400382,hard
16:26:32.935575,release
16:26:34.773382,soft
16:26:34.853084,medium
16:26:35.065559,hard
16:26:38.261404,release
16:26:38.610495,medium
16:26:38.955175,hard
16:26:39.044386,release
16:26:40.180224,soft
16:26:40.531014,medium
16:26:40.794144,hard
16:26:41.422888,release
16:26:42.547106,soft
16:26:42.629703,medium
16:26:43.423959,release
16:26:44.217629,soft
16:26:44.422116,release
16:27:21.064462,soft
16:27:24.386697,release
16:27:25.084624,soft
16:27:25.984944,release
16:27:31.987064,soft
16:27:42.636741,release
16:28:20.996768,soft
16:28:24.140523,release
16:28:26.400099,soft
16:28:28.848945,release
16:29:22.850120,soft
16:29:22.977366,medium
16:29:23.451841,hard
16:29:23.535517,release
16:29:25.917411,soft
16:29:25.975542,medium
16:29:26.413761,release
16:29:26.593385,medium
16:29:27.040791,release
16:29:29.908007,soft
16:29:36.568783,release
16:29:38.059067,soft
16:29:41.494307,release
16:29:48.866731,soft
16:29:48.956744,medium
16:29:49.044102,hard
16:29:49.163417,release
16:29:49.390884,medium
16:29:49.565887,hard
16:29:52.359009,release
16:29:52.884785,medium
16:29:53.318166,release
16:29:54.628821,soft
16:30:15.247578,medium
16:30:15.505541,hard
16:30:16.558350,release
16:30:17.078052,soft
16:30:17.341686,medium
16:30:25.377520,release
16:30:28.624860,soft
16:30:53.770813,medium
16:30:54.382568,release
16:30:54.565788,soft
16:31:03.463336,medium
16:31:03.641359,release
16:31:04.357020,soft
16:31:17.967566,medium
16:31:19.724788,release
16:31:20.064854,soft
16:31:30.113346,medium
16:31:30.990111,release
16:31:31.427928,soft
16:31:48.722504,release
16:31:48.906634,soft
16:31:49.094258,release
16:31:50.390909,soft
16:31:50.813680,release
16:31:51.429530,soft
16:31:53.609078,medium
16:32:29.472783,release
16:32:29.690798,soft
16:32:30.913655,medium
16:32:31.704549,release
16:32:31.962075,soft
16:32:35.106133,medium
16:32:36.586059,release
16:32:37.552891,soft
16:32:38.686014,medium
16:32:55.897485,release
16:32:56.505102,soft
16:32:59.736754,medium
16:33:00.789087,release
16:33:01.357740,soft
16:33:04.892816,medium
16:33:06.115967,release
16:33:07.870862,soft
16:34:10.744480,medium
16:34:12.131884,hard
16:34:12.288600,medium
16:34:12.366340,release
16:34:12.633764,soft
16:34:12.748342,medium
16:34:13.226718,hard
16:34:13.549620,medium
16:34:14.533851,release
16:34:14.776935,soft
16:34:14.865064,medium
16:34:15.398691,release
16:34:15.563749,soft
16:34:16.090342,medium
16:34:19.680096,release
16:34:19.758206,soft
16:34:20.456387,medium
16:34:21.336612,release
16:34:21.508603,soft
16:34:22.551451,medium
16:34:36.184103,release
16:34:36.616933,soft
16:34:38.628020,medium
16:34:42.662052,release
16:34:42.991209,soft
16:34:43.029401,medium
16:35:02.743970,hard
16:35:02.824959,release
16:35:03.004668,hard
16:35:03.103312,release
16:35:03.267834,medium
16:35:03.353886,hard
16:35:03.438582,release
16:35:03.611364,medium
16:35:03.713343,hard
16:35:03.786282,release
16:35:03.962166,medium
16:35:04.069322,hard
16:35:04.148688,release
16:35:04.309874,medium
16:35:04.401710,hard
16:35:04.483752,release
16:35:04.810030,soft
16:35:05.019723,medium
16:35:05.980082,hard
16:35:06.127621,release
16:35:06.428935,medium
16:35:06.581165,release
16:35:06.845666,soft
16:35:07.031691,medium
16:35:11.302948,release
16:35:11.392348,soft
16:35:11.479269,medium
16:35:31.218853,release
16:35:31.494326,soft
16:35:32.265340,medium
16:35:59.004703,release
16:36:00.141097,soft
16:36:12.540104,release
16:36:13.325063,soft
16:36:57.440864,release
16:37:10.230668,soft
16:37:10.909280,release
16:37:21.726040,soft
16:37:26.357908,medium
16:37:26.791078,hard
16:37:28.034553,release
16:37:29.507311,medium
16:37:31.179414,release
16:37:31.511845,soft
16:37:31.595662,medium
16:37:31.949104,hard
16:37:32.303494,release
16:37:33.733097,medium
16:37:35.105832,hard
16:37:35.276371,release
16:37:35.442031,medium
16:37:35.619701,hard
16:37:35.968944,release
16:37:36.408890,medium
16:37:39.466747,hard
16:37:39.648337,release
16:37:40.073339,medium
16:37:40.594283,hard
16:37:41.471278,release
16:37:42.344192,medium
16:37:44.972455,hard
16:37:45.577355,release
16:37:45.922596,soft
16:37:46.386748,medium
16:37:46.723637,hard
16:37:47.061925,release
16:37:48.022124,medium
16:38:01.476651,release
16:38:01.649563,medium
16:38:02.360841,release
16:38:03.069220,soft
16:38:03.223673,medium
16:38:03.487782,release
16:38:03.832689,soft
16:38:06.277530,medium
16:38:11.170508,release
16:38:11.341677,soft
16:38:11.435832,medium
16:38:12.045757,hard
16:38:12.742882,release
16:38:12.914749,medium
16:38:13.006511,hard
16:38:13.178515,release
16:38:13.357215,medium
16:38:13.441527,hard
16:38:13.615470,release
16:38:13.812275,medium
16:38:13.970036,hard
16:38:14.077888,release
16:38:14.839241,medium
16:38:29.778410,release
16:38:30.911526,soft
16:38:37.203145,medium
16:38:37.557189,release
16:38:38.259697,soft
16:38:42.880625,medium
16:38:44.714688,hard
16:38:45.521463,release
16:38:45.680351,medium
16:38:45.849759,hard
16:38:46.123540,release
16:38:46.648607,medium
16:38:49.611218,release
16:38:50.571627,soft
16:38:50.746869,medium
16:38:55.025029,release
16:38:55.642517,soft
16:38:56.054023,medium
16:38:56.596777,hard
16:38:56.861601,release
16:38:57.047327,medium
16:38:57.127703,hard
16:38:57.394894,release
16:38:57.478875,medium
16:38:57.558130,hard
16:38:57.731880,release
16:38:57.821800,medium
16:38:57.919397,hard
16:38:58.084810,release
16:38:58.256261,hard
16:38:58.520566,release
16:38:58.614342,medium
16:38:58.695776,hard
16:38:59.057738,release
16:38:59.154660,hard
16:38:59.403019,release
16:38:59.570340,medium
16:38:59.659061,hard
16:38:59.922541,release
16:39:00.090443,hard
16:39:00.354911,release
16:39:00.438898,hard
16:39:00.702445,release
16:39:00.796297,medium
16:39:00.880442,hard
16:39:01.053969,release
16:39:01.229050,hard
16:39:01.400890,release
16:39:01.588176,hard
16:39:01.751665,release
16:39:02.013688,medium
16:39:02.450415,release
16:39:03.166727,soft
16:39:03.330735,release
16:39:18.874237,soft
16:39:19.222112,release
16:39:19.484726,soft
16:39:19.747399,medium
16:39:19.869711,release
16:39:20.540679,soft
16:39:23.680270,release
16:39:24.210895,soft
16:39:27.784795,release
16:39:28.569332,medium
16:39:29.092932,release
16:39:29.270762,soft
16:39:29.715683,release
16:39:29.882066,soft
16:39:29.966543,medium
16:39:30.858832,hard
16:39:30.927765,release
16:39:31.376868,medium
16:39:31.809579,hard
16:39:32.106913,release
16:39:32.355494,medium
16:39:33.032299,release
16:39:33.288408,soft
16:39:33.986959,medium
16:39:34.598206,release
16:39:35.386814,soft
16:39:35.470260,medium
16:39:35.819098,hard
16:39:36.270152,release
16:39:37.487697,soft
16:39:37.832452,medium
16:39:38.181930,hard
16:39:38.530705,release
16:39:38.880978,soft
16:39:38.972180,medium
16:39:39.314688,hard
16:39:40.806011,release
16:39:40.980948,medium
16:39:41.063009,hard
16:39:42.196188,release
16:39:42.551234,medium
16:39:42.900342,hard
16:39:47.752698,release
16:39:47.964328,medium
16:39:48.142645,hard
16:39:51.981787,release
16:39:52.417700,soft
16:39:52.682608,medium
16:39:53.649238,hard
16:39:53.820520,release
16:39:54.000733,medium
16:39:54.081401,hard
16:39:54.166266,release
16:39:54.345365,medium
16:39:54.438990,hard
16:39:54.605392,release
16:39:54.773998,hard
16:39:55.039417,release
16:39:55.130351,medium
16:39:55.213481,hard
16:39:55.474517,release
16:39:55.572892,medium
16:39:55.655928,hard
16:39:55.924844,release
16:39:56.085842,medium
16:39:56.173862,hard
16:39:56.355577,release
16:39:56.608887,medium
16:39:56.703215,hard
16:39:56.875756,release
16:39:58.013941,soft
16:39:58.443946,release
16:39:59.406975,soft
16:39:59.673174,release
16:40:00.631206,soft
16:40:00.717460,medium
16:40:01.242067,hard
16:40:01.412895,release
16:40:15.394488,soft
16:40:15.918729,release
16:40:22.204740,soft
16:40:22.733003,release
16:40:22.908224,soft
16:40:23.515552,release
16:40:23.693524,soft
16:40:41.256261,release
16:40:41.783709,soft
16:40:42.038189,release
16:41:07.385172,soft
16:41:07.910236,medium
16:41:08.082460,release
16:41:08.340511,soft
16:41:10.177033,release
16:41:13.226951,soft
16:41:14.365436,release
16:41:20.304526,soft
16:41:25.109086,release
16:42:11.147805,soft
16:42:11.422185,release
16:42:12.193252,soft
16:42:12.638495,release
16:42:22.507033,soft
16:42:27.229198,release
16:42:27.311928,soft
16:42:27.486422,medium
16:42:28.970525,release
16:42:29.141666,soft
16:42:29.232859,medium
16:42:36.140388,release
16:42:36.499498,soft
16:42:36.744341,release
16:25:14.800075,soft
16:25:14.867097,medium
16:25:15.632988,release
16:25:15.976626,soft
16:25:16.336668,release
16:25:16.605991,soft
16:25:16.736007,medium
16:25:19.378518,release
16:25:20.693647,soft
16:25:20.916835,medium
16:25:21.741343,release
16:25:22.001319,soft
16:25:25.073554,medium
16:25:25.327538,hard
16:25:25.502430,release
16:25:25.941745,soft
16:25:31.873896,medium
16:25:32.345288,hard
16:25:32.440830,release
16:25:33.047137,soft
16:25:33.809865,medium
16:25:34.087233,hard
16:25:34.250376,release
16:25:34.857775,soft
16:25:37.965370,medium
16:25:38.076701,hard
16:25:38.184367,release
16:25:40.083761,soft
16:25:40.283749,medium
16:25:40.430330,hard
16:25:40.786063,release
16:25:42.884125,soft
16:25:43.049978,medium
16:25:43.240742,hard
16:25:43.485498,release
16:25:43.891474,soft
16:25:43.928692,medium
16:25:44.188361,hard
16:25:44.617835,release
16:25:48.388926,soft
16:25:48.669523,medium
16:25:48.908411,hard
16:25:49.036869,release
16:25:49.604444,soft
16:25:53.358294,medium
16:25:53.796068,hard
16:25:55.807924,release
16:25:56.766516,soft
16:25:57.475050,medium
16:25:57.817586,hard
16:26:00.016347,release
16:26:01.122716,soft
16:26:04.177068,release
16:26:05.169830,soft
16:26:25.344262,medium
16:26:25.603775,hard
16:26:29.263570,release
16:26:30.132866,soft
16:26:30.236707,medium
16:26:30.400382,hard
16:26:32.935575,release
16:26:34.773382,soft
16:26:34.853084,medium
16:26:35.065559,hard
16:26:38.261404,release
16:26:38.610495,medium
16:26:38.955175,hard
16:26:39.044386,release
16:26:40.180224,soft
16:26:40.531014,medium
16:26:40.794144,hard
16:26:41.422888,release
16:26:42.547106,soft
16:26:42.629703,medium
16:26:43.423959,release
16:26:44.217629,soft
16:26:44.422116,release
16:27:21.064462,soft
16:27:24.386697,release
16:27:25.084624,soft
16:27:25.984944,release
16:27:31.987064,soft
16:27:42.636741,release
16:28:20.996768,soft
16:28:24.140523,release
16:28:26.400099,soft
16:28:28.848945,release
16:29:22.850120,soft
16:29:22.977366,medium
16:29:23.451841,hard
16:29:23.535517,release
16:29:25.917411,soft
16:29:25.975542,medium
16:29:26.413761,release
16:29:26.593385,medium
16:29:27.040791,release
16:29:29.908007,soft
16:29:36.568783,release
16:29:38.059067,soft
16:29:41.494307,release
16:29:48.866731,soft
16:29:48.956744,medium
16:29:49.044102,hard
16:29:49.163417,release
16:29:49.390884,medium
16:29:49.565887,hard
16:29:52.359009,release
16:29:52.884785,medium
16:29:53.318166,release
16:29:54.628821,soft
16:30:15.247578,medium
16:30:15.505541,hard
16:30:16.558350,release
16:30:17.078052,soft
16:30:17.341686,medium
16:30:25.377520,release
16:30:28.624860,soft
16:30:53.770813,medium
16:30:54.382568,release
16:30:54.565788,soft
16:31:03.463336,medium
16:31:03.641359,release
16:31:04.357020,soft
16:31:17.967566,medium
16:31:19.724788,release
16:31:20.064854,soft
16:31:30.113346,medium
16:31:30.990111,release
16:31:31.427928,soft
16:31:48.722504,release
16:31:48.906634,soft
16:31:49.094258,release
16:31:50.390909,soft
16:31:50.813680,release
16:31:51.429530,soft
16:31:53.609078,medium
16:32:29.472783,release
16:32:29.690798,soft
16:32:30.913655,medium
16:32:31.704549,release
16:32:31.962075,soft
16:32:35.106133,medium
16:32:36.586059,release
16:32:37.552891,soft
16:32:38.686014,medium
16:32:55.897485,release
16:32:56.505102,soft
16:32:59.736754,medium
16:33:00.789087,release
16:33:01.357740,soft
16:33:04.892816,medium
16:33:06.115967,release
16:33:07.870862,soft
16:34:10.744480,medium
16:34:12.131884,hard
16:34:12.288600,medium
16:34:12.366340,release
16:34:12.633764,soft
16:34:12.748342,medium
16:34:13.226718,hard
16:34:13.549620,medium
16:34:14.533851,release
16:34:14.776935,soft
16:34:14.865064,medium
16:34:15.398691,release
16:34:15.563749,soft
16:34:16.090342,medium
16:34:19.680096,release
16:34:19.758206,soft
16:34:20.456387,medium
16:34:21.336612,release
16:34:21.508603,soft
16:34:22.551451,medium
16:34:36.184103,release
16:34:36.616933,soft
16:34:38.628020,medium
16:34:42.662052,release
16:34:42.991209,soft
16:34:43.029401,medium
16:35:02.743970,hard
16:35:02.824959,release
16:35:03.004668,hard
16:35:03.103312,release
16:35:03.267834,medium
16:35:03.353886,hard
16:35:03.438582,release
16:35:03.611364,medium
16:35:03.713343,hard
16:35:03.786282,release
16:35:03.962166,medium
16:35:04.069322,hard
16:35:04.148688,release
16:35:04.309874,medium
16:35:04.401710,hard
16:35:04.483752,release
16:35:04.810030,soft
16:35:05.019723,medium
16:35:05.980082,hard
16:35:06.127621,release
16:35:06.428935,medium
16:35:06.581165,release
16:35:06.845666,soft
16:35:07.031691,medium
16:35:11.302948,release
16:35:11.392348,soft
16:35:11.479269,medium
16:35:31.218853,release
16:35:31.494326,soft
16:35:32.265340,medium
16:35:59.004703,release
16:36:00.141097,soft
16:36:12.540104,release
16:36:13.325063,soft
16:36:57.440864,release
16:37:10.230668,soft
16:37:10.909280,release
16:37:21.726040,soft
16:37:26.357908,medium
16:37:26.791078,hard
16:37:28.034553,release
16:37:29.507311,medium
16:37:31.179414,release
16:37:31.511845,soft
16:37:31.595662,medium
16:37:31.949104,hard
16:37:32.303494,release
16:37:33.733097,medium
16:37:35.105832,hard
16:37:35.276371,release
16:37:35.442031,medium
16:37:35.619701,hard
16:37:35.968944,release
16:37:36.408890,medium
16:37:39.466747,hard
16:37:39.648337,release
16:37:40.073339,medium
16:37:40.594283,hard
16:37:41.471278,release
16:37:42.344192,medium
16:37:44.972455,hard
16:37:45.577355,release
16:37:45.922596,soft
16:37:46.386748,medium
16:37:46.723637,hard
16:37:47.061925,release
16:37:48.022124,medium
16:38:01.476651,release
16:38:01.649563,medium
16:38:02.360841,release
16:38:03.069220,soft
16:38:03.223673,medium
16:38:03.487782,release
16:38:03.832689,soft
16:38:06.277530,medium
16:38:11.170508,release
16:38:11.341677,soft
16:38:11.435832,medium
16:38:12.045757,hard
16:38:12.742882,release
16:38:12.914749,medium
16:38:13.006511,hard
16:38:13.178515,release
16:38:13.357215,medium
16:38:13.441527,hard
16:38:13.615470,release
16:38:13.812275,medium
16:38:13.970036,hard
16:38:14.077888,release
16:38:14.839241,medium
16:38:29.778410,release
16:38:30.911526,soft
16:38:37.203145,medium
16:38:37.557189,release
16:38:38.259697,soft
16:38:42.880625,medium
16:38:44.714688,hard
16:38:45.521463,release
16:38:45.680351,medium
16:38:45.849759,hard
16:38:46.123540,release
16:38:46.648607,medium
16:38:49.611218,release
16:38:50.571627,soft
16:38:50.746869,medium
16:38:55.025029,release
16:38:55.642517,soft
16:38:56.054023,medium
16:38:56.596777,hard
16:38:56.861601,release
16:38:57.047327,medium
16:38:57.127703,hard
16:38:57.394894,release
16:38:57.478875,medium
16:38:57.558130,hard
16:38:57.731880,release
16:38:57.821800,medium
16:38:57.919397,hard
16:38:58.084810,release
16:38:58.256261,hard
16:38:58.520566,release
16:38:58.614342,medium
16:38:58.695776,hard
16:38:59.057738,release
16:38:59.154660,hard
16:38:59.403019,release
16:38:59.570340,medium
16:38:59.659061,hard
16:38:59.922541,release
16:39:00.090443,hard
16:39:00.354911,release
16:39:00.438898,hard
16:39:00.702445,release
16:39:00.796297,medium
16:39:00.880442,hard
16:39:01.053969,release
16:39:01.229050,hard
16:39:01.400890,release
16:39:01.588176,hard
16:39:01.751665,release
16:39:02.013688,medium
16:39:02.450415,release
16:39:03.166727,soft
16:39:03.330735,release
16:39:18.874237,soft
16:39:19.222112,release
16:39:19.484726,soft
16:39:19.747399,medium
16:39:19.869711,release
16:39:20.540679,soft
16:39:23.680270,release
16:39:24.210895,soft
16:39:27.784795,release
16:39:28.569332,medium
16:39:29.092932,release
16:39:29.270762,soft
16:39:29.715683,release
16:39:29.882066,soft
16:39:29.966543,medium
16:39:30.858832,hard
16:39:30.927765,release
16:39:31.376868,medium
16:39:31.809579,hard
16:39:32.106913,release
16:39:32.355494,medium
16:39:33.032299,release
16:39:33.288408,soft
16:39:33.986959,medium
16:39:34.598206,release
16:39:35.386814,soft
16:39:35.470260,medium
16:39:35.819098,hard
16:39:36.270152,release
16:39:37.487697,soft
16:39:37.832452,medium
16:39:38.181930,hard
16:39:38.530705,release
16:39:38.880978,soft
16:39:38.972180,medium
16:39:39.314688,hard
16:39:40.806011,release
16:39:40.980948,medium
16:39:41.063009,hard
16:39:42.196188,release
16:39:42.551234,medium
16:39:42.900342,hard
16:39:47.752698,release
16:39:47.964328,medium
16:39:48.142645,hard
16:39:51.981787,release
16:39:52.417700,soft
16:39:52.682608,medium
16:39:53.649238,hard
16:39:53.820520,release
16:39:54.000733,medium
16:39:54.081401,hard
16:39:54.166266,release
16:39:54.345365,medium
16:39:54.438990,hard
16:39:54.605392,release
16:39:54.773998,hard
16:39:55.039417,release
16:39:55.130351,medium
16:39:55.213481,hard
16:39:55.474517,release
16:39:55.572892,medium
16:39:55.655928,hard
16:39:55.924844,release
16:39:56.085842,medium
16:39:56.173862,hard
16:39:56.355577,release
16:39:56.608887,medium
16:39:56.703215,hard
16:39:56.875756,release
16:39:58.013941,soft
16:39:58.443946,release
16:39:59.406975,soft
16:39:59.673174,release
16:40:00.631206,soft
16:40:00.717460,medium
16:40:01.242067,hard
16:40:01.412895,release
16:40:15.394488,soft
16:40:15.918729,release
16:40:22.204740,soft
16:40:22.733003,release
16:40:22.908224,soft
16:40:23.515552,release
16:40:23.693524,soft
16:40:41.256261,release
16:40:41.783709,soft
16:40:42.038189,release
16:41:07.385172,soft
16:41:07.910236,medium
16:41:08.082460,release
16:41:08.340511,soft
16:41:10.177033,release
16:41:13.226951,soft
16:41:14.365436,release
16:41:20.304526,soft
16:41:25.109086,release
16:42:11.147805,soft
16:42:11.422185,release
16:42:12.193252,soft
16:42:12.638495,release
16:42:22.507033,soft
16:42:27.229198,release
16:42:27.311928,soft
16:42:27.486422,medium
16:42:28.970525,release
16:42:29.141666,soft
16:42:29.232859,medium
16:42:36.140388,release
16:42:36.499498,soft
16:42:36.744341,release
12:25:27.174635,soft
12:21:58.901456,medium
12:22:00.684635,release
12:22:12.681888,soft
12:22:17.147160,release
12:22:20.292439,soft
12:22:20.657524,medium
12:22:21.088648,hard
12:22:22.213180,release
12:22:26.060681,soft
12:22:31.293523,medium
12:22:31.636999,hard
12:22:32.605377,release
12:22:37.314783,soft
12:22:38.014521,medium
12:22:38.710054,hard
12:22:40.983869,release
12:22:42.995837,soft
12:22:44.910684,medium
12:22:45.443367,hard
12:22:47.976266,release
12:23:08.901646,soft
12:23:09.802766,release
12:23:22.912474,soft
12:23:23.055157,release
12:23:24.312564,soft
12:23:24.398568,release
12:23:26.487676,soft
12:23:44.413179,release
12:23:44.747588,soft
12:23:47.712343,release
12:23:59.769970,soft
12:24:00.813623,release
12:24:01.263368,soft
12:24:01.556576,release
12:24:01.863787,soft
12:24:19.854245,medium
12:24:20.295414,hard
12:24:21.608319,release
12:24:24.756115,soft
12:24:26.056882,release
12:24:27.191262,soft
12:24:27.964446,release
12:24:36.036913,soft
12:24:36.801357,release
12:24:39.074796,soft
12:24:39.427536,release
12:24:40.118904,soft
12:24:48.940894,release
12:25:06.817481,soft
12:25:14.371970,release
12:25:36.545585,soft
12:25:37.957380,release
12:25:41.435786,soft
12:26:26.867613,release
12:26:49.063120,soft
12:27:32.218591,release
12:28:08.383847,soft
12:28:19.288044,release
12:29:17.466805,soft
12:29:17.816884,release
12:29:18.615144,soft
12:29:19.995423,release
12:29:20.703142,soft
12:29:23.676396,release
12:29:24.886928,soft
12:29:25.072142,release
12:29:26.024094,soft
12:29:33.539411,release
12:29:46.296573,soft
12:29:49.214583,release
12:29:54.519074,soft
12:29:59.949693,release
12:30:12.263175,soft
12:30:22.252232,release
12:30:23.153664,soft
12:30:38.340208,release
12:32:03.443950,soft
12:32:03.716852,medium
12:32:05.735537,release
12:32:05.988534,soft
12:32:10.609564,medium
12:32:16.546106,hard
12:32:18.901943,release
12:32:21.616650,soft
12:32:22.834867,release
12:32:28.512372,soft
12:33:04.765391,release
12:33:55.431525,soft
12:33:58.843709,release
12:36:38.100267,soft
12:36:39.563544,medium
12:36:48.398018,release
12:36:49.539897,soft
12:37:17.492263,release
12:37:18.301024,soft
12:37:25.370295,release
12:37:27.106664,soft
12:38:16.106565,medium
12:38:17.160454,release
12:38:17.452591,soft
12:38:17.955546,release
12:38:33.332996,soft
12:38:34.105774,release
12:38:34.318840,soft
12:38:35.009827,release
12:25:27.174635,soft
12:21:58.901456,medium
12:22:00.684635,release
12:22:12.681888,soft
12:22:17.147160,release
12:22:20.292439,soft
12:22:20.657524,medium
12:22:21.088648,hard
12:22:22.213180,release
12:22:26.060681,soft
12:22:31.293523,medium
12:22:31.636999,hard
12:22:32.605377,release
12:22:37.314783,soft
12:22:38.014521,medium
12:22:38.710054,hard
12:22:40.983869,release
12:22:42.995837,soft
12:22:44.910684,medium
12:22:45.443367,hard
12:22:47.976266,release
12:23:08.901646,soft
12:23:09.802766,release
12:23:22.912474,soft
12:23:23.055157,release
12:23:24.312564,soft
12:23:24.398568,release
12:23:26.487676,soft
12:23:44.413179,release
12:23:44.747588,soft
12:23:47.712343,release
12:23:59.769970,soft
12:24:00.813623,release
12:24:01.263368,soft
12:24:01.556576,release
12:24:01.863787,soft
12:24:19.854245,medium
12:24:20.295414,hard
12:24:21.608319,release
12:24:24.756115,soft
12:24:26.056882,release
12:24:27.191262,soft
12:24:27.964446,release
12:24:36.036913,soft
12:24:36.801357,release
12:24:39.074796,soft
12:24:39.427536,release
12:24:40.118904,soft
12:24:48.940894,release
12:25:06.817481,soft
12:25:14.371970,release
12:25:36.545585,soft
12:25:37.957380,release
12:25:41.435786,soft
12:26:26.867613,release
12:26:49.063120,soft
12:27:32.218591,release
12:28:08.383847,soft
12:28:19.288044,release
12:29:17.466805,soft
12:29:17.816884,release
12:29:18.615144,soft
12:29:19.995423,release
12:29:20.703142,soft
12:29:23.676396,release
12:29:24.886928,soft
12:29:25.072142,release
12:29:26.024094,soft
12:29:33.539411,release
12:29:46.296573,soft
12:29:49.214583,release
12:29:54.519074,soft
12:29:59.949693,release
12:30:12.263175,soft
12:30:22.252232,release
12:30:23.153664,soft
12:30:38.340208,release
12:32:03.443950,soft
12:32:03.716852,medium
12:32:05.735537,release
12:32:05.988534,soft
12:32:10.609564,medium
12:32:16.546106,hard
12:32:18.901943,release
12:32:21.616650,soft
12:32:22.834867,release
12:32:28.512372,soft
12:33:04.765391,release
12:33:55.431525,soft
12:33:58.843709,release
12:36:38.100267,soft
12:36:39.563544,medium
12:36:48.398018,release
12:36:49.539897,soft
12:37:17.492263,release
12:37:18.301024,soft
12:37:25.370295,release
12:37:27.106664,soft
12:38:16.106565,medium
12:38:17.160454,release
12:38:17.452591,soft
12:38:17.955546,release
12:38:33.332996,soft
12:38:34.105774,release
12:38:34.318840,soft
12:38:35.009827,release
17:26:27.539954,soft
17:26:27.597496,soft
17:26:27.760795,soft
17:26:28.279000,release
17:26:28.369432,medium
17:26:28.451671,release
17:26:28.625521,soft
17:26:29.880125,release
17:26:30.186421,medium
17:26:30.723794,soft
17:26:30.773533,release
17:26:31.166377,medium
17:26:31.424122,soft
17:24:44.569640,release
17:24:44.882939,soft
17:24:44.990177,release
17:24:45.178351,soft
17:24:48.313876,release
17:24:48.722051,soft
17:24:49.799148,release
17:24:49.882661,soft
17:24:50.769129,release
17:24:50.850546,medium
17:24:50.938640,hard
17:24:51.019456,release
17:24:51.200838,soft
17:24:51.457414,medium
17:24:51.629581,release
17:24:51.725493,soft
17:24:52.527280,release
17:24:52.636313,soft
17:24:52.766926,medium
17:24:54.085896,release
17:24:54.162040,soft
17:24:55.532058,release
17:24:56.733219,soft
17:25:07.172530,release
17:25:07.266300,medium
17:25:07.350423,release
17:25:07.528497,soft
17:25:08.485683,release
17:25:08.574075,medium
17:25:08.745979,release
17:25:08.934587,soft
17:25:09.451483,medium
17:25:09.533806,hard
17:25:10.147984,release
17:25:10.323661,soft
17:25:11.544864,medium
17:25:11.635167,release
17:25:11.718811,soft
17:25:11.977559,release
17:25:12.156941,soft
17:25:12.855921,release
17:25:13.210296,soft
17:25:13.727160,medium
17:25:13.818330,hard
17:25:13.918425,release
17:25:14.078309,soft
17:25:17.224994,release
17:25:17.311663,soft
17:25:17.393997,release
17:25:17.586563,soft
17:25:23.072965,release
17:25:23.158667,soft
17:25:23.247585,release
17:25:23.603138,soft
17:25:24.296984,release
17:25:24.555963,soft
17:25:24.905758,release
17:25:24.995158,medium
17:25:25.167564,release
17:25:25.258454,soft
17:25:25.521897,release
17:25:25.783658,soft
17:25:26.393716,medium
17:25:26.567820,release
17:25:26.751841,soft
17:25:27.965234,release
17:25:28.153957,soft
17:25:28.236219,release
17:25:28.324775,soft
17:25:28.766772,release
17:25:28.835818,medium
17:25:29.021988,release
17:25:29.099879,soft
17:25:29.627099,medium
17:25:30.234767,release
17:25:30.323847,soft
17:25:30.586614,release
17:25:30.670655,soft
17:25:30.757572,release
17:25:30.864107,soft
17:25:31.021751,release
17:25:31.287671,soft
17:25:31.544338,medium
17:25:31.631268,release
17:25:31.830202,soft
17:25:33.201927,release
17:25:33.640669,soft
17:25:34.343397,release
17:25:34.692141,soft
17:25:36.540787,release
17:25:36.873243,soft
17:25:37.050472,medium
17:25:37.161859,release
17:25:37.332124,soft
17:25:38.094569,release
17:25:38.271349,soft
17:25:38.451506,release
17:25:38.536117,soft
17:25:39.414167,release
17:25:39.666661,soft
17:25:40.104967,release
17:25:40.371092,soft
17:25:40.473754,release
17:25:40.556624,soft
17:25:40.718846,release
17:25:40.839699,soft
17:25:41.850732,release
17:25:41.940233,soft
17:25:42.374126,release
17:25:42.471901,soft
17:25:42.925338,release
17:25:43.013150,soft
17:25:44.472617,release
17:25:44.572886,soft
17:25:44.736924,release
17:25:44.819293,soft
17:25:45.260949,medium
17:25:45.342036,release
17:25:45.521831,soft
17:25:45.709980,medium
17:25:45.873601,release
17:25:45.977810,soft
17:25:46.046782,medium
17:25:46.220195,release
17:25:46.317018,soft
17:25:54.357260,release
17:25:54.518769,soft
17:26:04.658164,release
17:26:04.940193,soft
17:26:07.271267,release
17:26:07.372287,soft
17:26:08.059729,release
17:26:08.142235,medium
17:26:08.326743,release
17:26:08.411745,soft
17:26:12.159307,release
17:26:12.301874,soft
17:26:12.685695,release
17:26:13.129365,soft
17:26:15.041954,release
17:26:15.946152,soft
17:26:29.365763,release
17:26:29.486427,soft
17:26:29.805151,medium
17:26:30.083707,release
17:26:30.238542,soft
17:26:51.724586,release
17:26:51.815507,medium
17:26:51.992096,release
17:26:52.166623,soft
17:26:58.712503,release
17:26:58.798977,medium
17:26:58.892250,release
17:26:58.974671,soft
17:26:59.245890,release
17:26:59.363025,medium
17:26:59.500183,release
17:26:59.585352,soft
17:26:59.685516,medium
17:26:59.848979,hard
17:27:00.210687,release
17:27:00.467098,soft
17:27:01.682754,release
17:27:02.030266,soft
17:27:02.729602,release
17:27:03.081024,soft
17:27:03.431376,release
17:27:03.698956,soft
17:27:04.000496,release
17:27:04.219166,soft
17:27:04.492094,release
17:27:04.563508,soft
17:27:04.652334,release
17:27:04.826974,soft
17:27:05.092222,release
17:27:05.437754,soft
17:27:05.625681,release
17:27:05.725076,soft
17:27:05.884269,release
17:27:05.969599,soft
17:27:06.228137,release
17:27:06.320894,soft
17:27:06.488021,release
17:27:06.570555,soft
17:27:06.955616,release
17:27:07.020094,soft
17:27:07.098969,medium
17:27:07.199345,release
17:27:07.276867,soft
17:27:07.557745,release
17:27:07.627275,soft
17:27:07.713700,release
17:27:07.886493,soft
17:27:08.657541,release
17:27:09.725514,soft
17:27:09.862350,soft
17:27:11.200988,release
17:27:11.438630,soft
17:27:12.068700,release
17:27:12.267129,soft
17:27:12.686268,release
17:27:12.774066,soft
17:27:18.803503,release
17:27:19.149476,soft
17:27:28.584023,release
17:27:28.670783,soft
17:27:30.244701,release
17:27:30.358292,soft
17:27:31.028882,release
17:27:31.212416,soft
17:27:32.858960,release
17:27:33.092321,soft
17:27:33.389503,release
17:27:33.567839,soft
17:27:40.113408,release
17:27:40.374245,soft
17:27:43.266147,release
17:27:43.434444,soft
17:27:47.363942,release
17:27:47.539529,soft
17:27:48.061393,release
17:27:48.326217,soft
17:27:48.677311,release
17:27:48.940130,soft
17:27:49.371631,release
17:28:01.337366,soft
17:28:04.084192,release
17:28:04.157795,soft
17:28:07.300286,release
17:28:07.714853,soft
17:28:08.683773,release
17:28:09.120584,soft
17:28:10.342385,release
17:28:10.423787,soft
17:28:10.527409,medium
17:28:10.684685,release
17:28:10.926971,soft
17:28:12.691077,release
17:28:12.966909,soft
17:28:13.055056,release
17:28:13.250734,soft
17:28:13.655344,release
17:28:13.861981,soft
17:28:14.395452,release
17:28:16.202480,soft
17:28:17.156066,release
17:28:18.020066,soft
17:28:19.068228,release
17:28:19.263584,soft
17:28:22.739083,release
17:28:26.320105,soft
17:28:45.188223,release
17:28:46.323420,soft
17:28:51.828558,release
17:28:52.268779,soft
17:28:53.324566,release
17:28:55.881523,soft
17:28:57.331108,release
17:28:57.796321,soft
17:29:03.700387,release
17:29:03.824756,soft
17:29:04.234676,release
17:29:04.313893,soft
17:29:05.293769,release
17:29:05.623712,soft
17:29:13.224504,release
17:29:13.832615,soft
17:29:17.424458,release
17:29:28.258107,soft
17:29:29.006086,release
17:29:29.740706,soft
17:29:30.635493,release
17:29:31.879663,soft
17:29:33.485112,release
17:29:43.110838,soft
17:29:43.979679,release
17:29:53.924386,soft
17:29:54.270771,release
17:29:54.535852,soft
17:29:54.625247,release
17:29:54.796746,soft
17:29:56.203840,release
17:29:56.382069,soft
17:29:56.472389,release
17:29:56.865602,soft
17:29:57.470900,release
17:29:58.466012,soft
17:29:59.948191,release
17:30:00.131210,soft
17:30:00.474761,release
17:30:00.562626,soft
17:30:00.910377,release
17:30:01.000472,soft
17:30:01.186318,release
17:30:01.277022,soft
17:30:01.534602,release
17:30:02.045882,soft
17:30:02.395903,release
17:30:02.528511,soft
17:30:02.676092,release
17:30:02.832649,soft
17:30:03.277001,release
17:30:03.618941,soft
17:30:05.540334,release
17:30:05.716676,soft
17:30:05.888014,release
17:30:06.599628,soft
17:30:06.849170,release
17:30:07.136705,soft
17:30:07.214181,release
17:30:07.475716,soft
17:30:07.635913,release
17:30:07.810216,soft
17:30:08.948686,release
17:30:09.216488,soft
17:30:09.300591,release
17:30:09.564332,soft
17:30:10.608890,release
17:30:10.782030,soft
17:30:10.973426,release
17:30:11.214887,soft
17:30:11.484688,release
17:30:11.718492,soft
17:30:11.916699,release
17:30:12.088794,soft
17:30:12.350313,release
17:30:12.478187,soft
17:30:13.156074,medium
17:30:15.581314,release
17:30:15.933937,soft
17:30:17.680320,release
17:30:19.600663,soft
17:30:20.217937,release
17:30:20.649209,soft
17:30:21.174755,release
17:30:21.958264,soft
17:30:22.753323,release
17:30:22.833638,soft
17:30:23.361376,release
17:30:24.152322,soft
17:30:26.420682,release
17:30:27.217122,soft
17:30:27.462711,release
17:30:28.080708,soft
17:30:29.561539,release
17:30:30.361039,soft
17:30:30.695388,release
17:30:31.489467,soft
17:30:31.919528,release
17:30:32.798186,soft
17:30:33.577208,release
17:30:34.102420,soft
17:30:34.362346,release
17:30:34.627721,soft
17:30:35.070878,release
17:30:35.326764,soft
17:30:35.595891,release
17:30:35.846829,soft
17:30:36.815326,release
17:30:36.983955,soft
17:30:37.333212,release
17:30:38.998313,soft
17:30:39.877727,release
17:30:40.131892,soft
17:30:40.738691,release
17:30:42.923674,soft
17:30:43.884063,release
17:30:47.557663,soft
17:30:48.514954,release
17:30:49.483949,soft
17:30:49.998617,release
17:30:53.916861,soft
17:30:54.405855,release
17:30:54.813966,soft
17:30:55.163861,release
17:30:56.637057,soft
17:30:57.159842,release
17:30:57.622671,soft
17:30:57.794156,release
17:30:57.955482,soft
17:30:58.558771,release
17:31:00.484953,soft
17:31:01.004645,release
17:31:01.621808,soft
17:31:02.408349,release
17:31:02.760358,soft
17:31:03.458060,release
17:31:04.845040,soft
17:31:06.333845,release
17:31:07.731278,soft
17:31:09.303684,release
17:31:09.651929,soft
17:31:10.529982,release
17:31:13.845976,soft
17:31:14.978388,release
17:31:15.244166,soft
17:31:17.107485,release
17:31:18.112004,soft
17:31:18.580900,release
17:31:18.954003,soft
17:31:19.353118,release
17:31:19.648199,soft
17:31:20.656515,release
17:31:21.013743,soft
17:31:21.614120,release
17:31:21.791896,soft
17:31:22.317464,release
17:31:22.490646,soft
17:31:23.017903,release
17:31:23.449608,soft
17:31:23.888184,release
17:31:24.150892,soft
17:31:24.679693,release
17:31:25.112155,soft
17:31:27.561763,release
17:31:29.916513,soft
17:31:32.533852,release
17:31:32.716577,soft
17:31:33.501187,release
17:31:33.691999,soft
17:31:39.607130,release
17:31:39.870656,soft
17:31:44.242236,release
17:31:44.507128,soft
17:31:44.591080,release
17:31:44.674359,soft
17:31:45.381961,release
17:31:45.726057,soft
17:31:46.510867,release
17:31:46.776008,soft
17:31:47.311640,release
17:31:47.734009,soft
17:31:48.347168,release
17:31:48.696280,soft
17:31:49.661006,release
17:31:50.180819,soft
17:31:51.238890,release
17:31:51.321178,soft
17:31:51.491801,release
17:31:51.576661,soft
17:31:52.103867,release
17:31:52.187276,soft
17:31:52.363202,release
17:31:52.453027,soft
17:31:54.462383,release
17:31:54.723295,soft
17:31:55.164250,release
17:31:55.333968,soft
17:31:56.555487,release
17:31:56.973232,soft
17:31:57.865469,release
17:31:58.217588,soft
17:31:58.576212,release
17:31:58.911962,soft
17:31:59.529184,release
17:31:59.788168,soft
17:32:00.434100,release
17:32:00.749569,soft
17:32:01.535308,release
17:32:01.798304,soft
17:32:03.021930,release
17:32:03.111228,soft
17:32:03.285397,release
17:32:03.455247,soft
17:32:03.987093,release
17:32:04.063998,soft
17:32:04.173342,release
17:32:04.333949,soft
17:32:05.295567,release
17:32:05.555484,soft
17:32:06.948371,release
17:32:07.473425,soft
17:32:10.371706,release
17:32:10.661628,soft
17:32:11.836881,release
17:32:12.103501,soft
17:32:13.796940,release
17:32:13.950275,soft
17:32:14.536051,release
17:32:14.815193,soft
17:32:21.183670,release
17:32:21.446034,soft
17:32:21.916137,release
17:32:22.146982,soft
17:32:24.074151,release
17:32:24.418994,soft
17:32:24.776243,release
17:32:25.031674,soft
17:32:25.296484,release
17:32:25.481711,soft
17:32:27.648160,release
17:32:27.748231,soft
17:32:27.828788,release
17:32:28.004671,soft
17:32:28.791496,release
17:32:29.050470,soft
17:32:29.486709,release
17:32:29.751467,soft
17:32:31.230900,release
17:32:31.492589,soft
17:32:32.112062,release
17:32:32.192251,soft
17:32:32.365071,release
17:32:32.547092,soft
17:32:33.250799,release
17:32:33.420653,soft
17:32:35.072675,release
17:32:35.335537,soft
17:32:37.606255,release
17:32:37.957766,soft
17:32:39.895176,release
17:32:40.139677,soft
17:32:41.624987,release
17:32:41.806087,soft
17:32:42.361502,release
17:32:42.500375,soft
17:32:44.598048,release
17:32:44.682816,soft
17:32:45.563602,release
17:32:46.154881,soft
17:32:46.934934,release
17:32:47.057588,soft
17:32:47.916965,release
17:32:48.178011,soft
17:32:50.623382,release
17:32:50.882161,soft
17:32:51.500451,release
17:32:51.759874,soft
17:32:52.279375,release
17:32:52.543178,soft
17:32:52.889197,release
17:32:53.153149,soft
17:32:53.590309,release
17:32:53.853002,soft
17:32:54.204346,release
17:32:54.561921,soft
17:32:56.039235,release
17:32:56.385046,soft
17:32:59.181598,release
17:33:00.315656,soft
17:33:00.672193,release
17:33:01.109959,soft
17:33:01.451085,release
17:33:01.976467,soft
17:33:03.987790,release
17:33:04.596192,soft
17:33:05.121903,release
17:33:05.646727,soft
17:33:06.264289,release
17:33:06.350084,soft
17:33:07.219116,release
17:33:07.303452,soft
17:33:07.388337,release
17:33:07.565501,soft
17:33:08.884548,release
17:33:09.154790,soft
17:33:10.448611,release
17:33:10.533833,soft
17:33:10.624081,release
17:33:11.005225,soft
17:33:11.761530,release
17:33:12.106986,soft
17:33:12.457335,release
17:33:12.718744,soft
17:33:14.213672,release
17:33:14.469032,soft
17:33:16.828891,release
17:33:17.086710,soft
17:33:17.437527,release
17:33:17.799292,soft
17:33:18.063846,release
17:33:18.397459,soft
17:33:21.279452,release
17:33:21.540133,soft
17:33:21.627196,medium
17:33:21.898807,release
17:33:21.980927,soft
17:33:22.067687,release
17:33:22.249914,medium
17:33:22.498118,release
17:33:22.674045,soft
17:33:22.852247,release
17:33:22.938742,medium
17:33:23.133699,release
17:33:23.203251,soft
17:33:23.552219,release
17:33:23.817634,soft
17:33:24.085028,release
17:33:24.340914,soft
17:33:24.859657,release
17:33:25.119906,soft
17:33:25.745923,release
17:33:25.998203,soft
17:33:27.011767,release
17:33:27.307234,soft
17:33:28.100493,release
17:33:29.840632,soft
17:33:30.623655,release
17:33:30.974532,soft
17:33:32.109582,release
17:33:32.376519,soft
17:33:35.343760,release
17:33:35.431205,soft
17:33:35.519843,release
17:33:35.690349,soft
17:33:38.046154,release
17:33:38.222024,soft
17:33:38.750414,release
17:33:39.025819,soft
17:33:39.357038,release
17:33:39.661352,soft
17:33:40.145930,release
17:33:40.410006,soft
17:33:42.424245,release
17:33:45.733723,soft
17:33:46.085277,release
17:33:47.395258,soft
17:33:47.921423,release
17:33:49.321230,soft
17:33:50.198511,release
17:33:52.114567,soft
17:33:54.468960,release
17:33:55.633380,soft
17:33:56.039107,release
17:33:56.402693,soft
17:33:56.915732,release
17:33:57.350664,soft
17:33:59.710701,release
17:33:59.882255,soft
17:34:01.717761,release
17:34:01.891732,soft
17:34:09.232000,release
17:34:09.495373,soft
17:34:13.435080,release
17:34:13.770452,soft
17:34:14.996145,release
17:34:15.350862,soft
17:34:18.235294,release
17:34:18.431940,soft
17:34:19.190417,release
17:34:19.641336,soft
17:34:20.498134,release
17:34:21.208774,soft
17:34:23.731793,release
17:34:26.790244,soft
17:34:27.925747,release
17:34:30.718749,soft
17:34:31.415977,release
17:34:31.506683,soft
17:34:31.682042,release
17:34:31.852994,soft
17:34:32.639131,release
17:34:33.084496,soft
17:34:34.647133,medium
17:34:34.743804,release
17:34:35.271177,soft
17:34:35.611824,release
17:34:36.174545,soft
17:34:36.482154,release
17:34:39.252862,soft
17:34:39.583871,release
17:34:39.751319,soft
17:34:39.889291,release
17:34:40.529586,soft
17:34:41.642330,release
17:34:43.470043,soft
17:34:43.993486,release
17:34:44.520403,soft
17:34:45.044167,medium
17:34:45.310327,release
17:34:45.486457,soft
17:34:46.531043,release
17:34:46.877524,soft
17:34:48.017405,release
17:34:48.621396,soft
17:34:50.550996,release
17:34:50.899717,soft
17:34:54.324254,release
17:34:54.737288,soft
17:34:55.088654,release
17:34:55.586654,soft
17:34:56.041108,release
17:34:56.471292,soft
17:34:59.374491,release
17:34:59.549762,soft
17:34:59.635044,release
17:34:59.746953,soft
17:35:00.683320,medium
17:35:00.766292,release
17:35:00.939191,soft
17:35:02.429937,release
17:35:02.685954,soft
17:35:04.097758,release
17:35:04.394676,soft
17:35:06.463861,release
17:35:06.706283,soft
17:35:09.422108,release
17:35:09.678739,soft
17:35:11.158622,release
17:35:11.509804,soft
17:35:12.469553,release
17:35:12.734224,soft
17:35:15.449455,release
17:35:15.706472,soft
17:35:15.966652,release
17:35:16.489534,soft
17:35:17.797575,release
17:35:17.890429,soft
17:35:18.060955,release
17:35:18.145576,soft
17:35:18.847263,release
17:35:19.193216,soft
17:35:19.282876,release
17:35:19.818581,soft
17:35:21.204483,release
17:35:21.466924,soft
17:35:22.520547,release
17:35:22.953679,soft
17:35:23.306892,release
17:35:23.491846,soft
17:35:23.737014,release
17:35:23.889122,soft
17:35:26.018625,release
17:35:26.185487,soft
17:35:26.230724,medium
17:35:26.290301,release
17:35:28.031614,soft
17:35:29.765757,release
17:35:30.026476,soft
17:35:30.642158,release
17:35:34.217153,soft
17:35:34.924478,release
17:35:41.738777,soft
17:35:46.622712,release
17:35:46.711543,soft
17:35:46.897989,release
17:35:47.056204,soft
17:35:47.761737,release
17:35:48.978518,soft
17:35:49.504284,release
17:35:49.960978,soft
17:35:50.551185,release
17:35:53.706457,soft
17:35:53.961223,release
17:35:54.663153,soft
17:35:54.922498,release
17:35:55.450866,soft
17:35:55.891836,release
17:35:56.319912,soft
17:35:57.113544,release
17:35:57.556870,soft
17:35:58.066611,release
17:35:58.424010,soft
17:35:59.160329,release
17:35:59.554555,soft
17:36:00.426062,release
17:36:02.518969,soft
17:36:12.301679,release
17:36:12.855327,soft
17:36:13.350196,release
17:36:14.662454,soft
17:36:16.582887,release
17:36:17.628149,soft
17:36:20.045950,release
17:36:20.247463,soft
17:36:20.431212,release
17:36:20.493949,soft
17:36:20.802549,release
17:36:21.362098,soft
17:36:22.051704,release
17:36:23.567134,soft
17:36:23.749262,release
17:36:24.010863,soft
17:36:24.270606,release
17:36:24.914999,soft
17:36:26.799865,release
17:36:27.153686,soft
17:36:27.959708,release
17:36:28.634517,soft
17:36:29.572685,release
17:36:29.860147,soft
17:36:32.566816,release
17:36:32.828428,soft
17:36:33.543786,release
17:36:33.795491,soft
17:36:39.818202,release
17:36:40.080199,soft
17:36:41.218469,release
17:36:43.665618,soft
17:36:44.278868,release
17:36:44.544975,soft
17:36:45.840372,release
17:36:46.198990,soft
17:36:46.720036,release
17:36:46.911990,soft
17:36:46.989982,release
17:36:47.246070,soft
17:36:47.506301,release
17:36:47.691849,soft
17:36:48.038904,release
17:36:48.392689,medium
17:36:48.638008,release
17:36:48.996091,soft
17:36:49.090307,medium
17:36:49.347687,release
17:36:49.646022,soft
17:36:49.710855,release
17:36:49.806638,soft
17:36:50.045747,release
17:36:50.269660,soft
17:36:50.479640,release
17:36:50.741731,soft
17:36:52.486581,release
17:36:52.662963,soft
17:36:53.095948,release
17:36:53.356276,soft
17:36:54.051383,release
17:36:54.230304,soft
17:36:54.848283,release
17:36:55.122260,soft
17:36:55.625527,release
17:36:55.824723,soft
17:36:57.033163,release
17:36:57.203240,soft
17:36:57.898265,release
17:36:57.992392,soft
17:36:58.070236,release
17:36:58.168938,soft
17:36:58.600908,medium
17:36:58.686076,release
17:36:58.785304,soft
17:36:58.955581,release
17:36:59.042137,soft
17:36:59.118999,medium
17:36:59.317649,release
17:36:59.648373,soft
17:36:59.906103,release
17:37:00.095121,soft
17:37:00.606014,release
17:37:01.356912,soft
17:37:01.461708,release
17:37:01.588177,soft
17:37:01.757868,release
17:37:02.113216,soft
17:37:02.527439,release
17:37:03.400006,soft
17:37:03.845961,release
17:37:04.712716,soft
17:37:05.235990,release
17:37:05.759040,soft
17:37:06.375737,release
17:37:08.293982,soft
17:37:08.734303,release
17:37:08.828191,soft
17:37:08.987809,release
17:37:09.079078,soft
17:37:11.175799,release
17:37:11.264855,medium
17:37:11.417402,release
17:37:11.535473,soft
17:37:12.314447,release
17:37:12.719058,soft
17:37:13.368313,release
17:37:13.621531,soft
17:37:14.932205,release
17:37:15.197653,soft
17:37:17.465786,release
17:37:17.731111,soft
17:37:18.188967,release
17:37:18.481362,soft
17:37:18.945783,release
17:37:19.208590,soft
17:37:20.611898,release
17:37:20.765600,soft
17:37:22.091883,release
17:37:22.355880,soft
17:37:22.728852,release
17:37:22.947154,soft
17:37:23.929738,release
17:37:24.114543,soft
17:37:26.646344,release
17:37:26.813489,soft
17:37:27.597501,release
17:37:27.863670,soft
17:37:28.361889,release
17:37:28.467123,soft
17:37:28.736535,release
17:37:28.995620,soft
17:37:29.783398,release
17:37:30.216674,soft
17:37:35.336609,release
17:37:35.634322,soft
17:37:38.441060,release
17:37:39.227826,soft
17:37:40.441719,release
17:37:40.645708,soft
17:37:41.330484,release
17:37:41.451942,soft
17:37:41.835219,release
17:37:42.010001,soft
17:37:46.144429,release
17:37:46.294366,soft
17:37:46.642664,release
17:37:46.909965,soft
17:37:47.167578,release
17:37:47.247620,soft
17:37:47.344968,release
17:37:47.433069,soft
17:37:48.740663,release
17:37:48.822351,soft
17:37:48.908085,release
17:37:49.005628,soft
17:37:49.274174,release
17:37:49.520504,soft
17:37:49.709568,release
17:37:49.786637,soft
17:37:50.045629,release
17:37:50.136134,soft
17:37:50.486404,release
17:37:50.628018,soft
17:37:50.709033,medium
17:37:51.006175,release
17:37:51.178644,soft
17:37:51.546776,release
17:37:51.624294,soft
17:37:51.715543,medium
17:37:51.795171,release
17:37:51.972799,soft
17:37:52.321640,release
17:37:52.408347,soft
17:37:52.579919,release
17:37:52.665196,soft
17:37:59.240940,release
17:37:59.311730,soft
17:37:59.658736,release
17:37:59.764914,soft
17:37:59.852007,release
17:38:00.001037,soft
17:38:00.177664,release
17:38:00.261551,soft
17:38:00.437195,release
17:38:00.531145,soft
17:38:01.315671,release
17:38:01.439810,soft
17:38:01.660009,release
17:38:01.888999,soft
17:38:03.493098,release
17:38:03.589402,soft
17:38:03.756750,release
17:38:03.931404,soft
17:38:04.548224,release
17:38:04.803237,soft
17:38:11.799938,release
17:38:12.140411,soft
17:38:13.888116,release
17:38:14.004645,soft
17:38:14.163244,release
17:38:14.324800,soft
17:38:17.299090,release
17:38:17.416918,soft
17:38:18.868673,release
17:38:18.956184,soft
17:38:19.043638,medium
17:38:19.131076,release
17:38:19.217217,soft
17:38:21.934607,release
17:38:22.017162,soft
17:38:29.274068,release
17:38:29.365368,soft
17:38:29.458119,release
17:38:29.774387,soft
17:38:33.456575,release
17:38:33.546505,soft
17:38:33.654720,release
17:38:33.724012,soft
17:38:34.338509,medium
17:38:34.696525,release
17:38:34.860853,soft
17:38:37.209947,release
17:38:37.296470,soft
17:38:37.567283,release
17:38:37.650136,soft
17:38:39.041904,medium
17:38:39.130190,release
17:38:39.303086,soft
17:38:39.402306,release
17:38:39.527242,medium
17:38:39.746134,release
17:38:39.855424,soft
17:38:40.003834,hard
17:38:40.192144,release
17:38:40.352095,soft
17:38:43.932492,release
17:38:44.026052,medium
17:38:44.298138,release
17:38:44.429986,soft
17:38:44.602033,release
17:38:44.706789,medium
17:38:44.808129,release
17:38:44.987302,soft
17:38:45.166426,medium
17:38:45.332025,release
17:38:45.427934,soft
17:38:46.644657,release
17:38:46.820124,soft
17:38:47.039681,release
17:38:47.180064,soft
17:38:47.295788,release
17:38:47.378826,soft
17:38:47.565370,release
17:38:47.695820,soft
17:38:48.212239,release
17:38:48.311127,soft
17:38:48.652153,release
17:38:48.745459,medium
17:38:48.845187,release
17:38:49.013091,soft
17:38:49.109676,release
17:38:49.214573,medium
17:38:49.403910,soft
17:38:49.552471,release
17:38:49.614645,medium
17:38:49.700565,release
17:38:49.869847,soft
17:38:49.966619,medium
17:38:50.048983,hard
17:38:50.136732,release
17:38:50.394795,medium
17:38:50.500077,hard
17:38:50.581543,release
17:38:50.749236,soft
17:38:53.464168,release
17:38:53.727334,soft
17:38:55.222534,release
17:38:55.538411,soft
17:38:55.647637,release
17:38:55.886950,medium
17:38:56.190000,release
17:38:56.478313,soft
17:38:56.654268,hard
17:38:57.350072,release
17:38:57.572463,soft
17:38:57.859154,medium
17:38:58.244652,soft
17:39:00.266777,medium
17:39:00.363116,hard
17:39:00.446598,release
17:39:00.615565,soft
17:39:00.803710,release
17:39:00.881427,medium
17:39:00.976396,hard
17:39:01.051893,release
17:39:01.238503,soft
17:39:01.399743,release
17:39:01.492500,medium
17:39:01.728516,release
17:39:01.816460,soft
17:39:02.936589,medium
17:39:03.072632,release
17:39:03.152581,soft
17:39:03.419800,release
17:39:03.588425,soft
17:39:03.953058,release
17:39:04.108074,medium
17:39:04.184049,release
17:39:04.317416,soft
17:39:04.895120,medium
17:39:04.989933,release
17:39:05.164243,soft
17:39:05.342886,release
17:39:05.479963,soft
17:39:05.858904,medium
17:39:06.031326,release
17:39:06.298669,medium
17:39:06.465264,release
17:39:06.581663,soft
17:39:08.483315,release
17:39:09.527302,soft
17:39:10.922709,release
17:39:11.361819,soft
17:39:12.238513,release
17:39:12.320109,medium
17:39:12.499545,release
17:39:12.696430,soft
17:39:17.040154,release
17:39:17.124987,soft
17:39:17.306319,release
17:39:17.385576,soft
17:39:17.829792,medium
17:39:17.993980,release
17:39:18.163217,soft
17:39:18.357645,release
17:39:18.464083,medium
17:39:18.549860,hard
17:39:18.622381,release
17:39:18.793905,soft
17:39:27.953123,release
17:39:28.045725,soft
17:39:28.231739,release
17:39:28.307058,soft
17:39:30.409157,release
17:39:30.493684,soft
17:39:30.922471,release
17:39:31.185071,soft
17:39:31.633854,release
17:39:31.799071,soft
17:39:37.824776,medium
17:39:37.909542,release
17:39:38.001130,soft
17:39:40.714313,release
17:39:40.830561,soft
17:39:40.886871,medium
17:39:40.970630,release
17:39:41.056800,soft
17:39:50.672107,release
17:39:50.846013,soft
17:39:51.104032,release
17:39:51.287605,soft
17:39:59.841995,release
17:40:00.026329,soft
17:40:01.145958,release
17:40:01.409065,soft
17:40:01.772330,release
17:40:02.199307,medium
17:40:02.463489,release
17:40:02.717386,soft
17:40:03.074797,release
17:40:03.248571,soft
17:40:03.504723,release
17:40:03.596050,soft
17:40:03.782667,release
17:40:04.115802,soft
17:40:04.202834,release
17:40:04.315464,soft
17:40:14.426447,release
17:40:14.599723,soft
17:40:15.034554,release
17:40:15.228115,soft
17:40:16.696090,release
17:40:16.870943,soft
17:40:18.007408,release
17:40:18.115225,soft
17:40:18.269623,release
17:40:18.353508,soft
17:40:34.949378,release
17:40:35.214572,soft
17:40:35.549468,release
17:40:35.734800,soft
17:40:35.907148,release
17:40:36.176046,soft
17:40:36.350425,release
17:40:36.607877,soft
17:40:36.954968,release
17:40:37.056223,soft
17:40:37.224369,release
17:40:39.416656,soft
17:40:39.849084,release
17:40:40.586365,soft
17:40:41.071130,release
17:40:42.984348,soft
17:40:43.944065,release
17:40:45.515673,soft
17:40:46.132336,release
17:40:46.216260,soft
17:40:46.309573,release
17:40:46.565978,soft
17:40:46.829058,release
17:40:46.915800,soft
17:40:47.099080,release
17:40:47.183853,soft
17:40:47.881845,release
17:40:48.151049,soft
17:40:48.750927,release
17:40:49.018295,soft
17:40:49.357250,release
17:40:49.627227,soft
17:40:50.146543,release
17:40:50.581380,soft
17:40:51.198761,release
17:40:51.729779,soft
17:40:52.083319,release
17:40:52.339566,soft
17:40:52.396848,release
17:40:52.512076,soft
17:40:52.947494,release
17:40:53.337518,soft
17:40:53.735672,release
17:40:53.903045,soft
17:40:54.431617,release
17:40:54.686712,soft
17:41:15.999063,release
17:41:16.161176,soft
17:41:16.248816,medium
17:41:16.347314,release
17:41:17.063235,medium
17:41:17.223821,hard
17:41:17.399120,release
17:41:18.285695,medium
17:41:18.622644,hard
17:41:18.885924,release
17:41:19.087460,soft
13:40:18.432604,soft
13:40:19.060794,release
13:40:21.170064,soft
13:40:21.439584,medium
13:40:22.810801,release
13:41:33.830733,soft
13:41:34.354692,medium
13:41:34.873812,release
13:44:09.540908,soft
13:44:11.052472,release
13:49:44.909351,soft
13:49:45.521787,release
13:49:46.220109,soft
13:49:47.441192,medium
13:49:47.527645,release
13:49:49.448707,soft
13:49:49.531150,medium
13:49:49.624714,release
13:56:16.175641,soft
13:56:16.600549,release
13:56:22.279601,soft
13:56:22.717045,release
13:40:18.432604,soft
13:40:19.060794,release
13:40:21.170064,soft
13:40:21.439584,medium
13:40:22.810801,release
13:41:33.830733,soft
13:41:34.354692,medium
13:41:34.873812,release
13:44:09.540908,soft
13:44:11.052472,release
13:49:44.909351,soft
13:49:45.521787,release
13:49:46.220109,soft
13:49:47.441192,medium
13:49:47.527645,release
13:49:49.448707,soft
13:49:49.531150,medium
13:49:49.624714,release
13:56:16.175641,soft
13:56:16.600549,release
13:56:22.279601,soft
13:56:22.717045,release
18:41:24.338304,soft
18:41:24.936569,release
18:41:26.142802,soft
18:41:26.277013,medium
18:41:26.998479,release
18:41:59.483678,soft
18:41:59.713188,medium
18:42:00.008363,release
18:42:05.512879,soft
18:42:05.634060,medium
18:42:06.214193,release
18:42:10.141883,medium
18:42:10.231047,hard
18:42:12.762489,release
18:43:35.264796,soft
18:43:35.865992,release
18:45:26.457719,soft
18:45:26.545172,medium
18:45:26.641208,hard
18:45:27.946215,release
18:46:14.954174,soft
18:46:15.040069,medium
18:46:15.210369,release
18:46:19.951966,soft
18:46:20.117228,medium
18:46:20.632369,release
18:46:22.110680,soft
18:46:22.345808,medium
18:46:22.813069,hard
18:46:23.512347,release
18:46:35.657410,medium
18:46:35.746612,hard
18:46:36.614671,release
18:49:20.187428,soft
18:49:20.301168,medium
18:49:20.616816,release
18:49:23.225673,soft
18:49:23.348560,medium
18:49:23.433424,hard
18:49:24.712837,release
18:50:35.737368,medium
18:50:35.964540,release
18:52:43.699113,soft
18:52:43.795200,hard
18:52:44.770475,release
18:53:18.751563,soft
18:53:19.359492,release
18:53:21.201627,soft
18:53:21.552957,release
18:54:26.897662,soft
18:54:27.169914,medium
18:54:27.969757,release
18:54:36.421839,soft
18:54:36.945261,release
18:54:51.098242,soft
18:54:51.444225,medium
18:54:51.883249,release
18:54:55.730225,soft
18:54:56.602472,release
18:55:00.536961,soft
18:55:00.707369,medium
18:55:00.796555,hard
18:55:04.636248,release
18:55:04.995075,medium
18:55:05.571677,release
18:55:32.423766,soft
18:55:32.595865,medium
18:55:32.772834,hard
18:55:33.295930,release
18:55:35.129579,soft
18:55:35.228074,medium
18:55:35.953384,hard
18:55:36.103055,release
18:55:48.412987,medium
18:55:48.759007,release
18:55:51.727353,soft
18:55:51.823157,medium
18:55:52.079667,release
18:55:54.613932,soft
18:55:54.715929,medium
18:55:54.878747,hard
18:55:55.251433,release
18:56:00.078938,soft
18:56:00.292433,medium
18:56:00.469063,hard
18:56:02.824642,release
18:56:04.924261,soft
18:56:05.032065,medium
18:56:05.165602,hard
18:56:05.620341,release
18:56:10.600273,soft
18:56:10.692993,medium
18:56:10.778204,hard
18:56:11.041120,release
18:56:16.978504,soft
18:56:17.084511,medium
18:56:17.267357,hard
18:56:17.919463,release
18:56:21.782413,medium
18:56:21.883864,hard
18:56:23.714642,release
18:57:06.774012,soft
18:57:06.868540,medium
18:57:07.032713,hard
18:57:08.001451,release
18:58:18.323504,medium
18:58:18.497993,hard
18:58:19.104594,release
18:41:24.338304,soft
18:41:24.936569,release
18:41:26.142802,soft
18:41:26.277013,medium
18:41:26.998479,release
18:41:59.483678,soft
18:41:59.713188,medium
18:42:00.008363,release
18:42:05.512879,soft
18:42:05.634060,medium
18:42:06.214193,release
18:42:10.141883,medium
18:42:10.231047,hard
18:42:12.762489,release
18:43:35.264796,soft
18:43:35.865992,release
18:45:26.457719,soft
18:45:26.545172,medium
18:45:26.641208,hard
18:45:27.946215,release
18:46:14.954174,soft
18:46:15.040069,medium
18:46:15.210369,release
18:46:19.951966,soft
18:46:20.117228,medium
18:46:20.632369,release
18:46:22.110680,soft
18:46:22.345808,medium
18:46:22.813069,hard
18:46:23.512347,release
18:46:35.657410,medium
18:46:35.746612,hard
18:46:36.614671,release
18:49:20.187428,soft
18:49:20.301168,medium
18:49:20.616816,release
18:49:23.225673,soft
18:49:23.348560,medium
18:49:23.433424,hard
18:49:24.712837,release
18:50:35.737368,medium
18:50:35.964540,release
18:52:43.699113,soft
18:52:43.795200,hard
18:52:44.770475,release
18:53:18.751563,soft
18:53:19.359492,release
18:53:21.201627,soft
18:53:21.552957,release
18:54:26.897662,soft
18:54:27.169914,medium
18:54:27.969757,release
18:54:36.421839,soft
18:54:36.945261,release
18:54:51.098242,soft
18:54:51.444225,medium
18:54:51.883249,release
18:54:55.730225,soft
18:54:56.602472,release
18:55:00.536961,soft
18:55:00.707369,medium
18:55:00.796555,hard
18:55:04.636248,release
18:55:04.995075,medium
18:55:05.571677,release
18:55:32.423766,soft
18:55:32.595865,medium
18:55:32.772834,hard
18:55:33.295930,release
18:55:35.129579,soft
18:55:35.228074,medium
18:55:35.953384,hard
18:55:36.103055,release
18:55:48.412987,medium
18:55:48.759007,release
18:55:51.727353,soft
18:55:51.823157,medium
18:55:52.079667,release
18:55:54.613932,soft
18:55:54.715929,medium
18:55:54.878747,hard
18:55:55.251433,release
18:56:00.078938,soft
18:56:00.292433,medium
18:56:00.469063,hard
18:56:02.824642,release
18:56:04.924261,soft
18:56:05.032065,medium
18:56:05.165602,hard
18:56:05.620341,release
18:56:10.600273,soft
18:56:10.692993,medium
18:56:10.778204,hard
18:56:11.041120,release
18:56:16.978504,soft
18:56:17.084511,medium
18:56:17.267357,hard
18:56:17.919463,release
18:56:21.782413,medium
18:56:21.883864,hard
18:56:23.714642,release
18:57:06.774012,soft
18:57:06.868540,medium
18:57:07.032713,hard
18:57:08.001451,release
18:58:18.323504,medium
18:58:18.497993,hard
18:58:19.104594,release
10:28:42.896849,soft
10:28:43.325300,release
10:24:05.764162,soft
10:24:10.134307,release
10:24:10.306428,soft
10:24:11.192565,release
10:24:11.797435,soft
10:24:30.662154,release
10:24:32.498225,soft
10:24:36.077759,release
10:24:46.124322,soft
10:24:46.562231,medium
10:24:47.435136,release
10:26:19.157204,soft
10:26:19.772676,release
10:30:05.397112,soft
10:30:07.494270,release
10:30:13.954362,soft
10:30:14.218134,release
10:32:26.304790,soft
10:32:27.175299,release
10:33:13.735595,soft
10:33:15.488226,release
10:35:05.049613,soft
10:35:06.091660,release
10:35:06.774755,soft
10:35:07.649062,release
10:36:43.389745,soft
10:36:43.568209,release
10:36:44.528247,soft
10:36:44.701345,release
10:37:49.697650,soft
10:37:50.841319,release
10:37:52.229304,soft
10:37:52.490176,release
10:37:53.715938,soft
10:37:54.244709,release
10:37:55.460429,soft
10:37:55.635037,release
10:38:00.265963,soft
10:38:02.098637,release
10:38:23.069361,soft
10:38:24.903513,release
10:38:46.654117,soft
10:39:04.563523,release
10:39:10.803073,soft
10:39:10.925827,medium
10:39:12.518859,release
10:39:18.538392,soft
10:39:18.901615,medium
10:39:18.978323,hard
10:39:23.867474,release
10:40:17.334836,soft
10:40:17.596844,medium
10:40:17.686287,hard
10:40:18.206901,release
10:40:20.744839,soft
10:40:21.004175,release
10:40:22.139475,soft
10:40:22.402856,release
10:41:12.981682,soft
10:41:14.205613,release
10:28:42.896849,soft
10:28:43.325300,release
10:24:05.764162,soft
10:24:10.134307,release
10:24:10.306428,soft
10:24:11.192565,release
10:24:11.797435,soft
10:24:30.662154,release
10:24:32.498225,soft
10:24:36.077759,release
10:24:46.124322,soft
10:24:46.562231,medium
10:24:47.435136,release
10:26:19.157204,soft
10:26:19.772676,release
10:30:05.397112,soft
10:30:07.494270,release
10:30:13.954362,soft
10:30:14.218134,release
10:32:26.304790,soft
10:32:27.175299,release
10:33:13.735595,soft
10:33:15.488226,release
10:35:05.049613,soft
10:35:06.091660,release
10:35:06.774755,soft
10:35:07.649062,release
10:36:43.389745,soft
10:36:43.568209,release
10:36:44.528247,soft
10:36:44.701345,release
10:37:49.697650,soft
10:37:50.841319,release
10:37:52.229304,soft
10:37:52.490176,release
10:37:53.715938,soft
10:37:54.244709,release
10:37:55.460429,soft
10:37:55.635037,release
10:38:00.265963,soft
10:38:02.098637,release
10:38:23.069361,soft
10:38:24.903513,release
10:38:46.654117,soft
10:39:04.563523,release
10:39:10.803073,soft
10:39:10.925827,medium
10:39:12.518859,release
10:39:18.538392,soft
10:39:18.901615,medium
10:39:18.978323,hard
10:39:23.867474,release
10:40:17.334836,soft
10:40:17.596844,medium
10:40:17.686287,hard
10:40:18.206901,release
10:40:20.744839,soft
10:40:21.004175,release
10:40:22.139475,soft
10:40:22.402856,release
10:41:12.981682,soft
10:41:14.205613,release
12:31:28.140111,soft
12:31:28.234609,medium
12:31:29.063715,release
12:31:50.379469,medium
12:31:50.464736,hard
12:31:51.166799,release
12:31:57.543390,soft
12:32:04.005612,release
12:32:18.158004,soft
12:32:22.614463,release
12:33:22.623712,soft
12:33:22.798632,medium
12:33:24.364770,release
12:33:27.174971,soft
12:33:27.249598,medium
12:33:27.338983,hard
12:33:28.309055,release
12:33:49.785875,soft
12:33:57.386523,release
12:34:07.521496,soft
12:34:26.041734,release
12:35:10.243070,soft
12:35:10.591131,medium
12:35:11.380889,release
12:35:12.512038,soft
12:35:13.825052,medium
12:35:14.527784,release
12:35:17.840856,soft
12:35:18.282218,medium
12:35:19.593299,release
12:35:19.938504,soft
12:35:22.468253,medium
12:35:22.994102,hard
12:35:23.613560,release
12:35:24.828415,soft
12:35:24.915969,medium
12:35:25.702437,release
12:36:44.147408,soft
12:36:53.409221,medium
12:36:53.491683,hard
12:36:55.155218,release
12:37:10.786053,soft
12:37:10.880073,hard
12:37:13.325175,release
12:37:20.310539,soft
12:37:51.147609,release
12:38:03.202807,soft
12:38:16.481673,release
12:38:19.108026,soft
12:38:21.284099,release
12:38:22.773136,soft
12:38:35.187063,release
12:38:35.612065,soft
12:38:40.678901,release
12:38:42.338124,soft
12:38:43.388425,release
12:38:46.007353,soft
12:38:46.620306,medium
12:38:47.055368,release
12:38:47.842534,soft
12:38:48.550318,release
12:38:50.373201,soft
12:38:50.470909,medium
12:38:50.549744,hard
12:38:54.568140,release
12:38:55.269118,medium
12:38:55.792605,release
12:40:28.034977,soft
12:40:28.402188,medium
12:40:29.258718,release
12:40:29.348240,medium
12:40:35.199601,release
12:40:36.246806,soft
12:40:36.771598,medium
12:40:37.561280,release
12:40:45.769010,soft
12:40:45.940596,medium
12:40:46.294313,release
12:40:46.817239,soft
12:42:00.371854,release
12:42:08.670150,soft
12:42:08.757918,medium
12:42:08.863910,hard
12:42:09.718039,release
12:42:10.504030,medium
12:42:11.378287,release
12:42:59.335331,soft
12:43:44.234326,medium
12:43:44.496827,hard
12:43:46.332868,release
12:43:50.789530,soft
12:44:10.090895,release
12:44:11.229289,soft
12:44:11.556248,release
12:44:16.291883,soft
12:44:16.815013,medium
12:44:17.699948,release
12:44:17.869713,soft
12:44:18.665305,medium
12:44:18.741008,release
12:44:21.272210,soft
12:44:21.362771,release
12:45:24.864987,soft
12:45:29.759116,release
12:46:29.019931,soft
12:46:29.332574,medium
12:46:30.035091,release
12:46:30.329705,soft
12:46:32.011790,medium
12:46:32.201090,release
12:46:32.597204,soft
12:46:32.634356,medium
12:46:33.001185,release
12:46:35.445611,soft
12:47:03.667831,release
12:47:08.553493,soft
12:47:09.777766,release
12:47:12.843935,soft
12:47:14.143407,medium
12:47:15.277661,hard
12:47:17.113756,release
12:47:17.300592,medium
12:47:17.989266,release
12:47:25.414760,medium
12:47:25.502460,hard
12:47:28.299823,release
12:47:40.964736,soft
12:47:44.630424,release
12:47:48.212196,soft
12:47:48.825254,release
12:47:58.494286,soft
12:47:58.621788,medium
12:47:58.971243,hard
12:48:00.012945,release
12:48:46.482610,soft
12:48:46.652637,medium
12:48:47.368225,release
12:31:28.140111,soft
12:31:28.234609,medium
12:31:29.063715,release
12:31:50.379469,medium
12:31:50.464736,hard
12:31:51.166799,release
12:31:57.543390,soft
12:32:04.005612,release
12:32:18.158004,soft
12:32:22.614463,release
12:33:22.623712,soft
12:33:22.798632,medium
12:33:24.364770,release
12:33:27.174971,soft
12:33:27.249598,medium
12:33:27.338983,hard
12:33:28.309055,release
12:33:49.785875,soft
12:33:57.386523,release
12:34:07.521496,soft
12:34:26.041734,release
12:35:10.243070,soft
12:35:10.591131,medium
12:35:11.380889,release
12:35:12.512038,soft
12:35:13.825052,medium
12:35:14.527784,release
12:35:17.840856,soft
12:35:18.282218,medium
12:35:19.593299,release
12:35:19.938504,soft
12:35:22.468253,medium
12:35:22.994102,hard
12:35:23.613560,release
12:35:24.828415,soft
12:35:24.915969,medium
12:35:25.702437,release
12:36:44.147408,soft
12:36:53.409221,medium
12:36:53.491683,hard
12:36:55.155218,release
12:37:10.786053,soft
12:37:10.880073,hard
12:37:13.325175,release
12:37:20.310539,soft
12:37:51.147609,release
12:38:03.202807,soft
12:38:16.481673,release
12:38:19.108026,soft
12:38:21.284099,release
12:38:22.773136,soft
12:38:35.187063,release
12:38:35.612065,soft
12:38:40.678901,release
12:38:42.338124,soft
12:38:43.388425,release
12:38:46.007353,soft
12:38:46.620306,medium
12:38:47.055368,release
12:38:47.842534,soft
12:38:48.550318,release
12:38:50.373201,soft
12:38:50.470909,medium
12:38:50.549744,hard
12:38:54.568140,release
12:38:55.269118,medium
12:38:55.792605,release
12:40:28.034977,soft
12:40:28.402188,medium
12:40:29.258718,release
12:40:29.348240,medium
12:40:35.199601,release
12:40:36.246806,soft
12:40:36.771598,medium
12:40:37.561280,release
12:40:45.769010,soft
12:40:45.940596,medium
12:40:46.294313,release
12:40:46.817239,soft
12:42:00.371854,release
12:42:08.670150,soft
12:42:08.757918,medium
12:42:08.863910,hard
12:42:09.718039,release
12:42:10.504030,medium
12:42:11.378287,release
12:42:59.335331,soft
12:43:44.234326,medium
12:43:44.496827,hard
12:43:46.332868,release
12:43:50.789530,soft
12:44:10.090895,release
12:44:11.229289,soft
12:44:11.556248,release
12:44:16.291883,soft
12:44:16.815013,medium
12:44:17.699948,release
12:44:17.869713,soft
12:44:18.665305,medium
12:44:18.741008,release
12:44:21.272210,soft
12:44:21.362771,release
12:45:24.864987,soft
12:45:29.759116,release
12:46:29.019931,soft
12:46:29.332574,medium
12:46:30.035091,release
12:46:30.329705,soft
12:46:32.011790,medium
12:46:32.201090,release
12:46:32.597204,soft
12:46:32.634356,medium
12:46:33.001185,release
12:46:35.445611,soft
12:47:03.667831,release
12:47:08.553493,soft
12:47:09.777766,release
12:47:12.843935,soft
12:47:14.143407,medium
12:47:15.277661,hard
12:47:17.113756,release
12:47:17.300592,medium
12:47:17.989266,release
12:47:25.414760,medium
12:47:25.502460,hard
12:47:28.299823,release
12:47:40.964736,soft
12:47:44.630424,release
12:47:48.212196,soft
12:47:48.825254,release
12:47:58.494286,soft
12:47:58.621788,medium
12:47:58.971243,hard
12:48:00.012945,release
12:48:46.482610,soft
12:48:46.652637,medium
12:48:47.368225,release
12:48:50.242156,soft
12:48:50.512028,hard
12:48:50.678482,release
12:31:28.140111,soft
12:31:28.234609,medium
12:31:29.063715,release
12:31:50.379469,medium
12:31:50.464736,hard
12:31:51.166799,release
12:31:57.543390,soft
12:32:04.005612,release
12:32:18.158004,soft
12:32:22.614463,release
12:33:22.623712,soft
12:33:22.798632,medium
12:33:24.364770,release
12:33:27.174971,soft
12:33:27.249598,medium
12:33:27.338983,hard
12:33:28.309055,release
12:33:49.785875,soft
12:33:57.386523,release
12:34:07.521496,soft
12:34:26.041734,release
12:35:10.243070,soft
12:35:10.591131,medium
12:35:11.380889,release
12:35:12.512038,soft
12:35:13.825052,medium
12:35:14.527784,release
12:35:17.840856,soft
12:35:18.282218,medium
12:35:19.593299,release
12:35:19.938504,soft
12:35:22.468253,medium
12:35:22.994102,hard
12:35:23.613560,release
12:35:24.828415,soft
12:35:24.915969,medium
12:35:25.702437,release
12:36:44.147408,soft
12:36:53.409221,medium
12:36:53.491683,hard
12:36:55.155218,release
12:37:10.786053,soft
12:37:10.880073,hard
12:37:13.325175,release
12:37:20.310539,soft
12:37:51.147609,release
12:38:03.202807,soft
12:38:16.481673,release
12:38:19.108026,soft
12:38:21.284099,release
12:38:22.773136,soft
12:38:35.187063,release
12:38:35.612065,soft
12:38:40.678901,release
12:38:42.338124,soft
12:38:43.388425,release
12:38:46.007353,soft
12:38:46.620306,medium
12:38:47.055368,release
12:38:47.842534,soft
12:38:48.550318,release
12:38:50.373201,soft
12:38:50.470909,medium
12:38:50.549744,hard
12:38:54.568140,release
12:38:55.269118,medium
12:38:55.792605,release
12:40:28.034977,soft
12:40:28.402188,medium
12:40:29.258718,release
12:40:29.348240,medium
12:40:35.199601,release
12:40:36.246806,soft
12:40:36.771598,medium
12:40:37.561280,release
12:40:45.769010,soft
12:40:45.940596,medium
12:40:46.294313,release
12:40:46.817239,soft
12:42:00.371854,release
12:42:08.670150,soft
12:42:08.757918,medium
12:42:08.863910,hard
12:42:09.718039,release
12:42:10.504030,medium
12:42:11.378287,release
12:42:59.335331,soft
12:43:44.234326,medium
12:43:44.496827,hard
12:43:46.332868,release
12:43:50.789530,soft
12:44:10.090895,release
12:44:11.229289,soft
12:44:11.556248,release
12:44:16.291883,soft
12:44:16.815013,medium
12:44:17.699948,release
12:44:17.869713,soft
12:44:18.665305,medium
12:44:18.741008,release
12:44:21.272210,soft
12:44:21.362771,release
12:45:24.864987,soft
12:45:29.759116,release
12:46:29.019931,soft
12:46:29.332574,medium
12:46:30.035091,release
12:46:30.329705,soft
12:46:32.011790,medium
12:46:32.201090,release
12:46:32.597204,soft
12:46:32.634356,medium
12:46:33.001185,release
12:46:35.445611,soft
12:47:03.667831,release
12:47:08.553493,soft
12:47:09.777766,release
12:47:12.843935,soft
12:47:14.143407,medium
12:47:15.277661,hard
12:47:17.113756,release
12:47:17.300592,medium
12:47:17.989266,release
12:47:25.414760,medium
12:47:25.502460,hard
12:47:28.299823,release
12:47:40.964736,soft
12:47:44.630424,release
12:47:48.212196,soft
12:47:48.825254,release
12:47:58.494286,soft
12:47:58.621788,medium
12:47:58.971243,hard
12:48:00.012945,release
12:48:46.482610,soft
12:48:46.652637,medium
12:48:47.368225,release
12:48:50.242156,soft
12:48:50.512028,hard
12:48:50.678482,release
18:12:44.125799,soft
18:12:45.346610,release
18:18:08.125407,soft
18:18:08.563081,release
18:18:10.223078,soft
18:18:10.683358,release
18:18:12.144091,soft
18:18:12.506191,release
18:18:15.205547,soft
18:18:15.747573,release
18:23:04.887788,soft
18:23:05.409221,release
18:23:25.331720,soft
18:23:25.513481,medium
18:23:25.697822,release
18:12:44.125799,soft
18:12:45.346610,release
18:18:08.125407,soft
18:18:08.563081,release
18:18:10.223078,soft
18:18:10.683358,release
18:18:12.144091,soft
18:18:12.506191,release
18:18:15.205547,soft
18:18:15.747573,release
18:23:04.887788,soft
18:23:05.409221,release
18:23:25.331720,soft
18:23:25.513481,medium
18:23:25.697822,release
15:30:20.215304,soft
15:30:21.343252,medium
15:30:21.520296,hard
15:30:21.869141,release
15:31:29.657367,soft
15:31:31.756555,release
15:32:06.173694,soft
15:32:09.145178,release
15:32:25.656216,soft
15:32:27.315653,medium
15:32:27.490167,hard
15:32:27.666693,release
15:32:41.117951,soft
15:32:44.008045,release
15:33:17.376359,soft
15:33:25.675060,release
15:34:32.780135,soft
15:34:33.480453,medium
15:34:33.565997,hard
15:34:34.175158,release
15:34:45.540422,soft
15:34:46.932916,release
15:35:41.199527,soft
15:35:42.159393,medium
15:35:42.510365,release
15:36:35.549759,soft
15:36:52.935105,medium
15:36:53.028988,hard
15:36:53.719973,release
15:36:56.693942,soft
15:37:12.245271,release
15:37:17.048922,soft
15:37:46.844815,release
15:37:48.506025,soft
15:38:11.483496,medium
15:38:11.660416,hard
15:38:12.185006,release
15:38:52.638159,soft
15:38:58.759104,release
15:39:23.308421,soft
15:39:24.356570,medium
15:39:24.449832,hard
15:39:26.019629,release
15:39:26.368974,soft
15:39:26.716129,release
15:39:27.240556,soft
15:39:27.335683,release
15:39:31.001295,soft
15:39:32.762305,medium
15:39:32.835218,hard
15:39:33.968753,release
15:39:34.495734,soft
15:39:34.758566,release
15:42:12.390799,soft
15:42:12.995007,medium
15:42:13.086553,hard
15:42:13.611346,release
15:42:14.045834,soft
15:42:14.661754,release
15:43:00.612852,soft
15:43:01.050617,release
15:43:01.312726,soft
15:43:01.838852,release
15:43:02.111466,soft
15:43:03.679978,release
15:43:04.199427,soft
15:43:04.281793,release
15:43:04.720907,soft
15:43:04.807941,release
15:43:05.330433,soft
15:43:05.511468,release
15:43:05.771835,soft
15:43:05.854621,release
15:43:06.213659,soft
15:43:11.884744,release
15:43:12.237171,soft
15:43:12.591179,medium
15:43:12.671171,hard
15:43:13.895801,release
15:43:14.944191,soft
15:43:16.693098,release
15:43:16.882169,soft
15:43:17.255468,release
15:43:17.611130,soft
15:43:18.175393,medium
15:43:18.209245,hard
15:43:19.314272,release
15:43:31.720368,soft
15:43:48.326067,release
15:43:53.303152,soft
15:43:54.873966,medium
15:43:54.972941,hard
15:43:55.663425,release
15:44:24.321054,soft
15:44:26.678179,release
15:44:32.797843,soft
15:44:37.078200,release
15:44:38.569636,soft
15:44:51.065187,hard
15:44:51.932456,release
15:44:56.390661,soft
15:44:59.010556,hard
15:44:59.584192,release
15:45:19.545662,soft
15:45:20.330894,hard
15:45:21.201855,release
15:45:21.636702,soft
15:45:22.862746,medium
15:45:22.958754,hard
15:45:23.824128,release
15:45:25.568636,soft
15:45:26.269386,medium
15:45:26.354840,hard
15:45:26.793145,release
15:45:38.064814,soft
15:45:40.338078,medium
15:45:40.509105,hard
15:45:40.603285,release
15:45:48.116223,soft
15:45:48.380057,release
15:30:20.215304,soft
15:30:21.343252,medium
15:30:21.520296,hard
15:30:21.869141,release
15:31:29.657367,soft
15:31:31.756555,release
15:32:06.173694,soft
15:32:09.145178,release
15:32:25.656216,soft
15:32:27.315653,medium
15:32:27.490167,hard
15:32:27.666693,release
15:32:41.117951,soft
15:32:44.008045,release
15:33:17.376359,soft
15:33:25.675060,release
15:34:32.780135,soft
15:34:33.480453,medium
15:34:33.565997,hard
15:34:34.175158,release
15:34:45.540422,soft
15:34:46.932916,release
15:35:41.199527,soft
15:35:42.159393,medium
15:35:42.510365,release
15:36:35.549759,soft
15:36:52.935105,medium
15:36:53.028988,hard
15:36:53.719973,release
15:36:56.693942,soft
15:37:12.245271,release
15:37:17.048922,soft
15:37:46.844815,release
15:37:48.506025,soft
15:38:11.483496,medium
15:38:11.660416,hard
15:38:12.185006,release
15:38:52.638159,soft
15:38:58.759104,release
15:39:23.308421,soft
15:39:24.356570,medium
15:39:24.449832,hard
15:39:26.019629,release
15:39:26.368974,soft
15:39:26.716129,release
15:39:27.240556,soft
15:39:27.335683,release
15:39:31.001295,soft
15:39:32.762305,medium
15:39:32.835218,hard
15:39:33.968753,release
15:39:34.495734,soft
15:39:34.758566,release
15:42:12.390799,soft
15:42:12.995007,medium
15:42:13.086553,hard
15:42:13.611346,release
15:42:14.045834,soft
15:42:14.661754,release
15:43:00.612852,soft
15:43:01.050617,release
15:43:01.312726,soft
15:43:01.838852,release
15:43:02.111466,soft
15:43:03.679978,release
15:43:04.199427,soft
15:43:04.281793,release
15:43:04.720907,soft
15:43:04.807941,release
15:43:05.330433,soft
15:43:05.511468,release
15:43:05.771835,soft
15:43:05.854621,release
15:43:06.213659,soft
15:43:11.884744,release
15:43:12.237171,soft
15:43:12.591179,medium
15:43:12.671171,hard
15:43:13.895801,release
15:43:14.944191,soft
15:43:16.693098,release
15:43:16.882169,soft
15:43:17.255468,release
15:43:17.611130,soft
15:43:18.175393,medium
15:43:18.209245,hard
15:43:19.314272,release
15:43:31.720368,soft
15:43:48.326067,release
15:43:53.303152,soft
15:43:54.873966,medium
15:43:54.972941,hard
15:43:55.663425,release
15:44:24.321054,soft
15:44:26.678179,release
15:44:32.797843,soft
15:44:37.078200,release
15:44:38.569636,soft
15:44:51.065187,hard
15:44:51.932456,release
15:44:56.390661,soft
15:44:59.010556,hard
15:44:59.584192,release
15:45:19.545662,soft
15:45:20.330894,hard
15:45:21.201855,release
15:45:21.636702,soft
15:45:22.862746,medium
15:45:22.958754,hard
15:45:23.824128,release
15:45:25.568636,soft
15:45:26.269386,medium
15:45:26.354840,hard
15:45:26.793145,release
15:45:38.064814,soft
15:45:40.338078,medium
15:45:40.509105,hard
15:45:40.603285,release
15:45:48.116223,soft
15:45:48.380057,release
18:25:32.647842,soft
18:25:32.739892,medium
18:25:33.086837,release
18:26:01.749526,soft
18:26:02.243043,medium
18:26:02.834047,hard
18:26:03.846444,soft
18:26:04.107820,medium
18:26:04.820081,release
18:28:45.227532,soft
18:28:45.401820,medium
18:28:45.491182,release
18:30:10.153825,soft
18:30:10.505351,release
18:32:42.880274,medium
18:32:43.143063,release
18:32:49.607518,soft
18:32:49.704500,hard
18:32:49.785265,release
18:32:51.092878,medium
18:32:51.175974,hard
18:32:51.527548,release
18:35:54.040147,soft
18:35:54.297432,release
18:36:26.800382,soft
18:36:27.062492,release
18:37:02.356810,soft
18:37:02.443010,medium
18:37:02.620876,release
18:38:31.032745,soft
18:38:31.120773,medium
18:38:31.470952,release
18:38:32.258329,medium
18:38:32.429568,hard
18:38:32.519615,release
18:43:11.583476,medium
18:43:11.842990,release
18:43:25.843330,medium
18:43:26.000268,release
18:43:27.657299,soft
18:43:27.743067,medium
18:25:32.647842,soft
18:25:32.739892,medium
18:25:33.086837,release
18:26:01.749526,soft
18:26:02.243043,medium
18:26:02.834047,hard
18:26:03.846444,soft
18:26:04.107820,medium
18:26:04.820081,release
18:28:45.227532,soft
18:28:45.401820,medium
18:28:45.491182,release
18:30:10.153825,soft
18:30:10.505351,release
18:32:42.880274,medium
18:32:43.143063,release
18:32:49.607518,soft
18:32:49.704500,hard
18:32:49.785265,release
18:32:51.092878,medium
18:32:51.175974,hard
18:32:51.527548,release
18:35:54.040147,soft
18:35:54.297432,release
18:36:26.800382,soft
18:36:27.062492,release
18:37:02.356810,soft
18:37:02.443010,medium
18:37:02.620876,release
18:38:31.032745,soft
18:38:31.120773,medium
18:38:31.470952,release
18:38:32.258329,medium
18:38:32.429568,hard
18:38:32.519615,release
18:43:11.583476,medium
18:43:11.842990,release
18:43:25.843330,medium
18:43:26.000268,release
18:43:27.657299,soft
18:43:27.743067,medium
18:43:28.093650,release
18:43:29.756001,medium
18:43:29.930619,release
