0:00:25.409448,soft
0:00:25.665322,release
0:00:37.893957,soft
0:00:37.980916,medium
0:00:38.854893,release
0:01:06.983801,medium
0:01:07.153481,release
0:03:05.257363,medium
0:03:05.365338,hard
0:03:06.131892,release
0:04:39.940022,soft
0:04:40.026016,medium
0:04:40.116766,release
0:07:17.761443,soft
0:07:17.948434,release
0:11:37.986118,soft
0:11:38.379628,release
0:16:00.734708,soft
0:16:00.995538,release
0:00:25.409448,soft
0:00:25.665322,release
0:00:37.893957,soft
0:00:37.980916,medium
0:00:38.854893,release
0:01:06.983801,medium
0:01:07.153481,release
0:03:05.257363,medium
0:03:05.365338,hard
0:03:06.131892,release
0:04:39.940022,soft
0:04:40.026016,medium
0:04:40.116766,release
0:07:17.761443,soft
0:07:17.948434,release
0:11:37.986118,soft
0:11:38.379628,release
0:16:00.734708,soft
0:16:00.995538,release
0:04:21.715284,soft
0:04:23.986796,release
0:04:30.276760,soft
0:04:32.542564,release
0:00:11.485252,soft
0:00:13.361304,release
0:00:21.996496,soft
0:00:22.907169,medium
0:00:23.371824,release
0:00:59.838458,soft
0:01:00.168161,release
0:01:00.607369,soft
0:01:01.039060,release
0:01:26.897703,soft
0:01:28.036271,release
0:01:30.394614,soft
0:01:34.760155,medium
0:01:35.637563,release
0:01:41.663504,soft
0:01:42.357735,release
0:01:42.538445,soft
0:01:45.504840,medium
0:01:46.554821,release
0:01:47.163135,soft
0:01:47.950623,medium
0:01:51.966327,release
0:01:52.406246,soft
0:01:54.502448,release
0:02:21.321832,soft
0:02:33.463572,release
0:03:06.574696,soft
0:03:17.579529,release
0:05:09.488754,soft
0:05:21.366728,release
0:05:33.387328,soft
0:05:33.551230,release
0:05:43.121367,soft
0:05:43.908292,release
0:06:26.974601,soft
0:06:28.935065,release
0:06:32.264164,soft
0:06:33.353635,release
0:06:46.454757,soft
0:06:47.331354,release
0:07:09.520865,soft
0:07:09.697706,release
0:07:54.858018,soft
0:07:55.558465,release
0:08:34.002399,soft
0:08:34.520080,release
0:09:25.364256,soft
0:09:26.068216,release
0:09:37.593499,soft
0:09:37.680098,release
0:09:38.381934,soft
0:09:38.646412,release
0:09:41.960617,soft
0:09:44.233251,release
0:12:00.691034,soft
0:12:00.777784,release
0:12:01.476978,soft
0:12:02.003569,release
0:12:45.505714,soft
0:12:47.339534,release
0:12:49.434705,soft
0:12:51.905587,medium
0:12:56.268088,release
0:15:11.399644,soft
0:15:16.901268,release
0:15:17.163705,soft
0:15:46.517192,medium
0:15:46.690559,release
0:15:54.730498,soft
0:15:58.570901,release
0:16:11.119119,soft
0:16:11.172908,release
0:16:11.795738,soft
0:16:12.390491,release
0:16:15.691335,soft
0:16:16.051894,release
0:04:21.715284,soft
0:04:23.986796,release
0:04:30.276760,soft
0:04:32.542564,release
0:00:11.485252,soft
0:00:13.361304,release
0:00:21.996496,soft
0:00:22.907169,medium
0:00:23.371824,release
0:00:59.838458,soft
0:01:00.168161,release
0:01:00.607369,soft
0:01:01.039060,release
0:01:26.897703,soft
0:01:28.036271,release
0:01:30.394614,soft
0:01:34.760155,medium
0:01:35.637563,release
0:01:41.663504,soft
0:01:42.357735,release
0:01:42.538445,soft
0:01:45.504840,medium
0:01:46.554821,release
0:01:47.163135,soft
0:01:47.950623,medium
0:01:51.966327,release
0:01:52.406246,soft
0:01:54.502448,release
0:02:21.321832,soft
0:02:33.463572,release
0:03:06.574696,soft
0:03:17.579529,release
0:05:09.488754,soft
0:05:21.366728,release
0:05:33.387328,soft
0:05:33.551230,release
0:05:43.121367,soft
0:05:43.908292,release
0:06:26.974601,soft
0:06:28.935065,release
0:06:32.264164,soft
0:06:33.353635,release
0:06:46.454757,soft
0:06:47.331354,release
0:07:09.520865,soft
0:07:09.697706,release
0:07:54.858018,soft
0:07:55.558465,release
0:08:34.002399,soft
0:08:34.520080,release
0:09:25.364256,soft
0:09:26.068216,release
0:09:37.593499,soft
0:09:37.680098,release
0:09:38.381934,soft
0:09:38.646412,release
0:09:41.960617,soft
0:09:44.233251,release
0:12:00.691034,soft
0:12:00.777784,release
0:12:01.476978,soft
0:12:02.003569,release
0:12:45.505714,soft
0:12:47.339534,release
0:12:49.434705,soft
0:12:51.905587,medium
0:12:56.268088,release
0:15:11.399644,soft
0:15:16.901268,release
0:15:17.163705,soft
0:15:46.517192,medium
0:15:46.690559,release
0:15:54.730498,soft
0:15:58.570901,release
0:16:11.119119,soft
0:16:11.172908,release
0:16:11.795738,soft
0:16:12.390491,release
0:16:15.691335,soft
0:16:16.051894,release
0:00:08.933608,soft
0:00:09.018456,medium
0:00:11.099368,release
0:00:14.973378,soft
0:00:15.172253,medium
0:00:15.636545,release
0:00:15.824570,medium
0:00:16.122020,release
0:00:36.087745,soft
0:00:36.266059,medium
0:00:38.810101,release
0:00:53.471240,soft
0:00:53.627998,medium
0:00:53.763577,hard
0:00:56.624301,release
0:03:20.525919,soft
0:03:20.706966,medium
0:03:21.294009,release
0:03:21.606163,soft
0:03:21.726489,medium
0:03:21.829687,release
0:17:09.394327,soft
0:17:09.649078,medium
0:17:09.752902,hard
0:17:10.349989,release
0:17:12.014586,medium
0:17:12.100595,hard
0:17:12.291346,release
0:17:12.390929,medium
0:17:12.485446,hard
0:17:12.625544,release
0:17:12.728468,hard
0:17:12.888513,release
0:17:12.976938,medium
0:17:13.058025,hard
0:17:13.247772,release
0:17:13.321481,hard
0:17:13.495321,release
0:00:08.933608,soft
0:00:09.018456,medium
0:00:11.099368,release
0:00:14.973378,soft
0:00:15.172253,medium
0:00:15.636545,release
0:00:15.824570,medium
0:00:16.122020,release
0:00:36.087745,soft
0:00:36.266059,medium
0:00:38.810101,release
0:00:53.471240,soft
0:00:53.627998,medium
0:00:53.763577,hard
0:00:56.624301,release
0:03:20.525919,soft
0:03:20.706966,medium
0:03:21.294009,release
0:03:21.606163,soft
0:03:21.726489,medium
0:03:21.829687,release
0:17:09.394327,soft
0:17:09.649078,medium
0:17:09.752902,hard
0:17:10.349989,release
0:17:12.014586,medium
0:17:12.100595,hard
0:17:12.291346,release
0:17:12.390929,medium
0:17:12.485446,hard
0:17:12.625544,release
0:17:12.728468,hard
0:17:12.888513,release
0:17:12.976938,medium
0:17:13.058025,hard
0:17:13.247772,release
0:17:13.321481,hard
0:17:13.495321,release
0:00:12.800075,soft
0:00:12.867097,medium
0:00:13.632988,release
0:00:13.976626,soft
0:00:14.336668,release
0:00:14.605991,soft
0:00:14.736007,medium
0:00:17.378518,release
0:00:18.693647,soft
0:00:18.916835,medium
0:00:19.741343,release
0:00:20.001319,soft
0:00:23.073554,medium
0:00:23.327538,hard
0:00:23.502430,release
0:00:23.941745,soft
0:00:29.873896,medium
0:00:30.345288,hard
0:00:30.440830,release
0:00:31.047137,soft
0:00:31.809865,medium
0:00:32.087233,hard
0:00:32.250376,release
0:00:32.857775,soft
0:00:35.965370,medium
0:00:36.076701,hard
0:00:36.184367,release
0:00:38.083761,soft
0:00:38.283749,medium
0:00:38.430330,hard
0:00:38.786063,release
0:00:40.884125,soft
0:00:41.049978,medium
0:00:41.240742,hard
0:00:41.485498,release
0:00:41.891474,soft
0:00:41.928692,medium
0:00:42.188361,hard
0:00:42.617835,release
0:00:46.388926,soft
0:00:46.669523,medium
0:00:46.908411,hard
0:00:47.036869,release
0:00:47.604444,soft
0:00:51.358294,medium
0:00:51.796068,hard
0:00:53.807924,release
0:00:54.766516,soft
0:00:55.475050,medium
0:00:55.817586,hard
0:00:58.016347,release
0:00:59.122716,soft
0:01:02.177068,release
0:01:03.169830,soft
0:01:23.344262,medium
0:01:23.603775,hard
0:01:27.263570,release
0:01:28.132866,soft
0:01:28.236707,medium
0:01:28.400382,hard
0:01:30.935575,release
0:01:32.773382,soft
0:01:32.853084,medium
0:01:33.065559,hard
0:01:36.261404,release
0:01:36.610495,medium
0:01:36.955175,hard
0:01:37.044386,release
0:01:38.180224,soft
0:01:38.531014,medium
0:01:38.794144,hard
0:01:39.422888,release
0:01:40.547106,soft
0:01:40.629703,medium
0:01:41.423959,release
0:01:42.217629,soft
0:01:42.422116,release
0:02:19.064462,soft
0:02:22.386697,release
0:02:23.084624,soft
0:02:23.984944,release
0:02:29.987064,soft
0:02:40.636741,release
0:03:18.996768,soft
0:03:22.140523,release
0:03:24.400099,soft
0:03:26.848945,release
0:04:20.850120,soft
0:04:20.977366,medium
0:04:21.451841,hard
0:04:21.535517,release
0:04:23.917411,soft
0:04:23.975542,medium
0:04:24.413761,release
0:04:24.593385,medium
0:04:25.040791,release
0:04:27.908007,soft
0:04:34.568783,release
0:04:36.059067,soft
0:04:39.494307,release
0:04:46.866731,soft
0:04:46.956744,medium
0:04:47.044102,hard
0:04:47.163417,release
0:04:47.390884,medium
0:04:47.565887,hard
0:04:50.359009,release
0:04:50.884785,medium
0:04:51.318166,release
0:04:52.628821,soft
0:05:13.247578,medium
0:05:13.505541,hard
0:05:14.558350,release
0:05:15.078052,soft
0:05:15.341686,medium
0:05:23.377520,release
0:05:26.624860,soft
0:05:51.770813,medium
0:05:52.382568,release
0:05:52.565788,soft
0:06:01.463336,medium
0:06:01.641359,release
0:06:02.357020,soft
0:06:15.967566,medium
0:06:17.724788,release
0:06:18.064854,soft
0:06:28.113346,medium
0:06:28.990111,release
0:06:29.427928,soft
0:06:46.722504,release
0:06:46.906634,soft
0:06:47.094258,release
0:06:48.390909,soft
0:06:48.813680,release
0:06:49.429530,soft
0:06:51.609078,medium
0:07:27.472783,release
0:07:27.690798,soft
0:07:28.913655,medium
0:07:29.704549,release
0:07:29.962075,soft
0:07:33.106133,medium
0:07:34.586059,release
0:07:35.552891,soft
0:07:36.686014,medium
0:07:53.897485,release
0:07:54.505102,soft
0:07:57.736754,medium
0:07:58.789087,release
0:07:59.357740,soft
0:08:02.892816,medium
0:08:04.115967,release
0:08:05.870862,soft
0:09:08.744480,medium
0:09:10.131884,hard
0:09:10.288600,medium
0:09:10.366340,release
0:09:10.633764,soft
0:09:10.748342,medium
0:09:11.226718,hard
0:09:11.549620,medium
0:09:12.533851,release
0:09:12.776935,soft
0:09:12.865064,medium
0:09:13.398691,release
0:09:13.563749,soft
0:09:14.090342,medium
0:09:17.680096,release
0:09:17.758206,soft
0:09:18.456387,medium
0:09:19.336612,release
0:09:19.508603,soft
0:09:20.551451,medium
0:09:34.184103,release
0:09:34.616933,soft
0:09:36.628020,medium
0:09:40.662052,release
0:09:40.991209,soft
0:09:41.029401,medium
0:10:00.743970,hard
0:10:00.824959,release
0:10:01.004668,hard
0:10:01.103312,release
0:10:01.267834,medium
0:10:01.353886,hard
0:10:01.438582,release
0:10:01.611364,medium
0:10:01.713343,hard
0:10:01.786282,release
0:10:01.962166,medium
0:10:02.069322,hard
0:10:02.148688,release
0:10:02.309874,medium
0:10:02.401710,hard
0:10:02.483752,release
0:10:02.810030,soft
0:10:03.019723,medium
0:10:03.980082,hard
0:10:04.127621,release
0:10:04.428935,medium
0:10:04.581165,release
0:10:04.845666,soft
0:10:05.031691,medium
0:10:09.302948,release
0:10:09.392348,soft
0:10:09.479269,medium
0:10:29.218853,release
0:10:29.494326,soft
0:10:30.265340,medium
0:10:57.004703,release
0:10:58.141097,soft
0:11:10.540104,release
0:11:11.325063,soft
0:11:55.440864,release
0:12:08.230668,soft
0:12:08.909280,release
0:12:19.726040,soft
0:12:24.357908,medium
0:12:24.791078,hard
0:12:26.034553,release
0:12:27.507311,medium
0:12:29.179414,release
0:12:29.511845,soft
0:12:29.595662,medium
0:12:29.949104,hard
0:12:30.303494,release
0:12:31.733097,medium
0:12:33.105832,hard
0:12:33.276371,release
0:12:33.442031,medium
0:12:33.619701,hard
0:12:33.968944,release
0:12:34.408890,medium
0:12:37.466747,hard
0:12:37.648337,release
0:12:38.073339,medium
0:12:38.594283,hard
0:12:39.471278,release
0:12:40.344192,medium
0:12:42.972455,hard
0:12:43.577355,release
0:12:43.922596,soft
0:12:44.386748,medium
0:12:44.723637,hard
0:12:45.061925,release
0:12:46.022124,medium
0:12:59.476651,release
0:12:59.649563,medium
0:13:00.360841,release
0:13:01.069220,soft
0:13:01.223673,medium
0:13:01.487782,release
0:13:01.832689,soft
0:13:04.277530,medium
0:13:09.170508,release
0:13:09.341677,soft
0:13:09.435832,medium
0:13:10.045757,hard
0:13:10.742882,release
0:13:10.914749,medium
0:13:11.006511,hard
0:13:11.178515,release
0:13:11.357215,medium
0:13:11.441527,hard
0:13:11.615470,release
0:13:11.812275,medium
0:13:11.970036,hard
0:13:12.077888,release
0:13:12.839241,medium
0:13:27.778410,release
0:13:28.911526,soft
0:13:35.203145,medium
0:13:35.557189,release
0:13:36.259697,soft
0:13:40.880625,medium
0:13:42.714688,hard
0:13:43.521463,release
0:13:43.680351,medium
0:13:43.849759,hard
0:13:44.123540,release
0:13:44.648607,medium
0:13:47.611218,release
0:13:48.571627,soft
0:13:48.746869,medium
0:13:53.025029,release
0:13:53.642517,soft
0:13:54.054023,medium
0:13:54.596777,hard
0:13:54.861601,release
0:13:55.047327,medium
0:13:55.127703,hard
0:13:55.394894,release
0:13:55.478875,medium
0:13:55.558130,hard
0:13:55.731880,release
0:13:55.821800,medium
0:13:55.919397,hard
0:13:56.084810,release
0:13:56.256261,hard
0:13:56.520566,release
0:13:56.614342,medium
0:13:56.695776,hard
0:13:57.057738,release
0:13:57.154660,hard
0:13:57.403019,release
0:13:57.570340,medium
0:13:57.659061,hard
0:13:57.922541,release
0:13:58.090443,hard
0:13:58.354911,release
0:13:58.438898,hard
0:13:58.702445,release
0:13:58.796297,medium
0:13:58.880442,hard
0:13:59.053969,release
0:13:59.229050,hard
0:13:59.400890,release
0:13:59.588176,hard
0:13:59.751665,release
0:14:00.013688,medium
0:14:00.450415,release
0:14:01.166727,soft
0:14:01.330735,release
0:14:16.874237,soft
0:14:17.222112,release
0:14:17.484726,soft
0:14:17.747399,medium
0:14:17.869711,release
0:14:18.540679,soft
0:14:21.680270,release
0:14:22.210895,soft
0:14:25.784795,release
0:14:26.569332,medium
0:14:27.092932,release
0:14:27.270762,soft
0:14:27.715683,release
0:14:27.882066,soft
0:14:27.966543,medium
0:14:28.858832,hard
0:14:28.927765,release
0:14:29.376868,medium
0:14:29.809579,hard
0:14:30.106913,release
0:14:30.355494,medium
0:14:31.032299,release
0:14:31.288408,soft
0:14:31.986959,medium
0:14:32.598206,release
0:14:33.386814,soft
0:14:33.470260,medium
0:14:33.819098,hard
0:14:34.270152,release
0:14:35.487697,soft
0:14:35.832452,medium
0:14:36.181930,hard
0:14:36.530705,release
0:14:36.880978,soft
0:14:36.972180,medium
0:14:37.314688,hard
0:14:38.806011,release
0:14:38.980948,medium
0:14:39.063009,hard
0:14:40.196188,release
0:14:40.551234,medium
0:14:40.900342,hard
0:14:45.752698,release
0:14:45.964328,medium
0:14:46.142645,hard
0:14:49.981787,release
0:14:50.417700,soft
0:14:50.682608,medium
0:14:51.649238,hard
0:14:51.820520,release
0:14:52.000733,medium
0:14:52.081401,hard
0:14:52.166266,release
0:14:52.345365,medium
0:14:52.438990,hard
0:14:52.605392,release
0:14:52.773998,hard
0:14:53.039417,release
0:14:53.130351,medium
0:14:53.213481,hard
0:14:53.474517,release
0:14:53.572892,medium
0:14:53.655928,hard
0:14:53.924844,release
0:14:54.085842,medium
0:14:54.173862,hard
0:14:54.355577,release
0:14:54.608887,medium
0:14:54.703215,hard
0:14:54.875756,release
0:14:56.013941,soft
0:14:56.443946,release
0:14:57.406975,soft
0:14:57.673174,release
0:14:58.631206,soft
0:14:58.717460,medium
0:14:59.242067,hard
0:14:59.412895,release
0:15:13.394488,soft
0:15:13.918729,release
0:15:20.204740,soft
0:15:20.733003,release
0:15:20.908224,soft
0:15:21.515552,release
0:15:21.693524,soft
0:15:39.256261,release
0:15:39.783709,soft
0:15:40.038189,release
0:16:05.385172,soft
0:16:05.910236,medium
0:16:06.082460,release
0:16:06.340511,soft
0:16:08.177033,release
0:16:11.226951,soft
0:16:12.365436,release
0:16:18.304526,soft
0:16:23.109086,release
0:17:09.147805,soft
0:17:09.422185,release
0:17:10.193252,soft
0:17:10.638495,release
0:17:20.507033,soft
0:17:25.229198,release
0:17:25.311928,soft
0:17:25.486422,medium
0:17:26.970525,release
0:17:27.141666,soft
0:17:27.232859,medium
0:17:34.140388,release
0:17:34.499498,soft
0:17:34.744341,release
0:00:12.800075,soft
0:00:12.867097,medium
0:00:13.632988,release
0:00:13.976626,soft
0:00:14.336668,release
0:00:14.605991,soft
0:00:14.736007,medium
0:00:17.378518,release
0:00:18.693647,soft
0:00:18.916835,medium
0:00:19.741343,release
0:00:20.001319,soft
0:00:23.073554,medium
0:00:23.327538,hard
0:00:23.502430,release
0:00:23.941745,soft
0:00:29.873896,medium
0:00:30.345288,hard
0:00:30.440830,release
0:00:31.047137,soft
0:00:31.809865,medium
0:00:32.087233,hard
0:00:32.250376,release
0:00:32.857775,soft
0:00:35.965370,medium
0:00:36.076701,hard
0:00:36.184367,release
0:00:38.083761,soft
0:00:38.283749,medium
0:00:38.430330,hard
0:00:38.786063,release
0:00:40.884125,soft
0:00:41.049978,medium
0:00:41.240742,hard
0:00:41.485498,release
0:00:41.891474,soft
0:00:41.928692,medium
0:00:42.188361,hard
0:00:42.617835,release
0:00:46.388926,soft
0:00:46.669523,medium
0:00:46.908411,hard
0:00:47.036869,release
0:00:47.604444,soft
0:00:51.358294,medium
0:00:51.796068,hard
0:00:53.807924,release
0:00:54.766516,soft
0:00:55.475050,medium
0:00:55.817586,hard
0:00:58.016347,release
0:00:59.122716,soft
0:01:02.177068,release
0:01:03.169830,soft
0:01:23.344262,medium
0:01:23.603775,hard
0:01:27.263570,release
0:01:28.132866,soft
0:01:28.236707,medium
0:01:28.400382,hard
0:01:30.935575,release
0:01:32.773382,soft
0:01:32.853084,medium
0:01:33.065559,hard
0:01:36.261404,release
0:01:36.610495,medium
0:01:36.955175,hard
0:01:37.044386,release
0:01:38.180224,soft
0:01:38.531014,medium
0:01:38.794144,hard
0:01:39.422888,release
0:01:40.547106,soft
0:01:40.629703,medium
0:01:41.423959,release
0:01:42.217629,soft
0:01:42.422116,release
0:02:19.064462,soft
0:02:22.386697,release
0:02:23.084624,soft
0:02:23.984944,release
0:02:29.987064,soft
0:02:40.636741,release
0:03:18.996768,soft
0:03:22.140523,release
0:03:24.400099,soft
0:03:26.848945,release
0:04:20.850120,soft
0:04:20.977366,medium
0:04:21.451841,hard
0:04:21.535517,release
0:04:23.917411,soft
0:04:23.975542,medium
0:04:24.413761,release
0:04:24.593385,medium
0:04:25.040791,release
0:04:27.908007,soft
0:04:34.568783,release
0:04:36.059067,soft
0:04:39.494307,release
0:04:46.866731,soft
0:04:46.956744,medium
0:04:47.044102,hard
0:04:47.163417,release
0:04:47.390884,medium
0:04:47.565887,hard
0:04:50.359009,release
0:04:50.884785,medium
0:04:51.318166,release
0:04:52.628821,soft
0:05:13.247578,medium
0:05:13.505541,hard
0:05:14.558350,release
0:05:15.078052,soft
0:05:15.341686,medium
0:05:23.377520,release
0:05:26.624860,soft
0:05:51.770813,medium
0:05:52.382568,release
0:05:52.565788,soft
0:06:01.463336,medium
0:06:01.641359,release
0:06:02.357020,soft
0:06:15.967566,medium
0:06:17.724788,release
0:06:18.064854,soft
0:06:28.113346,medium
0:06:28.990111,release
0:06:29.427928,soft
0:06:46.722504,release
0:06:46.906634,soft
0:06:47.094258,release
0:06:48.390909,soft
0:06:48.813680,release
0:06:49.429530,soft
0:06:51.609078,medium
0:07:27.472783,release
0:07:27.690798,soft
0:07:28.913655,medium
0:07:29.704549,release
0:07:29.962075,soft
0:07:33.106133,medium
0:07:34.586059,release
0:07:35.552891,soft
0:07:36.686014,medium
0:07:53.897485,release
0:07:54.505102,soft
0:07:57.736754,medium
0:07:58.789087,release
0:07:59.357740,soft
0:08:02.892816,medium
0:08:04.115967,release
0:08:05.870862,soft
0:09:08.744480,medium
0:09:10.131884,hard
0:09:10.288600,medium
0:09:10.366340,release
0:09:10.633764,soft
0:09:10.748342,medium
0:09:11.226718,hard
0:09:11.549620,medium
0:09:12.533851,release
0:09:12.776935,soft
0:09:12.865064,medium
0:09:13.398691,release
0:09:13.563749,soft
0:09:14.090342,medium
0:09:17.680096,release
0:09:17.758206,soft
0:09:18.456387,medium
0:09:19.336612,release
0:09:19.508603,soft
0:09:20.551451,medium
0:09:34.184103,release
0:09:34.616933,soft
0:09:36.628020,medium
0:09:40.662052,release
0:09:40.991209,soft
0:09:41.029401,medium
0:10:00.743970,hard
0:10:00.824959,release
0:10:01.004668,hard
0:10:01.103312,release
0:10:01.267834,medium
0:10:01.353886,hard
0:10:01.438582,release
0:10:01.611364,medium
0:10:01.713343,hard
0:10:01.786282,release
0:10:01.962166,medium
0:10:02.069322,hard
0:10:02.148688,release
0:10:02.309874,medium
0:10:02.401710,hard
0:10:02.483752,release
0:10:02.810030,soft
0:10:03.019723,medium
0:10:03.980082,hard
0:10:04.127621,release
0:10:04.428935,medium
0:10:04.581165,release
0:10:04.845666,soft
0:10:05.031691,medium
0:10:09.302948,release
0:10:09.392348,soft
0:10:09.479269,medium
0:10:29.218853,release
0:10:29.494326,soft
0:10:30.265340,medium
0:10:57.004703,release
0:10:58.141097,soft
0:11:10.540104,release
0:11:11.325063,soft
0:11:55.440864,release
0:12:08.230668,soft
0:12:08.909280,release
0:12:19.726040,soft
0:12:24.357908,medium
0:12:24.791078,hard
0:12:26.034553,release
0:12:27.507311,medium
0:12:29.179414,release
0:12:29.511845,soft
0:12:29.595662,medium
0:12:29.949104,hard
0:12:30.303494,release
0:12:31.733097,medium
0:12:33.105832,hard
0:12:33.276371,release
0:12:33.442031,medium
0:12:33.619701,hard
0:12:33.968944,release
0:12:34.408890,medium
0:12:37.466747,hard
0:12:37.648337,release
0:12:38.073339,medium
0:12:38.594283,hard
0:12:39.471278,release
0:12:40.344192,medium
0:12:42.972455,hard
0:12:43.577355,release
0:12:43.922596,soft
0:12:44.386748,medium
0:12:44.723637,hard
0:12:45.061925,release
0:12:46.022124,medium
0:12:59.476651,release
0:12:59.649563,medium
0:13:00.360841,release
0:13:01.069220,soft
0:13:01.223673,medium
0:13:01.487782,release
0:13:01.832689,soft
0:13:04.277530,medium
0:13:09.170508,release
0:13:09.341677,soft
0:13:09.435832,medium
0:13:10.045757,hard
0:13:10.742882,release
0:13:10.914749,medium
0:13:11.006511,hard
0:13:11.178515,release
0:13:11.357215,medium
0:13:11.441527,hard
0:13:11.615470,release
0:13:11.812275,medium
0:13:11.970036,hard
0:13:12.077888,release
0:13:12.839241,medium
0:13:27.778410,release
0:13:28.911526,soft
0:13:35.203145,medium
0:13:35.557189,release
0:13:36.259697,soft
0:13:40.880625,medium
0:13:42.714688,hard
0:13:43.521463,release
0:13:43.680351,medium
0:13:43.849759,hard
0:13:44.123540,release
0:13:44.648607,medium
0:13:47.611218,release
0:13:48.571627,soft
0:13:48.746869,medium
0:13:53.025029,release
0:13:53.642517,soft
0:13:54.054023,medium
0:13:54.596777,hard
0:13:54.861601,release
0:13:55.047327,medium
0:13:55.127703,hard
0:13:55.394894,release
0:13:55.478875,medium
0:13:55.558130,hard
0:13:55.731880,release
0:13:55.821800,medium
0:13:55.919397,hard
0:13:56.084810,release
0:13:56.256261,hard
0:13:56.520566,release
0:13:56.614342,medium
0:13:56.695776,hard
0:13:57.057738,release
0:13:57.154660,hard
0:13:57.403019,release
0:13:57.570340,medium
0:13:57.659061,hard
0:13:57.922541,release
0:13:58.090443,hard
0:13:58.354911,release
0:13:58.438898,hard
0:13:58.702445,release
0:13:58.796297,medium
0:13:58.880442,hard
0:13:59.053969,release
0:13:59.229050,hard
0:13:59.400890,release
0:13:59.588176,hard
0:13:59.751665,release
0:14:00.013688,medium
0:14:00.450415,release
0:14:01.166727,soft
0:14:01.330735,release
0:14:16.874237,soft
0:14:17.222112,release
0:14:17.484726,soft
0:14:17.747399,medium
0:14:17.869711,release
0:14:18.540679,soft
0:14:21.680270,release
0:14:22.210895,soft
0:14:25.784795,release
0:14:26.569332,medium
0:14:27.092932,release
0:14:27.270762,soft
0:14:27.715683,release
0:14:27.882066,soft
0:14:27.966543,medium
0:14:28.858832,hard
0:14:28.927765,release
0:14:29.376868,medium
0:14:29.809579,hard
0:14:30.106913,release
0:14:30.355494,medium
0:14:31.032299,release
0:14:31.288408,soft
0:14:31.986959,medium
0:14:32.598206,release
0:14:33.386814,soft
0:14:33.470260,medium
0:14:33.819098,hard
0:14:34.270152,release
0:14:35.487697,soft
0:14:35.832452,medium
0:14:36.181930,hard
0:14:36.530705,release
0:14:36.880978,soft
0:14:36.972180,medium
0:14:37.314688,hard
0:14:38.806011,release
0:14:38.980948,medium
0:14:39.063009,hard
0:14:40.196188,release
0:14:40.551234,medium
0:14:40.900342,hard
0:14:45.752698,release
0:14:45.964328,medium
0:14:46.142645,hard
0:14:49.981787,release
0:14:50.417700,soft
0:14:50.682608,medium
0:14:51.649238,hard
0:14:51.820520,release
0:14:52.000733,medium
0:14:52.081401,hard
0:14:52.166266,release
0:14:52.345365,medium
0:14:52.438990,hard
0:14:52.605392,release
0:14:52.773998,hard
0:14:53.039417,release
0:14:53.130351,medium
0:14:53.213481,hard
0:14:53.474517,release
0:14:53.572892,medium
0:14:53.655928,hard
0:14:53.924844,release
0:14:54.085842,medium
0:14:54.173862,hard
0:14:54.355577,release
0:14:54.608887,medium
0:14:54.703215,hard
0:14:54.875756,release
0:14:56.013941,soft
0:14:56.443946,release
0:14:57.406975,soft
0:14:57.673174,release
0:14:58.631206,soft
0:14:58.717460,medium
0:14:59.242067,hard
0:14:59.412895,release
0:15:13.394488,soft
0:15:13.918729,release
0:15:20.204740,soft
0:15:20.733003,release
0:15:20.908224,soft
0:15:21.515552,release
0:15:21.693524,soft
0:15:39.256261,release
0:15:39.783709,soft
0:15:40.038189,release
0:16:05.385172,soft
0:16:05.910236,medium
0:16:06.082460,release
0:16:06.340511,soft
0:16:08.177033,release
0:16:11.226951,soft
0:16:12.365436,release
0:16:18.304526,soft
0:16:23.109086,release
0:17:09.147805,soft
0:17:09.422185,release
0:17:10.193252,soft
0:17:10.638495,release
0:17:20.507033,soft
0:17:25.229198,release
0:17:25.311928,soft
0:17:25.486422,medium
0:17:26.970525,release
0:17:27.141666,soft
0:17:27.232859,medium
0:17:34.140388,release
0:17:34.499498,soft
0:17:34.744341,release
0:03:33.174635,soft
0:00:04.901456,medium
0:00:06.684635,release
0:00:18.681888,soft
0:00:23.147160,release
0:00:26.292439,soft
0:00:26.657524,medium
0:00:27.088648,hard
0:00:28.213180,release
0:00:32.060681,soft
0:00:37.293523,medium
0:00:37.636999,hard
0:00:38.605377,release
0:00:43.314783,soft
0:00:44.014521,medium
0:00:44.710054,hard
0:00:46.983869,release
0:00:48.995837,soft
0:00:50.910684,medium
0:00:51.443367,hard
0:00:53.976266,release
0:01:14.901646,soft
0:01:15.802766,release
0:01:28.912474,soft
0:01:29.055157,release
0:01:30.312564,soft
0:01:30.398568,release
0:01:32.487676,soft
0:01:50.413179,release
0:01:50.747588,soft
0:01:53.712343,release
0:02:05.769970,soft
0:02:06.813623,release
0:02:07.263368,soft
0:02:07.556576,release
0:02:07.863787,soft
0:02:25.854245,medium
0:02:26.295414,hard
0:02:27.608319,release
0:02:30.756115,soft
0:02:32.056882,release
0:02:33.191262,soft
0:02:33.964446,release
0:02:42.036913,soft
0:02:42.801357,release
0:02:45.074796,soft
0:02:45.427536,release
0:02:46.118904,soft
0:02:54.940894,release
0:03:12.817481,soft
0:03:20.371970,release
0:03:42.545585,soft
0:03:43.957380,release
0:03:47.435786,soft
0:04:32.867613,release
0:04:55.063120,soft
0:05:38.218591,release
0:06:14.383847,soft
0:06:25.288044,release
0:07:23.466805,soft
0:07:23.816884,release
0:07:24.615144,soft
0:07:25.995423,release
0:07:26.703142,soft
0:07:29.676396,release
0:07:30.886928,soft
0:07:31.072142,release
0:07:32.024094,soft
0:07:39.539411,release
0:07:52.296573,soft
0:07:55.214583,release
0:08:00.519074,soft
0:08:05.949693,release
0:08:18.263175,soft
0:08:28.252232,release
0:08:29.153664,soft
0:08:44.340208,release
0:10:09.443950,soft
0:10:09.716852,medium
0:10:11.735537,release
0:10:11.988534,soft
0:10:16.609564,medium
0:10:22.546106,hard
0:10:24.901943,release
0:10:27.616650,soft
0:10:28.834867,release
0:10:34.512372,soft
0:11:10.765391,release
0:12:01.431525,soft
0:12:04.843709,release
0:14:44.100267,soft
0:14:45.563544,medium
0:14:54.398018,release
0:14:55.539897,soft
0:15:23.492263,release
0:15:24.301024,soft
0:15:31.370295,release
0:15:33.106664,soft
0:16:22.106565,medium
0:16:23.160454,release
0:16:23.452591,soft
0:16:23.955546,release
0:16:39.332996,soft
0:16:40.105774,release
0:16:40.318840,soft
0:16:41.009827,release
0:03:33.174635,soft
0:00:04.901456,medium
0:00:06.684635,release
0:00:18.681888,soft
0:00:23.147160,release
0:00:26.292439,soft
0:00:26.657524,medium
0:00:27.088648,hard
0:00:28.213180,release
0:00:32.060681,soft
0:00:37.293523,medium
0:00:37.636999,hard
0:00:38.605377,release
0:00:43.314783,soft
0:00:44.014521,medium
0:00:44.710054,hard
0:00:46.983869,release
0:00:48.995837,soft
0:00:50.910684,medium
0:00:51.443367,hard
0:00:53.976266,release
0:01:14.901646,soft
0:01:15.802766,release
0:01:28.912474,soft
0:01:29.055157,release
0:01:30.312564,soft
0:01:30.398568,release
0:01:32.487676,soft
0:01:50.413179,release
0:01:50.747588,soft
0:01:53.712343,release
0:02:05.769970,soft
0:02:06.813623,release
0:02:07.263368,soft
0:02:07.556576,release
0:02:07.863787,soft
0:02:25.854245,medium
0:02:26.295414,hard
0:02:27.608319,release
0:02:30.756115,soft
0:02:32.056882,release
0:02:33.191262,soft
0:02:33.964446,release
0:02:42.036913,soft
0:02:42.801357,release
0:02:45.074796,soft
0:02:45.427536,release
0:02:46.118904,soft
0:02:54.940894,release
0:03:12.817481,soft
0:03:20.371970,release
0:03:42.545585,soft
0:03:43.957380,release
0:03:47.435786,soft
0:04:32.867613,release
0:04:55.063120,soft
0:05:38.218591,release
0:06:14.383847,soft
0:06:25.288044,release
0:07:23.466805,soft
0:07:23.816884,release
0:07:24.615144,soft
0:07:25.995423,release
0:07:26.703142,soft
0:07:29.676396,release
0:07:30.886928,soft
0:07:31.072142,release
0:07:32.024094,soft
0:07:39.539411,release
0:07:52.296573,soft
0:07:55.214583,release
0:08:00.519074,soft
0:08:05.949693,release
0:08:18.263175,soft
0:08:28.252232,release
0:08:29.153664,soft
0:08:44.340208,release
0:10:09.443950,soft
0:10:09.716852,medium
0:10:11.735537,release
0:10:11.988534,soft
0:10:16.609564,medium
0:10:22.546106,hard
0:10:24.901943,release
0:10:27.616650,soft
0:10:28.834867,release
0:10:34.512372,soft
0:11:10.765391,release
0:12:01.431525,soft
0:12:04.843709,release
0:14:44.100267,soft
0:14:45.563544,medium
0:14:54.398018,release
0:14:55.539897,soft
0:15:23.492263,release
0:15:24.301024,soft
0:15:31.370295,release
0:15:33.106664,soft
0:16:22.106565,medium
0:16:23.160454,release
0:16:23.452591,soft
0:16:23.955546,release
0:16:39.332996,soft
0:16:40.105774,release
0:16:40.318840,soft
0:16:41.009827,release
0:01:43.539954,soft
0:01:43.597496,soft
0:01:43.760795,soft
0:01:44.279000,release
0:01:44.369432,medium
0:01:44.451671,release
0:01:44.625521,soft
0:01:45.880125,release
0:01:46.186421,medium
0:01:46.723794,soft
0:01:46.773533,release
0:01:47.166377,medium
0:01:47.424122,soft
0:00:00.569640,release
0:00:00.882939,soft
0:00:00.990177,release
0:00:01.178351,soft
0:00:04.313876,release
0:00:04.722051,soft
0:00:05.799148,release
0:00:05.882661,soft
0:00:06.769129,release
0:00:06.850546,medium
0:00:06.938640,hard
0:00:07.019456,release
0:00:07.200838,soft
0:00:07.457414,medium
0:00:07.629581,release
0:00:07.725493,soft
0:00:08.527280,release
0:00:08.636313,soft
0:00:08.766926,medium
0:00:10.085896,release
0:00:10.162040,soft
0:00:11.532058,release
0:00:12.733219,soft
0:00:23.172530,release
0:00:23.266300,medium
0:00:23.350423,release
0:00:23.528497,soft
0:00:24.485683,release
0:00:24.574075,medium
0:00:24.745979,release
0:00:24.934587,soft
0:00:25.451483,medium
0:00:25.533806,hard
0:00:26.147984,release
0:00:26.323661,soft
0:00:27.544864,medium
0:00:27.635167,release
0:00:27.718811,soft
0:00:27.977559,release
0:00:28.156941,soft
0:00:28.855921,release
0:00:29.210296,soft
0:00:29.727160,medium
0:00:29.818330,hard
0:00:29.918425,release
0:00:30.078309,soft
0:00:33.224994,release
0:00:33.311663,soft
0:00:33.393997,release
0:00:33.586563,soft
0:00:39.072965,release
0:00:39.158667,soft
0:00:39.247585,release
0:00:39.603138,soft
0:00:40.296984,release
0:00:40.555963,soft
0:00:40.905758,release
0:00:40.995158,medium
0:00:41.167564,release
0:00:41.258454,soft
0:00:41.521897,release
0:00:41.783658,soft
0:00:42.393716,medium
0:00:42.567820,release
0:00:42.751841,soft
0:00:43.965234,release
0:00:44.153957,soft
0:00:44.236219,release
0:00:44.324775,soft
0:00:44.766772,release
0:00:44.835818,medium
0:00:45.021988,release
0:00:45.099879,soft
0:00:45.627099,medium
0:00:46.234767,release
0:00:46.323847,soft
0:00:46.586614,release
0:00:46.670655,soft
0:00:46.757572,release
0:00:46.864107,soft
0:00:47.021751,release
0:00:47.287671,soft
0:00:47.544338,medium
0:00:47.631268,release
0:00:47.830202,soft
0:00:49.201927,release
0:00:49.640669,soft
0:00:50.343397,release
0:00:50.692141,soft
0:00:52.540787,release
0:00:52.873243,soft
0:00:53.050472,medium
0:00:53.161859,release
0:00:53.332124,soft
0:00:54.094569,release
0:00:54.271349,soft
0:00:54.451506,release
0:00:54.536117,soft
0:00:55.414167,release
0:00:55.666661,soft
0:00:56.104967,release
0:00:56.371092,soft
0:00:56.473754,release
0:00:56.556624,soft
0:00:56.718846,release
0:00:56.839699,soft
0:00:57.850732,release
0:00:57.940233,soft
0:00:58.374126,release
0:00:58.471901,soft
0:00:58.925338,release
0:00:59.013150,soft
0:01:00.472617,release
0:01:00.572886,soft
0:01:00.736924,release
0:01:00.819293,soft
0:01:01.260949,medium
0:01:01.342036,release
0:01:01.521831,soft
0:01:01.709980,medium
0:01:01.873601,release
0:01:01.977810,soft
0:01:02.046782,medium
0:01:02.220195,release
0:01:02.317018,soft
0:01:10.357260,release
0:01:10.518769,soft
0:01:20.658164,release
0:01:20.940193,soft
0:01:23.271267,release
0:01:23.372287,soft
0:01:24.059729,release
0:01:24.142235,medium
0:01:24.326743,release
0:01:24.411745,soft
0:01:28.159307,release
0:01:28.301874,soft
0:01:28.685695,release
0:01:29.129365,soft
0:01:31.041954,release
0:01:31.946152,soft
0:01:45.365763,release
0:01:45.486427,soft
0:01:45.805151,medium
0:01:46.083707,release
0:01:46.238542,soft
0:02:07.724586,release
0:02:07.815507,medium
0:02:07.992096,release
0:02:08.166623,soft
0:02:14.712503,release
0:02:14.798977,medium
0:02:14.892250,release
0:02:14.974671,soft
0:02:15.245890,release
0:02:15.363025,medium
0:02:15.500183,release
0:02:15.585352,soft
0:02:15.685516,medium
0:02:15.848979,hard
0:02:16.210687,release
0:02:16.467098,soft
0:02:17.682754,release
0:02:18.030266,soft
0:02:18.729602,release
0:02:19.081024,soft
0:02:19.431376,release
0:02:19.698956,soft
0:02:20.000496,release
0:02:20.219166,soft
0:02:20.492094,release
0:02:20.563508,soft
0:02:20.652334,release
0:02:20.826974,soft
0:02:21.092222,release
0:02:21.437754,soft
0:02:21.625681,release
0:02:21.725076,soft
0:02:21.884269,release
0:02:21.969599,soft
0:02:22.228137,release
0:02:22.320894,soft
0:02:22.488021,release
0:02:22.570555,soft
0:02:22.955616,release
0:02:23.020094,soft
0:02:23.098969,medium
0:02:23.199345,release
0:02:23.276867,soft
0:02:23.557745,release
0:02:23.627275,soft
0:02:23.713700,release
0:02:23.886493,soft
0:02:24.657541,release
0:02:25.725514,soft
0:02:25.862350,soft
0:02:27.200988,release
0:02:27.438630,soft
0:02:28.068700,release
0:02:28.267129,soft
0:02:28.686268,release
0:02:28.774066,soft
0:02:34.803503,release
0:02:35.149476,soft
0:02:44.584023,release
0:02:44.670783,soft
0:02:46.244701,release
0:02:46.358292,soft
0:02:47.028882,release
0:02:47.212416,soft
0:02:48.858960,release
0:02:49.092321,soft
0:02:49.389503,release
0:02:49.567839,soft
0:02:56.113408,release
0:02:56.374245,soft
0:02:59.266147,release
0:02:59.434444,soft
0:03:03.363942,release
0:03:03.539529,soft
0:03:04.061393,release
0:03:04.326217,soft
0:03:04.677311,release
0:03:04.940130,soft
0:03:05.371631,release
0:03:17.337366,soft
0:03:20.084192,release
0:03:20.157795,soft
0:03:23.300286,release
0:03:23.714853,soft
0:03:24.683773,release
0:03:25.120584,soft
0:03:26.342385,release
0:03:26.423787,soft
0:03:26.527409,medium
0:03:26.684685,release
0:03:26.926971,soft
0:03:28.691077,release
0:03:28.966909,soft
0:03:29.055056,release
0:03:29.250734,soft
0:03:29.655344,release
0:03:29.861981,soft
0:03:30.395452,release
0:03:32.202480,soft
0:03:33.156066,release
0:03:34.020066,soft
0:03:35.068228,release
0:03:35.263584,soft
0:03:38.739083,release
0:03:42.320105,soft
0:04:01.188223,release
0:04:02.323420,soft
0:04:07.828558,release
0:04:08.268779,soft
0:04:09.324566,release
0:04:11.881523,soft
0:04:13.331108,release
0:04:13.796321,soft
0:04:19.700387,release
0:04:19.824756,soft
0:04:20.234676,release
0:04:20.313893,soft
0:04:21.293769,release
0:04:21.623712,soft
0:04:29.224504,release
0:04:29.832615,soft
0:04:33.424458,release
0:04:44.258107,soft
0:04:45.006086,release
0:04:45.740706,soft
0:04:46.635493,release
0:04:47.879663,soft
0:04:49.485112,release
0:04:59.110838,soft
0:04:59.979679,release
0:05:09.924386,soft
0:05:10.270771,release
0:05:10.535852,soft
0:05:10.625247,release
0:05:10.796746,soft
0:05:12.203840,release
0:05:12.382069,soft
0:05:12.472389,release
0:05:12.865602,soft
0:05:13.470900,release
0:05:14.466012,soft
0:05:15.948191,release
0:05:16.131210,soft
0:05:16.474761,release
0:05:16.562626,soft
0:05:16.910377,release
0:05:17.000472,soft
0:05:17.186318,release
0:05:17.277022,soft
0:05:17.534602,release
0:05:18.045882,soft
0:05:18.395903,release
0:05:18.528511,soft
0:05:18.676092,release
0:05:18.832649,soft
0:05:19.277001,release
0:05:19.618941,soft
0:05:21.540334,release
0:05:21.716676,soft
0:05:21.888014,release
0:05:22.599628,soft
0:05:22.849170,release
0:05:23.136705,soft
0:05:23.214181,release
0:05:23.475716,soft
0:05:23.635913,release
0:05:23.810216,soft
0:05:24.948686,release
0:05:25.216488,soft
0:05:25.300591,release
0:05:25.564332,soft
0:05:26.608890,release
0:05:26.782030,soft
0:05:26.973426,release
0:05:27.214887,soft
0:05:27.484688,release
0:05:27.718492,soft
0:05:27.916699,release
0:05:28.088794,soft
0:05:28.350313,release
0:05:28.478187,soft
0:05:29.156074,medium
0:05:31.581314,release
0:05:31.933937,soft
0:05:33.680320,release
0:05:35.600663,soft
0:05:36.217937,release
0:05:36.649209,soft
0:05:37.174755,release
0:05:37.958264,soft
0:05:38.753323,release
0:05:38.833638,soft
0:05:39.361376,release
0:05:40.152322,soft
0:05:42.420682,release
0:05:43.217122,soft
0:05:43.462711,release
0:05:44.080708,soft
0:05:45.561539,release
0:05:46.361039,soft
0:05:46.695388,release
0:05:47.489467,soft
0:05:47.919528,release
0:05:48.798186,soft
0:05:49.577208,release
0:05:50.102420,soft
0:05:50.362346,release
0:05:50.627721,soft
0:05:51.070878,release
0:05:51.326764,soft
0:05:51.595891,release
0:05:51.846829,soft
0:05:52.815326,release
0:05:52.983955,soft
0:05:53.333212,release
0:05:54.998313,soft
0:05:55.877727,release
0:05:56.131892,soft
0:05:56.738691,release
0:05:58.923674,soft
0:05:59.884063,release
0:06:03.557663,soft
0:06:04.514954,release
0:06:05.483949,soft
0:06:05.998617,release
0:06:09.916861,soft
0:06:10.405855,release
0:06:10.813966,soft
0:06:11.163861,release
0:06:12.637057,soft
0:06:13.159842,release
0:06:13.622671,soft
0:06:13.794156,release
0:06:13.955482,soft
0:06:14.558771,release
0:06:16.484953,soft
0:06:17.004645,release
0:06:17.621808,soft
0:06:18.408349,release
0:06:18.760358,soft
0:06:19.458060,release
0:06:20.845040,soft
0:06:22.333845,release
0:06:23.731278,soft
0:06:25.303684,release
0:06:25.651929,soft
0:06:26.529982,release
0:06:29.845976,soft
0:06:30.978388,release
0:06:31.244166,soft
0:06:33.107485,release
0:06:34.112004,soft
0:06:34.580900,release
0:06:34.954003,soft
0:06:35.353118,release
0:06:35.648199,soft
0:06:36.656515,release
0:06:37.013743,soft
0:06:37.614120,release
0:06:37.791896,soft
0:06:38.317464,release
0:06:38.490646,soft
0:06:39.017903,release
0:06:39.449608,soft
0:06:39.888184,release
0:06:40.150892,soft
0:06:40.679693,release
0:06:41.112155,soft
0:06:43.561763,release
0:06:45.916513,soft
0:06:48.533852,release
0:06:48.716577,soft
0:06:49.501187,release
0:06:49.691999,soft
0:06:55.607130,release
0:06:55.870656,soft
0:07:00.242236,release
0:07:00.507128,soft
0:07:00.591080,release
0:07:00.674359,soft
0:07:01.381961,release
0:07:01.726057,soft
0:07:02.510867,release
0:07:02.776008,soft
0:07:03.311640,release
0:07:03.734009,soft
0:07:04.347168,release
0:07:04.696280,soft
0:07:05.661006,release
0:07:06.180819,soft
0:07:07.238890,release
0:07:07.321178,soft
0:07:07.491801,release
0:07:07.576661,soft
0:07:08.103867,release
0:07:08.187276,soft
0:07:08.363202,release
0:07:08.453027,soft
0:07:10.462383,release
0:07:10.723295,soft
0:07:11.164250,release
0:07:11.333968,soft
0:07:12.555487,release
0:07:12.973232,soft
0:07:13.865469,release
0:07:14.217588,soft
0:07:14.576212,release
0:07:14.911962,soft
0:07:15.529184,release
0:07:15.788168,soft
0:07:16.434100,release
0:07:16.749569,soft
0:07:17.535308,release
0:07:17.798304,soft
0:07:19.021930,release
0:07:19.111228,soft
0:07:19.285397,release
0:07:19.455247,soft
0:07:19.987093,release
0:07:20.063998,soft
0:07:20.173342,release
0:07:20.333949,soft
0:07:21.295567,release
0:07:21.555484,soft
0:07:22.948371,release
0:07:23.473425,soft
0:07:26.371706,release
0:07:26.661628,soft
0:07:27.836881,release
0:07:28.103501,soft
0:07:29.796940,release
0:07:29.950275,soft
0:07:30.536051,release
0:07:30.815193,soft
0:07:37.183670,release
0:07:37.446034,soft
0:07:37.916137,release
0:07:38.146982,soft
0:07:40.074151,release
0:07:40.418994,soft
0:07:40.776243,release
0:07:41.031674,soft
0:07:41.296484,release
0:07:41.481711,soft
0:07:43.648160,release
0:07:43.748231,soft
0:07:43.828788,release
0:07:44.004671,soft
0:07:44.791496,release
0:07:45.050470,soft
0:07:45.486709,release
0:07:45.751467,soft
0:07:47.230900,release
0:07:47.492589,soft
0:07:48.112062,release
0:07:48.192251,soft
0:07:48.365071,release
0:07:48.547092,soft
0:07:49.250799,release
0:07:49.420653,soft
0:07:51.072675,release
0:07:51.335537,soft
0:07:53.606255,release
0:07:53.957766,soft
0:07:55.895176,release
0:07:56.139677,soft
0:07:57.624987,release
0:07:57.806087,soft
0:07:58.361502,release
0:07:58.500375,soft
0:08:00.598048,release
0:08:00.682816,soft
0:08:01.563602,release
0:08:02.154881,soft
0:08:02.934934,release
0:08:03.057588,soft
0:08:03.916965,release
0:08:04.178011,soft
0:08:06.623382,release
0:08:06.882161,soft
0:08:07.500451,release
0:08:07.759874,soft
0:08:08.279375,release
0:08:08.543178,soft
0:08:08.889197,release
0:08:09.153149,soft
0:08:09.590309,release
0:08:09.853002,soft
0:08:10.204346,release
0:08:10.561921,soft
0:08:12.039235,release
0:08:12.385046,soft
0:08:15.181598,release
0:08:16.315656,soft
0:08:16.672193,release
0:08:17.109959,soft
0:08:17.451085,release
0:08:17.976467,soft
0:08:19.987790,release
0:08:20.596192,soft
0:08:21.121903,release
0:08:21.646727,soft
0:08:22.264289,release
0:08:22.350084,soft
0:08:23.219116,release
0:08:23.303452,soft
0:08:23.388337,release
0:08:23.565501,soft
0:08:24.884548,release
0:08:25.154790,soft
0:08:26.448611,release
0:08:26.533833,soft
0:08:26.624081,release
0:08:27.005225,soft
0:08:27.761530,release
0:08:28.106986,soft
0:08:28.457335,release
0:08:28.718744,soft
0:08:30.213672,release
0:08:30.469032,soft
0:08:32.828891,release
0:08:33.086710,soft
0:08:33.437527,release
0:08:33.799292,soft
0:08:34.063846,release
0:08:34.397459,soft
0:08:37.279452,release
0:08:37.540133,soft
0:08:37.627196,medium
0:08:37.898807,release
0:08:37.980927,soft
0:08:38.067687,release
0:08:38.249914,medium
0:08:38.498118,release
0:08:38.674045,soft
0:08:38.852247,release
0:08:38.938742,medium
0:08:39.133699,release
0:08:39.203251,soft
0:08:39.552219,release
0:08:39.817634,soft
0:08:40.085028,release
0:08:40.340914,soft
0:08:40.859657,release
0:08:41.119906,soft
0:08:41.745923,release
0:08:41.998203,soft
0:08:43.011767,release
0:08:43.307234,soft
0:08:44.100493,release
0:08:45.840632,soft
0:08:46.623655,release
0:08:46.974532,soft
0:08:48.109582,release
0:08:48.376519,soft
0:08:51.343760,release
0:08:51.431205,soft
0:08:51.519843,release
0:08:51.690349,soft
0:08:54.046154,release
0:08:54.222024,soft
0:08:54.750414,release
0:08:55.025819,soft
0:08:55.357038,release
0:08:55.661352,soft
0:08:56.145930,release
0:08:56.410006,soft
0:08:58.424245,release
0:09:01.733723,soft
0:09:02.085277,release
0:09:03.395258,soft
0:09:03.921423,release
0:09:05.321230,soft
0:09:06.198511,release
0:09:08.114567,soft
0:09:10.468960,release
0:09:11.633380,soft
0:09:12.039107,release
0:09:12.402693,soft
0:09:12.915732,release
0:09:13.350664,soft
0:09:15.710701,release
0:09:15.882255,soft
0:09:17.717761,release
0:09:17.891732,soft
0:09:25.232000,release
0:09:25.495373,soft
0:09:29.435080,release
0:09:29.770452,soft
0:09:30.996145,release
0:09:31.350862,soft
0:09:34.235294,release
0:09:34.431940,soft
0:09:35.190417,release
0:09:35.641336,soft
0:09:36.498134,release
0:09:37.208774,soft
0:09:39.731793,release
0:09:42.790244,soft
0:09:43.925747,release
0:09:46.718749,soft
0:09:47.415977,release
0:09:47.506683,soft
0:09:47.682042,release
0:09:47.852994,soft
0:09:48.639131,release
0:09:49.084496,soft
0:09:50.647133,medium
0:09:50.743804,release
0:09:51.271177,soft
0:09:51.611824,release
0:09:52.174545,soft
0:09:52.482154,release
0:09:55.252862,soft
0:09:55.583871,release
0:09:55.751319,soft
0:09:55.889291,release
0:09:56.529586,soft
0:09:57.642330,release
0:09:59.470043,soft
0:09:59.993486,release
0:10:00.520403,soft
0:10:01.044167,medium
0:10:01.310327,release
0:10:01.486457,soft
0:10:02.531043,release
0:10:02.877524,soft
0:10:04.017405,release
0:10:04.621396,soft
0:10:06.550996,release
0:10:06.899717,soft
0:10:10.324254,release
0:10:10.737288,soft
0:10:11.088654,release
0:10:11.586654,soft
0:10:12.041108,release
0:10:12.471292,soft
0:10:15.374491,release
0:10:15.549762,soft
0:10:15.635044,release
0:10:15.746953,soft
0:10:16.683320,medium
0:10:16.766292,release
0:10:16.939191,soft
0:10:18.429937,release
0:10:18.685954,soft
0:10:20.097758,release
0:10:20.394676,soft
0:10:22.463861,release
0:10:22.706283,soft
0:10:25.422108,release
0:10:25.678739,soft
0:10:27.158622,release
0:10:27.509804,soft
0:10:28.469553,release
0:10:28.734224,soft
0:10:31.449455,release
0:10:31.706472,soft
0:10:31.966652,release
0:10:32.489534,soft
0:10:33.797575,release
0:10:33.890429,soft
0:10:34.060955,release
0:10:34.145576,soft
0:10:34.847263,release
0:10:35.193216,soft
0:10:35.282876,release
0:10:35.818581,soft
0:10:37.204483,release
0:10:37.466924,soft
0:10:38.520547,release
0:10:38.953679,soft
0:10:39.306892,release
0:10:39.491846,soft
0:10:39.737014,release
0:10:39.889122,soft
0:10:42.018625,release
0:10:42.185487,soft
0:10:42.230724,medium
0:10:42.290301,release
0:10:44.031614,soft
0:10:45.765757,release
0:10:46.026476,soft
0:10:46.642158,release
0:10:50.217153,soft
0:10:50.924478,release
0:10:57.738777,soft
0:11:02.622712,release
0:11:02.711543,soft
0:11:02.897989,release
0:11:03.056204,soft
0:11:03.761737,release
0:11:04.978518,soft
0:11:05.504284,release
0:11:05.960978,soft
0:11:06.551185,release
0:11:09.706457,soft
0:11:09.961223,release
0:11:10.663153,soft
0:11:10.922498,release
0:11:11.450866,soft
0:11:11.891836,release
0:11:12.319912,soft
0:11:13.113544,release
0:11:13.556870,soft
0:11:14.066611,release
0:11:14.424010,soft
0:11:15.160329,release
0:11:15.554555,soft
0:11:16.426062,release
0:11:18.518969,soft
0:11:28.301679,release
0:11:28.855327,soft
0:11:29.350196,release
0:11:30.662454,soft
0:11:32.582887,release
0:11:33.628149,soft
0:11:36.045950,release
0:11:36.247463,soft
0:11:36.431212,release
0:11:36.493949,soft
0:11:36.802549,release
0:11:37.362098,soft
0:11:38.051704,release
0:11:39.567134,soft
0:11:39.749262,release
0:11:40.010863,soft
0:11:40.270606,release
0:11:40.914999,soft
0:11:42.799865,release
0:11:43.153686,soft
0:11:43.959708,release
0:11:44.634517,soft
0:11:45.572685,release
0:11:45.860147,soft
0:11:48.566816,release
0:11:48.828428,soft
0:11:49.543786,release
0:11:49.795491,soft
0:11:55.818202,release
0:11:56.080199,soft
0:11:57.218469,release
0:11:59.665618,soft
0:12:00.278868,release
0:12:00.544975,soft
0:12:01.840372,release
0:12:02.198990,soft
0:12:02.720036,release
0:12:02.911990,soft
0:12:02.989982,release
0:12:03.246070,soft
0:12:03.506301,release
0:12:03.691849,soft
0:12:04.038904,release
0:12:04.392689,medium
0:12:04.638008,release
0:12:04.996091,soft
0:12:05.090307,medium
0:12:05.347687,release
0:12:05.646022,soft
0:12:05.710855,release
0:12:05.806638,soft
0:12:06.045747,release
0:12:06.269660,soft
0:12:06.479640,release
0:12:06.741731,soft
0:12:08.486581,release
0:12:08.662963,soft
0:12:09.095948,release
0:12:09.356276,soft
0:12:10.051383,release
0:12:10.230304,soft
0:12:10.848283,release
0:12:11.122260,soft
0:12:11.625527,release
0:12:11.824723,soft
0:12:13.033163,release
0:12:13.203240,soft
0:12:13.898265,release
0:12:13.992392,soft
0:12:14.070236,release
0:12:14.168938,soft
0:12:14.600908,medium
0:12:14.686076,release
0:12:14.785304,soft
0:12:14.955581,release
0:12:15.042137,soft
0:12:15.118999,medium
0:12:15.317649,release
0:12:15.648373,soft
0:12:15.906103,release
0:12:16.095121,soft
0:12:16.606014,release
0:12:17.356912,soft
0:12:17.461708,release
0:12:17.588177,soft
0:12:17.757868,release
0:12:18.113216,soft
0:12:18.527439,release
0:12:19.400006,soft
0:12:19.845961,release
0:12:20.712716,soft
0:12:21.235990,release
0:12:21.759040,soft
0:12:22.375737,release
0:12:24.293982,soft
0:12:24.734303,release
0:12:24.828191,soft
0:12:24.987809,release
0:12:25.079078,soft
0:12:27.175799,release
0:12:27.264855,medium
0:12:27.417402,release
0:12:27.535473,soft
0:12:28.314447,release
0:12:28.719058,soft
0:12:29.368313,release
0:12:29.621531,soft
0:12:30.932205,release
0:12:31.197653,soft
0:12:33.465786,release
0:12:33.731111,soft
0:12:34.188967,release
0:12:34.481362,soft
0:12:34.945783,release
0:12:35.208590,soft
0:12:36.611898,release
0:12:36.765600,soft
0:12:38.091883,release
0:12:38.355880,soft
0:12:38.728852,release
0:12:38.947154,soft
0:12:39.929738,release
0:12:40.114543,soft
0:12:42.646344,release
0:12:42.813489,soft
0:12:43.597501,release
0:12:43.863670,soft
0:12:44.361889,release
0:12:44.467123,soft
0:12:44.736535,release
0:12:44.995620,soft
0:12:45.783398,release
0:12:46.216674,soft
0:12:51.336609,release
0:12:51.634322,soft
0:12:54.441060,release
0:12:55.227826,soft
0:12:56.441719,release
0:12:56.645708,soft
0:12:57.330484,release
0:12:57.451942,soft
0:12:57.835219,release
0:12:58.010001,soft
0:13:02.144429,release
0:13:02.294366,soft
0:13:02.642664,release
0:13:02.909965,soft
0:13:03.167578,release
0:13:03.247620,soft
0:13:03.344968,release
0:13:03.433069,soft
0:13:04.740663,release
0:13:04.822351,soft
0:13:04.908085,release
0:13:05.005628,soft
0:13:05.274174,release
0:13:05.520504,soft
0:13:05.709568,release
0:13:05.786637,soft
0:13:06.045629,release
0:13:06.136134,soft
0:13:06.486404,release
0:13:06.628018,soft
0:13:06.709033,medium
0:13:07.006175,release
0:13:07.178644,soft
0:13:07.546776,release
0:13:07.624294,soft
0:13:07.715543,medium
0:13:07.795171,release
0:13:07.972799,soft
0:13:08.321640,release
0:13:08.408347,soft
0:13:08.579919,release
0:13:08.665196,soft
0:13:15.240940,release
0:13:15.311730,soft
0:13:15.658736,release
0:13:15.764914,soft
0:13:15.852007,release
0:13:16.001037,soft
0:13:16.177664,release
0:13:16.261551,soft
0:13:16.437195,release
0:13:16.531145,soft
0:13:17.315671,release
0:13:17.439810,soft
0:13:17.660009,release
0:13:17.888999,soft
0:13:19.493098,release
0:13:19.589402,soft
0:13:19.756750,release
0:13:19.931404,soft
0:13:20.548224,release
0:13:20.803237,soft
0:13:27.799938,release
0:13:28.140411,soft
0:13:29.888116,release
0:13:30.004645,soft
0:13:30.163244,release
0:13:30.324800,soft
0:13:33.299090,release
0:13:33.416918,soft
0:13:34.868673,release
0:13:34.956184,soft
0:13:35.043638,medium
0:13:35.131076,release
0:13:35.217217,soft
0:13:37.934607,release
0:13:38.017162,soft
0:13:45.274068,release
0:13:45.365368,soft
0:13:45.458119,release
0:13:45.774387,soft
0:13:49.456575,release
0:13:49.546505,soft
0:13:49.654720,release
0:13:49.724012,soft
0:13:50.338509,medium
0:13:50.696525,release
0:13:50.860853,soft
0:13:53.209947,release
0:13:53.296470,soft
0:13:53.567283,release
0:13:53.650136,soft
0:13:55.041904,medium
0:13:55.130190,release
0:13:55.303086,soft
0:13:55.402306,release
0:13:55.527242,medium
0:13:55.746134,release
0:13:55.855424,soft
0:13:56.003834,hard
0:13:56.192144,release
0:13:56.352095,soft
0:13:59.932492,release
0:14:00.026052,medium
0:14:00.298138,release
0:14:00.429986,soft
0:14:00.602033,release
0:14:00.706789,medium
0:14:00.808129,release
0:14:00.987302,soft
0:14:01.166426,medium
0:14:01.332025,release
0:14:01.427934,soft
0:14:02.644657,release
0:14:02.820124,soft
0:14:03.039681,release
0:14:03.180064,soft
0:14:03.295788,release
0:14:03.378826,soft
0:14:03.565370,release
0:14:03.695820,soft
0:14:04.212239,release
0:14:04.311127,soft
0:14:04.652153,release
0:14:04.745459,medium
0:14:04.845187,release
0:14:05.013091,soft
0:14:05.109676,release
0:14:05.214573,medium
0:14:05.403910,soft
0:14:05.552471,release
0:14:05.614645,medium
0:14:05.700565,release
0:14:05.869847,soft
0:14:05.966619,medium
0:14:06.048983,hard
0:14:06.136732,release
0:14:06.394795,medium
0:14:06.500077,hard
0:14:06.581543,release
0:14:06.749236,soft
0:14:09.464168,release
0:14:09.727334,soft
0:14:11.222534,release
0:14:11.538411,soft
0:14:11.647637,release
0:14:11.886950,medium
0:14:12.190000,release
0:14:12.478313,soft
0:14:12.654268,hard
0:14:13.350072,release
0:14:13.572463,soft
0:14:13.859154,medium
0:14:14.244652,soft
0:14:16.266777,medium
0:14:16.363116,hard
0:14:16.446598,release
0:14:16.615565,soft
0:14:16.803710,release
0:14:16.881427,medium
0:14:16.976396,hard
0:14:17.051893,release
0:14:17.238503,soft
0:14:17.399743,release
0:14:17.492500,medium
0:14:17.728516,release
0:14:17.816460,soft
0:14:18.936589,medium
0:14:19.072632,release
0:14:19.152581,soft
0:14:19.419800,release
0:14:19.588425,soft
0:14:19.953058,release
0:14:20.108074,medium
0:14:20.184049,release
0:14:20.317416,soft
0:14:20.895120,medium
0:14:20.989933,release
0:14:21.164243,soft
0:14:21.342886,release
0:14:21.479963,soft
0:14:21.858904,medium
0:14:22.031326,release
0:14:22.298669,medium
0:14:22.465264,release
0:14:22.581663,soft
0:14:24.483315,release
0:14:25.527302,soft
0:14:26.922709,release
0:14:27.361819,soft
0:14:28.238513,release
0:14:28.320109,medium
0:14:28.499545,release
0:14:28.696430,soft
0:14:33.040154,release
0:14:33.124987,soft
0:14:33.306319,release
0:14:33.385576,soft
0:14:33.829792,medium
0:14:33.993980,release
0:14:34.163217,soft
0:14:34.357645,release
0:14:34.464083,medium
0:14:34.549860,hard
0:14:34.622381,release
0:14:34.793905,soft
0:14:43.953123,release
0:14:44.045725,soft
0:14:44.231739,release
0:14:44.307058,soft
0:14:46.409157,release
0:14:46.493684,soft
0:14:46.922471,release
0:14:47.185071,soft
0:14:47.633854,release
0:14:47.799071,soft
0:14:53.824776,medium
0:14:53.909542,release
0:14:54.001130,soft
0:14:56.714313,release
0:14:56.830561,soft
0:14:56.886871,medium
0:14:56.970630,release
0:14:57.056800,soft
0:15:06.672107,release
0:15:06.846013,soft
0:15:07.104032,release
0:15:07.287605,soft
0:15:15.841995,release
0:15:16.026329,soft
0:15:17.145958,release
0:15:17.409065,soft
0:15:17.772330,release
0:15:18.199307,medium
0:15:18.463489,release
0:15:18.717386,soft
0:15:19.074797,release
0:15:19.248571,soft
0:15:19.504723,release
0:15:19.596050,soft
0:15:19.782667,release
0:15:20.115802,soft
0:15:20.202834,release
0:15:20.315464,soft
0:15:30.426447,release
0:15:30.599723,soft
0:15:31.034554,release
0:15:31.228115,soft
0:15:32.696090,release
0:15:32.870943,soft
0:15:34.007408,release
0:15:34.115225,soft
0:15:34.269623,release
0:15:34.353508,soft
0:15:50.949378,release
0:15:51.214572,soft
0:15:51.549468,release
0:15:51.734800,soft
0:15:51.907148,release
0:15:52.176046,soft
0:15:52.350425,release
0:15:52.607877,soft
0:15:52.954968,release
0:15:53.056223,soft
0:15:53.224369,release
0:15:55.416656,soft
0:15:55.849084,release
0:15:56.586365,soft
0:15:57.071130,release
0:15:58.984348,soft
0:15:59.944065,release
0:16:01.515673,soft
0:16:02.132336,release
0:16:02.216260,soft
0:16:02.309573,release
0:16:02.565978,soft
0:16:02.829058,release
0:16:02.915800,soft
0:16:03.099080,release
0:16:03.183853,soft
0:16:03.881845,release
0:16:04.151049,soft
0:16:04.750927,release
0:16:05.018295,soft
0:16:05.357250,release
0:16:05.627227,soft
0:16:06.146543,release
0:16:06.581380,soft
0:16:07.198761,release
0:16:07.729779,soft
0:16:08.083319,release
0:16:08.339566,soft
0:16:08.396848,release
0:16:08.512076,soft
0:16:08.947494,release
0:16:09.337518,soft
0:16:09.735672,release
0:16:09.903045,soft
0:16:10.431617,release
0:16:10.686712,soft
0:16:31.999063,release
0:16:32.161176,soft
0:16:32.248816,medium
0:16:32.347314,release
0:16:33.063235,medium
0:16:33.223821,hard
0:16:33.399120,release
0:16:34.285695,medium
0:16:34.622644,hard
0:16:34.885924,release
0:16:35.087460,soft
0:00:14.432604,soft
0:00:15.060794,release
0:00:17.170064,soft
0:00:17.439584,medium
0:00:18.810801,release
0:01:29.830733,soft
0:01:30.354692,medium
0:01:30.873812,release
0:04:05.540908,soft
0:04:07.052472,release
0:09:40.909351,soft
0:09:41.521787,release
0:09:42.220109,soft
0:09:43.441192,medium
0:09:43.527645,release
0:09:45.448707,soft
0:09:45.531150,medium
0:09:45.624714,release
0:16:12.175641,soft
0:16:12.600549,release
0:16:18.279601,soft
0:16:18.717045,release
0:00:14.432604,soft
0:00:15.060794,release
0:00:17.170064,soft
0:00:17.439584,medium
0:00:18.810801,release
0:01:29.830733,soft
0:01:30.354692,medium
0:01:30.873812,release
0:04:05.540908,soft
0:04:07.052472,release
0:09:40.909351,soft
0:09:41.521787,release
0:09:42.220109,soft
0:09:43.441192,medium
0:09:43.527645,release
0:09:45.448707,soft
0:09:45.531150,medium
0:09:45.624714,release
0:16:12.175641,soft
0:16:12.600549,release
0:16:18.279601,soft
0:16:18.717045,release
0:00:15.338304,soft
0:00:15.936569,release
0:00:17.142802,soft
0:00:17.277013,medium
0:00:17.998479,release
0:00:50.483678,soft
0:00:50.713188,medium
0:00:51.008363,release
0:00:56.512879,soft
0:00:56.634060,medium
0:00:57.214193,release
0:01:01.141883,medium
0:01:01.231047,hard
0:01:03.762489,release
0:02:26.264796,soft
0:02:26.865992,release
0:04:17.457719,soft
0:04:17.545172,medium
0:04:17.641208,hard
0:04:18.946215,release
0:05:05.954174,soft
0:05:06.040069,medium
0:05:06.210369,release
0:05:10.951966,soft
0:05:11.117228,medium
0:05:11.632369,release
0:05:13.110680,soft
0:05:13.345808,medium
0:05:13.813069,hard
0:05:14.512347,release
0:05:26.657410,medium
0:05:26.746612,hard
0:05:27.614671,release
0:08:11.187428,soft
0:08:11.301168,medium
0:08:11.616816,release
0:08:14.225673,soft
0:08:14.348560,medium
0:08:14.433424,hard
0:08:15.712837,release
0:09:26.737368,medium
0:09:26.964540,release
0:11:34.699113,soft
0:11:34.795200,hard
0:11:35.770475,release
0:12:09.751563,soft
0:12:10.359492,release
0:12:12.201627,soft
0:12:12.552957,release
0:13:17.897662,soft
0:13:18.169914,medium
0:13:18.969757,release
0:13:27.421839,soft
0:13:27.945261,release
0:13:42.098242,soft
0:13:42.444225,medium
0:13:42.883249,release
0:13:46.730225,soft
0:13:47.602472,release
0:13:51.536961,soft
0:13:51.707369,medium
0:13:51.796555,hard
0:13:55.636248,release
0:13:55.995075,medium
0:13:56.571677,release
0:14:23.423766,soft
0:14:23.595865,medium
0:14:23.772834,hard
0:14:24.295930,release
0:14:26.129579,soft
0:14:26.228074,medium
0:14:26.953384,hard
0:14:27.103055,release
0:14:39.412987,medium
0:14:39.759007,release
0:14:42.727353,soft
0:14:42.823157,medium
0:14:43.079667,release
0:14:45.613932,soft
0:14:45.715929,medium
0:14:45.878747,hard
0:14:46.251433,release
0:14:51.078938,soft
0:14:51.292433,medium
0:14:51.469063,hard
0:14:53.824642,release
0:14:55.924261,soft
0:14:56.032065,medium
0:14:56.165602,hard
0:14:56.620341,release
0:15:01.600273,soft
0:15:01.692993,medium
0:15:01.778204,hard
0:15:02.041120,release
0:15:07.978504,soft
0:15:08.084511,medium
0:15:08.267357,hard
0:15:08.919463,release
0:15:12.782413,medium
0:15:12.883864,hard
0:15:14.714642,release
0:15:57.774012,soft
0:15:57.868540,medium
0:15:58.032713,hard
0:15:59.001451,release
0:17:09.323504,medium
0:17:09.497993,hard
0:17:10.104594,release
0:00:15.338304,soft
0:00:15.936569,release
0:00:17.142802,soft
0:00:17.277013,medium
0:00:17.998479,release
0:00:50.483678,soft
0:00:50.713188,medium
0:00:51.008363,release
0:00:56.512879,soft
0:00:56.634060,medium
0:00:57.214193,release
0:01:01.141883,medium
0:01:01.231047,hard
0:01:03.762489,release
0:02:26.264796,soft
0:02:26.865992,release
0:04:17.457719,soft
0:04:17.545172,medium
0:04:17.641208,hard
0:04:18.946215,release
0:05:05.954174,soft
0:05:06.040069,medium
0:05:06.210369,release
0:05:10.951966,soft
0:05:11.117228,medium
0:05:11.632369,release
0:05:13.110680,soft
0:05:13.345808,medium
0:05:13.813069,hard
0:05:14.512347,release
0:05:26.657410,medium
0:05:26.746612,hard
0:05:27.614671,release
0:08:11.187428,soft
0:08:11.301168,medium
0:08:11.616816,release
0:08:14.225673,soft
0:08:14.348560,medium
0:08:14.433424,hard
0:08:15.712837,release
0:09:26.737368,medium
0:09:26.964540,release
0:11:34.699113,soft
0:11:34.795200,hard
0:11:35.770475,release
0:12:09.751563,soft
0:12:10.359492,release
0:12:12.201627,soft
0:12:12.552957,release
0:13:17.897662,soft
0:13:18.169914,medium
0:13:18.969757,release
0:13:27.421839,soft
0:13:27.945261,release
0:13:42.098242,soft
0:13:42.444225,medium
0:13:42.883249,release
0:13:46.730225,soft
0:13:47.602472,release
0:13:51.536961,soft
0:13:51.707369,medium
0:13:51.796555,hard
0:13:55.636248,release
0:13:55.995075,medium
0:13:56.571677,release
0:14:23.423766,soft
0:14:23.595865,medium
0:14:23.772834,hard
0:14:24.295930,release
0:14:26.129579,soft
0:14:26.228074,medium
0:14:26.953384,hard
0:14:27.103055,release
0:14:39.412987,medium
0:14:39.759007,release
0:14:42.727353,soft
0:14:42.823157,medium
0:14:43.079667,release
0:14:45.613932,soft
0:14:45.715929,medium
0:14:45.878747,hard
0:14:46.251433,release
0:14:51.078938,soft
0:14:51.292433,medium
0:14:51.469063,hard
0:14:53.824642,release
0:14:55.924261,soft
0:14:56.032065,medium
0:14:56.165602,hard
0:14:56.620341,release
0:15:01.600273,soft
0:15:01.692993,medium
0:15:01.778204,hard
0:15:02.041120,release
0:15:07.978504,soft
0:15:08.084511,medium
0:15:08.267357,hard
0:15:08.919463,release
0:15:12.782413,medium
0:15:12.883864,hard
0:15:14.714642,release
0:15:57.774012,soft
0:15:57.868540,medium
0:15:58.032713,hard
0:15:59.001451,release
0:17:09.323504,medium
0:17:09.497993,hard
0:17:10.104594,release
0:04:55.896849,soft
0:04:56.325300,release
0:00:18.764162,soft
0:00:23.134307,release
0:00:23.306428,soft
0:00:24.192565,release
0:00:24.797435,soft
0:00:43.662154,release
0:00:45.498225,soft
0:00:49.077759,release
0:00:59.124322,soft
0:00:59.562231,medium
0:01:00.435136,release
0:02:32.157204,soft
0:02:32.772676,release
0:06:18.397112,soft
0:06:20.494270,release
0:06:26.954362,soft
0:06:27.218134,release
0:08:39.304790,soft
0:08:40.175299,release
0:09:26.735595,soft
0:09:28.488226,release
0:11:18.049613,soft
0:11:19.091660,release
0:11:19.774755,soft
0:11:20.649062,release
0:12:56.389745,soft
0:12:56.568209,release
0:12:57.528247,soft
0:12:57.701345,release
0:14:02.697650,soft
0:14:03.841319,release
0:14:05.229304,soft
0:14:05.490176,release
0:14:06.715938,soft
0:14:07.244709,release
0:14:08.460429,soft
0:14:08.635037,release
0:14:13.265963,soft
0:14:15.098637,release
0:14:36.069361,soft
0:14:37.903513,release
0:14:59.654117,soft
0:15:17.563523,release
0:15:23.803073,soft
0:15:23.925827,medium
0:15:25.518859,release
0:15:31.538392,soft
0:15:31.901615,medium
0:15:31.978323,hard
0:15:36.867474,release
0:16:30.334836,soft
0:16:30.596844,medium
0:16:30.686287,hard
0:16:31.206901,release
0:16:33.744839,soft
0:16:34.004175,release
0:16:35.139475,soft
0:16:35.402856,release
0:17:25.981682,soft
0:17:27.205613,release
0:04:55.896849,soft
0:04:56.325300,release
0:00:18.764162,soft
0:00:23.134307,release
0:00:23.306428,soft
0:00:24.192565,release
0:00:24.797435,soft
0:00:43.662154,release
0:00:45.498225,soft
0:00:49.077759,release
0:00:59.124322,soft
0:00:59.562231,medium
0:01:00.435136,release
0:02:32.157204,soft
0:02:32.772676,release
0:06:18.397112,soft
0:06:20.494270,release
0:06:26.954362,soft
0:06:27.218134,release
0:08:39.304790,soft
0:08:40.175299,release
0:09:26.735595,soft
0:09:28.488226,release
0:11:18.049613,soft
0:11:19.091660,release
0:11:19.774755,soft
0:11:20.649062,release
0:12:56.389745,soft
0:12:56.568209,release
0:12:57.528247,soft
0:12:57.701345,release
0:14:02.697650,soft
0:14:03.841319,release
0:14:05.229304,soft
0:14:05.490176,release
0:14:06.715938,soft
0:14:07.244709,release
0:14:08.460429,soft
0:14:08.635037,release
0:14:13.265963,soft
0:14:15.098637,release
0:14:36.069361,soft
0:14:37.903513,release
0:14:59.654117,soft
0:15:17.563523,release
0:15:23.803073,soft
0:15:23.925827,medium
0:15:25.518859,release
0:15:31.538392,soft
0:15:31.901615,medium
0:15:31.978323,hard
0:15:36.867474,release
0:16:30.334836,soft
0:16:30.596844,medium
0:16:30.686287,hard
0:16:31.206901,release
0:16:33.744839,soft
0:16:34.004175,release
0:16:35.139475,soft
0:16:35.402856,release
0:17:25.981682,soft
0:17:27.205613,release
0:00:04.140111,soft
0:00:04.234609,medium
0:00:05.063715,release
0:00:26.379469,medium
0:00:26.464736,hard
0:00:27.166799,release
0:00:33.543390,soft
0:00:40.005612,release
0:00:54.158004,soft
0:00:58.614463,release
0:01:58.623712,soft
0:01:58.798632,medium
0:02:00.364770,release
0:02:03.174971,soft
0:02:03.249598,medium
0:02:03.338983,hard
0:02:04.309055,release
0:02:25.785875,soft
0:02:33.386523,release
0:02:43.521496,soft
0:03:02.041734,release
0:03:46.243070,soft
0:03:46.591131,medium
0:03:47.380889,release
0:03:48.512038,soft
0:03:49.825052,medium
0:03:50.527784,release
0:03:53.840856,soft
0:03:54.282218,medium
0:03:55.593299,release
0:03:55.938504,soft
0:03:58.468253,medium
0:03:58.994102,hard
0:03:59.613560,release
0:04:00.828415,soft
0:04:00.915969,medium
0:04:01.702437,release
0:05:20.147408,soft
0:05:29.409221,medium
0:05:29.491683,hard
0:05:31.155218,release
0:05:46.786053,soft
0:05:46.880073,hard
0:05:49.325175,release
0:05:56.310539,soft
0:06:27.147609,release
0:06:39.202807,soft
0:06:52.481673,release
0:06:55.108026,soft
0:06:57.284099,release
0:06:58.773136,soft
0:07:11.187063,release
0:07:11.612065,soft
0:07:16.678901,release
0:07:18.338124,soft
0:07:19.388425,release
0:07:22.007353,soft
0:07:22.620306,medium
0:07:23.055368,release
0:07:23.842534,soft
0:07:24.550318,release
0:07:26.373201,soft
0:07:26.470909,medium
0:07:26.549744,hard
0:07:30.568140,release
0:07:31.269118,medium
0:07:31.792605,release
0:09:04.034977,soft
0:09:04.402188,medium
0:09:05.258718,release
0:09:05.348240,medium
0:09:11.199601,release
0:09:12.246806,soft
0:09:12.771598,medium
0:09:13.561280,release
0:09:21.769010,soft
0:09:21.940596,medium
0:09:22.294313,release
0:09:22.817239,soft
0:10:36.371854,release
0:10:44.670150,soft
0:10:44.757918,medium
0:10:44.863910,hard
0:10:45.718039,release
0:10:46.504030,medium
0:10:47.378287,release
0:11:35.335331,soft
0:12:20.234326,medium
0:12:20.496827,hard
0:12:22.332868,release
0:12:26.789530,soft
0:12:46.090895,release
0:12:47.229289,soft
0:12:47.556248,release
0:12:52.291883,soft
0:12:52.815013,medium
0:12:53.699948,release
0:12:53.869713,soft
0:12:54.665305,medium
0:12:54.741008,release
0:12:57.272210,soft
0:12:57.362771,release
0:14:00.864987,soft
0:14:05.759116,release
0:15:05.019931,soft
0:15:05.332574,medium
0:15:06.035091,release
0:15:06.329705,soft
0:15:08.011790,medium
0:15:08.201090,release
0:15:08.597204,soft
0:15:08.634356,medium
0:15:09.001185,release
0:15:11.445611,soft
0:15:39.667831,release
0:15:44.553493,soft
0:15:45.777766,release
0:15:48.843935,soft
0:15:50.143407,medium
0:15:51.277661,hard
0:15:53.113756,release
0:15:53.300592,medium
0:15:53.989266,release
0:16:01.414760,medium
0:16:01.502460,hard
0:16:04.299823,release
0:16:16.964736,soft
0:16:20.630424,release
0:16:24.212196,soft
0:16:24.825254,release
0:16:34.494286,soft
0:16:34.621788,medium
0:16:34.971243,hard
0:16:36.012945,release
0:17:22.482610,soft
0:17:22.652637,medium
0:17:23.368225,release
0:00:04.140111,soft
0:00:04.234609,medium
0:00:05.063715,release
0:00:26.379469,medium
0:00:26.464736,hard
0:00:27.166799,release
0:00:33.543390,soft
0:00:40.005612,release
0:00:54.158004,soft
0:00:58.614463,release
0:01:58.623712,soft
0:01:58.798632,medium
0:02:00.364770,release
0:02:03.174971,soft
0:02:03.249598,medium
0:02:03.338983,hard
0:02:04.309055,release
0:02:25.785875,soft
0:02:33.386523,release
0:02:43.521496,soft
0:03:02.041734,release
0:03:46.243070,soft
0:03:46.591131,medium
0:03:47.380889,release
0:03:48.512038,soft
0:03:49.825052,medium
0:03:50.527784,release
0:03:53.840856,soft
0:03:54.282218,medium
0:03:55.593299,release
0:03:55.938504,soft
0:03:58.468253,medium
0:03:58.994102,hard
0:03:59.613560,release
0:04:00.828415,soft
0:04:00.915969,medium
0:04:01.702437,release
0:05:20.147408,soft
0:05:29.409221,medium
0:05:29.491683,hard
0:05:31.155218,release
0:05:46.786053,soft
0:05:46.880073,hard
0:05:49.325175,release
0:05:56.310539,soft
0:06:27.147609,release
0:06:39.202807,soft
0:06:52.481673,release
0:06:55.108026,soft
0:06:57.284099,release
0:06:58.773136,soft
0:07:11.187063,release
0:07:11.612065,soft
0:07:16.678901,release
0:07:18.338124,soft
0:07:19.388425,release
0:07:22.007353,soft
0:07:22.620306,medium
0:07:23.055368,release
0:07:23.842534,soft
0:07:24.550318,release
0:07:26.373201,soft
0:07:26.470909,medium
0:07:26.549744,hard
0:07:30.568140,release
0:07:31.269118,medium
0:07:31.792605,release
0:09:04.034977,soft
0:09:04.402188,medium
0:09:05.258718,release
0:09:05.348240,medium
0:09:11.199601,release
0:09:12.246806,soft
0:09:12.771598,medium
0:09:13.561280,release
0:09:21.769010,soft
0:09:21.940596,medium
0:09:22.294313,release
0:09:22.817239,soft
0:10:36.371854,release
0:10:44.670150,soft
0:10:44.757918,medium
0:10:44.863910,hard
0:10:45.718039,release
0:10:46.504030,medium
0:10:47.378287,release
0:11:35.335331,soft
0:12:20.234326,medium
0:12:20.496827,hard
0:12:22.332868,release
0:12:26.789530,soft
0:12:46.090895,release
0:12:47.229289,soft
0:12:47.556248,release
0:12:52.291883,soft
0:12:52.815013,medium
0:12:53.699948,release
0:12:53.869713,soft
0:12:54.665305,medium
0:12:54.741008,release
0:12:57.272210,soft
0:12:57.362771,release
0:14:00.864987,soft
0:14:05.759116,release
0:15:05.019931,soft
0:15:05.332574,medium
0:15:06.035091,release
0:15:06.329705,soft
0:15:08.011790,medium
0:15:08.201090,release
0:15:08.597204,soft
0:15:08.634356,medium
0:15:09.001185,release
0:15:11.445611,soft
0:15:39.667831,release
0:15:44.553493,soft
0:15:45.777766,release
0:15:48.843935,soft
0:15:50.143407,medium
0:15:51.277661,hard
0:15:53.113756,release
0:15:53.300592,medium
0:15:53.989266,release
0:16:01.414760,medium
0:16:01.502460,hard
0:16:04.299823,release
0:16:16.964736,soft
0:16:20.630424,release
0:16:24.212196,soft
0:16:24.825254,release
0:16:34.494286,soft
0:16:34.621788,medium
0:16:34.971243,hard
0:16:36.012945,release
0:17:22.482610,soft
0:17:22.652637,medium
0:17:23.368225,release
0:17:26.242156,soft
0:17:26.512028,hard
0:17:26.678482,release
0:00:04.140111,soft
0:00:04.234609,medium
0:00:05.063715,release
0:00:26.379469,medium
0:00:26.464736,hard
0:00:27.166799,release
0:00:33.543390,soft
0:00:40.005612,release
0:00:54.158004,soft
0:00:58.614463,release
0:01:58.623712,soft
0:01:58.798632,medium
0:02:00.364770,release
0:02:03.174971,soft
0:02:03.249598,medium
0:02:03.338983,hard
0:02:04.309055,release
0:02:25.785875,soft
0:02:33.386523,release
0:02:43.521496,soft
0:03:02.041734,release
0:03:46.243070,soft
0:03:46.591131,medium
0:03:47.380889,release
0:03:48.512038,soft
0:03:49.825052,medium
0:03:50.527784,release
0:03:53.840856,soft
0:03:54.282218,medium
0:03:55.593299,release
0:03:55.938504,soft
0:03:58.468253,medium
0:03:58.994102,hard
0:03:59.613560,release
0:04:00.828415,soft
0:04:00.915969,medium
0:04:01.702437,release
0:05:20.147408,soft
0:05:29.409221,medium
0:05:29.491683,hard
0:05:31.155218,release
0:05:46.786053,soft
0:05:46.880073,hard
0:05:49.325175,release
0:05:56.310539,soft
0:06:27.147609,release
0:06:39.202807,soft
0:06:52.481673,release
0:06:55.108026,soft
0:06:57.284099,release
0:06:58.773136,soft
0:07:11.187063,release
0:07:11.612065,soft
0:07:16.678901,release
0:07:18.338124,soft
0:07:19.388425,release
0:07:22.007353,soft
0:07:22.620306,medium
0:07:23.055368,release
0:07:23.842534,soft
0:07:24.550318,release
0:07:26.373201,soft
0:07:26.470909,medium
0:07:26.549744,hard
0:07:30.568140,release
0:07:31.269118,medium
0:07:31.792605,release
0:09:04.034977,soft
0:09:04.402188,medium
0:09:05.258718,release
0:09:05.348240,medium
0:09:11.199601,release
0:09:12.246806,soft
0:09:12.771598,medium
0:09:13.561280,release
0:09:21.769010,soft
0:09:21.940596,medium
0:09:22.294313,release
0:09:22.817239,soft
0:10:36.371854,release
0:10:44.670150,soft
0:10:44.757918,medium
0:10:44.863910,hard
0:10:45.718039,release
0:10:46.504030,medium
0:10:47.378287,release
0:11:35.335331,soft
0:12:20.234326,medium
0:12:20.496827,hard
0:12:22.332868,release
0:12:26.789530,soft
0:12:46.090895,release
0:12:47.229289,soft
0:12:47.556248,release
0:12:52.291883,soft
0:12:52.815013,medium
0:12:53.699948,release
0:12:53.869713,soft
0:12:54.665305,medium
0:12:54.741008,release
0:12:57.272210,soft
0:12:57.362771,release
0:14:00.864987,soft
0:14:05.759116,release
0:15:05.019931,soft
0:15:05.332574,medium
0:15:06.035091,release
0:15:06.329705,soft
0:15:08.011790,medium
0:15:08.201090,release
0:15:08.597204,soft
0:15:08.634356,medium
0:15:09.001185,release
0:15:11.445611,soft
0:15:39.667831,release
0:15:44.553493,soft
0:15:45.777766,release
0:15:48.843935,soft
0:15:50.143407,medium
0:15:51.277661,hard
0:15:53.113756,release
0:15:53.300592,medium
0:15:53.989266,release
0:16:01.414760,medium
0:16:01.502460,hard
0:16:04.299823,release
0:16:16.964736,soft
0:16:20.630424,release
0:16:24.212196,soft
0:16:24.825254,release
0:16:34.494286,soft
0:16:34.621788,medium
0:16:34.971243,hard
0:16:36.012945,release
0:17:22.482610,soft
0:17:22.652637,medium
0:17:23.368225,release
0:17:26.242156,soft
0:17:26.512028,hard
0:17:26.678482,release
