16:48:47,0.000000
16:48:47.250000,0.835227
16:48:47.500000,1.182651
16:48:47.750000,1.235242
16:48:48,1.239085
16:48:48.250000,1.240366
16:48:48.500000,1.245490
16:48:48.750000,1.246771
16:48:49,1.224993
16:48:49.250000,1.223712
16:48:49.500000,1.224993
16:48:49.750000,1.219869
16:48:50,1.226274
16:48:50.250000,1.228837
16:48:50.500000,1.222431
16:48:50.750000,1.240366
16:48:51,1.244209
16:48:51.250000,1.248052
16:48:51.500000,1.250614
16:48:51.750000,1.245490
16:48:52,1.255738
16:48:52.250000,1.255738
16:48:52.500000,1.244209
16:48:52.750000,1.241647
16:48:53,1.260862
16:48:53.250000,1.281358
16:48:53.500000,1.257019
16:48:53.750000,1.227556
16:48:54,1.226274
16:48:54.250000,1.246771
16:48:54.500000,1.230118
16:48:54.750000,1.244209
16:48:55,1.258300
16:48:55.250000,1.277515
16:48:55.500000,1.286483
16:48:55.750000,1.283921
16:48:56,1.268548
16:48:56.250000,1.276234
16:48:56.500000,1.277515
16:48:56.750000,1.291607
16:48:57,1.287764
16:48:57.250000,1.280077
16:48:57.500000,1.273672
16:48:57.750000,1.277515
16:48:58,1.271110
16:48:58.250000,1.280077
16:48:58.500000,1.287764
16:48:58.750000,1.296731
16:48:59,1.298012
16:48:59.250000,1.295450
16:48:59.500000,1.306979
16:48:59.750000,1.305698
16:49:00,1.300574
16:49:00.250000,1.308260
16:49:00.500000,1.321070
16:49:00.750000,1.318508
16:49:01,1.286483
16:49:01.250000,1.272391
16:49:01.500000,1.273672
16:49:01.750000,1.294169
16:49:02,1.292888
16:49:02.250000,1.280077
16:49:02.500000,1.295450
16:49:02.750000,1.292888
16:49:03,1.295450
16:49:03.250000,1.299293
16:49:03.500000,1.312103
16:49:03.750000,1.322351
16:49:04,1.328756
16:49:04.250000,1.328756
16:49:04.500000,1.324913
16:49:04.750000,1.324913
16:49:05,1.323632
16:49:05.250000,1.321070
16:49:05.500000,1.314665
16:49:05.750000,1.314665
16:49:06,1.312103
16:49:06.250000,1.312103
16:49:06.500000,1.310822
16:49:06.750000,1.310822
16:49:07,1.313384
16:49:07.250000,1.310822
16:49:07.500000,1.312103
16:49:07.750000,1.309541
16:49:08,1.305698
16:49:08.250000,1.305698
16:49:08.500000,1.303136
16:49:08.750000,1.301855
16:49:09,1.326194
16:49:09.250000,1.317227
16:49:09.500000,1.310822
16:49:09.750000,1.321070
16:49:10,1.309541
16:49:10.250000,1.309541
16:49:10.500000,1.309541
16:49:10.750000,1.314665
16:49:11,1.314665
16:49:11.250000,1.310822
16:49:11.500000,1.305698
16:49:11.750000,1.300574
16:49:12,1.298012
16:49:12.250000,1.296731
16:49:12.500000,1.299293
16:49:12.750000,1.295450
16:49:13,1.295450
16:49:13.250000,1.296731
16:49:13.500000,1.299293
16:49:13.750000,1.300574
16:49:14,1.298012
16:49:14.250000,1.295450
16:49:14.500000,1.296731
16:49:14.750000,1.294169
16:49:15,1.294169
16:49:15.250000,1.295450
16:49:15.500000,1.290326
16:49:15.750000,1.289045
16:49:16,1.289045
16:49:16.250000,1.285202
16:49:16.500000,1.291607
16:49:16.750000,1.287764
16:49:17,1.287764
16:49:17.250000,1.289045
16:49:17.500000,1.285202
16:49:17.750000,1.283921
16:49:18,1.260862
16:49:18.250000,1.259581
16:49:18.500000,1.258300
16:49:18.750000,1.258300
16:49:19,1.257019
16:49:19.250000,1.260862
16:49:19.500000,1.264705
16:49:19.750000,1.263424
16:49:20,1.258300
16:49:20.250000,1.258300
16:49:20.500000,1.260862
16:49:20.750000,1.267267
16:49:21,1.265986
16:49:21.250000,1.265986
16:49:21.500000,1.264705
16:49:21.750000,1.263424
16:49:22,1.260862
16:49:22.250000,1.264705
16:49:22.500000,1.263424
16:49:22.750000,1.264705
16:49:23,1.263424
16:49:23.250000,1.259581
16:49:23.500000,1.259581
16:49:23.750000,1.258300
16:49:24,1.257019
16:49:24.250000,1.255738
16:49:24.500000,1.255738
16:49:24.750000,1.257019
16:49:25,1.260862
16:49:25.250000,1.262143
16:49:25.500000,1.267267
16:49:25.750000,1.285202
16:49:26,1.285202
16:49:26.250000,1.305698
16:49:26.500000,1.289045
16:49:26.750000,1.317227
16:49:27,1.314665
16:49:27.250000,1.286483
16:49:27.500000,1.283921
16:49:27.750000,1.274953
16:49:28,1.269829
16:49:28.250000,1.271110
16:49:28.500000,1.268548
16:49:28.750000,1.268548
16:49:29,1.272391
16:49:29.250000,1.268548
16:49:29.500000,1.267267
16:49:29.750000,1.263424
16:49:30,1.260862
16:49:30.250000,1.255738
16:49:30.500000,1.260862
16:49:30.750000,1.255738
16:49:31,1.253176
16:49:31.250000,1.253176
16:49:31.500000,1.253176
16:49:31.750000,1.250614
16:49:32,1.249333
16:49:32.250000,1.248052
16:49:32.500000,1.246771
16:49:32.750000,1.245490
16:49:33,1.246771
16:49:33.250000,1.248052
16:49:33.500000,1.244209
16:49:33.750000,1.239085
16:49:34,1.239085
16:49:34.250000,1.237804
16:49:34.500000,1.239085
16:49:34.750000,1.233961
16:49:35,1.237804
16:49:35.250000,1.237804
16:49:35.500000,1.233961
16:49:35.750000,1.239085
16:49:36,1.235242
16:49:36.250000,1.236523
16:49:36.500000,1.236523
16:49:36.750000,1.236523
16:49:37,1.236523
16:49:37.250000,1.233961
16:49:37.500000,1.231399
16:49:37.750000,1.230118
16:49:38,1.228837
16:49:38.250000,1.226274
16:49:38.500000,1.222431
16:49:38.750000,1.222431
16:49:39,1.222431
16:49:39.250000,1.219869
16:49:39.500000,1.216026
16:49:39.750000,1.216026
16:49:40,1.218588
16:49:40.250000,1.214745
16:49:40.500000,1.209621
16:49:40.750000,1.208340
16:49:41,1.207059
16:49:41.250000,1.204497
16:49:41.500000,1.203216
16:49:41.750000,1.203216
16:49:42,1.201935
16:49:42.250000,1.199373
16:49:42.500000,1.199373
16:49:42.750000,1.200654
16:49:43,1.195530
16:49:43.250000,1.194249
16:49:43.500000,1.192968
16:49:43.750000,1.190406
16:49:44,1.190406
16:49:44.250000,1.189125
16:49:44.500000,1.187844
16:49:44.750000,1.187844
16:49:45,1.245490
16:49:45.250000,1.223712
16:49:45.500000,1.255738
16:49:45.750000,1.251895
16:49:46,1.257019
16:49:46.250000,1.263424
16:49:46.500000,1.263424
16:49:46.750000,1.268548
16:49:47,1.272391
16:49:47.250000,1.285202
16:49:47.500000,1.300574
16:49:47.750000,1.312103
16:49:48,1.281358
16:49:48.250000,1.282640
16:49:48.500000,1.291607
16:49:48.750000,1.259581
16:49:49,1.248052
16:49:49.250000,1.251895
16:49:49.500000,1.239085
16:49:49.750000,1.269829
16:49:50,1.271110
16:49:50.250000,1.259581
16:49:50.500000,1.289045
16:49:50.750000,1.300574
16:49:51,1.296731
16:49:51.250000,1.285202
16:49:51.500000,1.272391
16:49:51.750000,1.259581
16:49:52,1.273672
16:49:52.250000,1.267267
16:49:52.500000,1.267267
16:49:52.750000,1.286483
16:49:53,1.305698
16:49:53.250000,1.332599
16:49:53.500000,1.318508
16:49:53.750000,1.269829
16:49:54,1.240366
16:49:54.250000,1.233961
16:49:54.500000,1.201935
16:49:54.750000,1.240366
16:49:55,1.240366
16:49:55.250000,1.217307
16:49:55.500000,1.185282
16:49:55.750000,1.241647
16:49:56,1.239085
16:49:56.250000,1.267267
16:49:56.500000,1.267267
16:49:56.750000,1.264705
16:49:57,1.272391
16:49:57.250000,1.271110
16:49:57.500000,1.271110
16:49:57.750000,1.271110
16:49:58,1.267267
16:49:58.250000,1.268548
16:49:58.500000,1.274953
16:49:58.750000,1.280077
16:49:59,1.289045
16:49:59.250000,1.309541
16:49:59.500000,1.308260
16:49:59.750000,1.301855
16:50:00,1.294169
16:50:00.250000,1.292888
16:50:00.500000,1.286483
16:50:00.750000,1.285202
16:50:01,1.285202
16:50:01.250000,1.283921
16:50:01.500000,1.281358
16:50:01.750000,1.283921
16:50:02,1.281358
16:50:02.250000,1.277515
16:50:02.500000,1.273672
16:50:02.750000,1.271110
16:50:03,1.271110
16:50:03.250000,1.271110
16:50:03.500000,1.268548
16:50:03.750000,1.267267
16:50:04,1.264705
16:50:04.250000,1.263424
16:50:04.500000,1.264705
16:50:04.750000,1.265986
16:50:05,1.263424
16:50:05.250000,1.264705
16:50:05.500000,1.265986
16:50:05.750000,1.265986
16:50:06,1.265986
16:50:06.250000,1.268548
16:50:06.500000,1.264705
16:50:06.750000,1.263424
16:50:07,1.268548
16:50:07.250000,1.264705
16:50:07.500000,1.269829
16:50:07.750000,1.264705
16:50:08,1.260862
16:50:08.250000,1.262143
16:50:08.500000,1.258300
16:50:08.750000,1.255738
16:50:09,1.257019
16:50:09.250000,1.254457
16:50:09.500000,1.253176
16:50:09.750000,1.253176
16:50:10,1.250614
16:50:10.250000,1.251895
16:50:10.500000,1.248052
16:50:10.750000,1.248052
16:50:11,1.248052
16:50:11.250000,1.249333
16:50:11.500000,1.251895
16:50:11.750000,1.264705
16:50:12,1.216026
16:50:12.250000,1.258300
16:50:12.500000,1.269829
16:50:12.750000,1.250614
16:50:13,1.259581
16:50:13.250000,1.257019
16:50:13.500000,1.260862
16:50:13.750000,1.253176
16:50:14,1.250614
16:50:14.250000,1.246771
16:50:14.500000,1.245490
16:50:14.750000,1.245490
16:50:15,1.245490
16:50:15.250000,1.242928
16:50:15.500000,1.249333
16:50:15.750000,1.250614
16:50:16,1.244209
16:50:16.250000,1.244209
16:50:16.500000,1.241647
16:50:16.750000,1.242928
16:50:17,1.241647
16:50:17.250000,1.245490
16:50:17.500000,1.242928
16:50:17.750000,1.241647
16:50:18,1.240366
16:50:18.250000,1.245490
16:50:18.500000,1.240366
16:50:18.750000,1.235242
16:50:19,1.232680
16:50:19.250000,1.232680
16:50:19.500000,1.232680
16:50:19.750000,1.230118
16:50:20,1.228837
16:50:20.250000,1.226274
16:50:20.500000,1.223712
16:50:20.750000,1.226274
16:50:21,1.222431
16:50:21.250000,1.224993
16:50:21.500000,1.223712
16:50:21.750000,1.226274
16:50:22,1.224993
16:50:22.250000,1.223712
16:50:22.500000,1.222431
16:50:22.750000,1.223712
16:50:23,1.218588
16:50:23.250000,1.217307
16:50:23.500000,1.218588
16:50:23.750000,1.216026
16:50:24,1.217307
16:50:24.250000,1.216026
16:50:24.500000,1.214745
16:50:24.750000,1.214745
16:50:25,1.213464
16:50:25.250000,1.209621
16:50:25.500000,1.210902
16:50:25.750000,1.210902
16:50:26,1.209621
16:50:26.250000,1.209621
16:50:26.500000,1.212183
16:50:26.750000,1.214745
16:50:27,1.210902
16:50:27.250000,1.209621
16:50:27.500000,1.219869
16:50:27.750000,1.209621
16:50:28,1.210902
16:50:28.250000,1.212183
16:50:28.500000,1.213464
16:50:28.750000,1.212183
16:50:29,1.213464
16:50:29.250000,1.212183
16:50:29.500000,1.213464
16:50:29.750000,1.214745
16:50:30,1.216026
16:50:30.250000,1.214745
16:50:30.500000,1.216026
16:50:30.750000,1.214745
16:50:31,1.213464
16:50:31.250000,1.213464
16:50:31.500000,1.213464
16:50:31.750000,1.214745
16:50:32,1.213464
16:50:32.250000,1.214745
16:50:32.500000,1.212183
16:50:32.750000,1.214745
16:50:33,1.212183
16:50:33.250000,1.213464
16:50:33.500000,1.208340
16:50:33.750000,1.208340
16:50:34,1.205778
16:50:34.250000,1.207059
16:50:34.500000,1.205778
16:50:34.750000,1.207059
16:50:35,1.212183
16:50:35.250000,1.213464
16:50:35.500000,1.212183
16:50:35.750000,1.214745
16:50:36,1.217307
16:50:36.250000,1.226274
16:50:36.500000,1.235242
16:50:36.750000,1.253176
16:50:37,1.263424
16:50:37.250000,1.265986
16:50:37.500000,1.262143
16:50:37.750000,1.262143
16:50:38,1.250614
16:50:38.250000,1.242928
16:50:38.500000,1.241647
16:50:38.750000,1.240366
16:50:39,1.240366
16:50:39.250000,1.244209
16:50:39.500000,1.239085
16:50:39.750000,1.237804
16:50:40,1.235242
16:50:40.250000,1.237804
16:50:40.500000,1.236523
16:50:40.750000,1.235242
16:50:41,1.233961
16:50:41.250000,1.236523
16:50:41.500000,1.231399
16:50:41.750000,1.227556
16:50:42,1.228837
16:50:42.250000,1.230118
16:50:42.500000,1.224993
16:50:42.750000,1.222431
16:50:43,1.222431
16:50:43.250000,1.221150
16:50:43.500000,1.221150
16:50:43.750000,1.216026
16:50:44,1.217307
16:50:44.250000,1.218588
16:50:44.500000,1.214745
16:50:44.750000,1.217307
16:50:45,1.214745
16:50:45.250000,1.216026
16:50:45.500000,1.212183
16:50:45.750000,1.210902
16:50:46,1.210902
16:50:46.250000,1.212183
16:50:46.500000,1.209621
16:50:46.750000,1.209621
16:50:47,1.209621
16:50:47.250000,1.209621
16:50:47.500000,1.210902
16:50:47.750000,1.205778
16:50:48,1.205778
16:50:48.250000,1.203216
16:50:48.500000,1.204497
16:50:48.750000,1.207059
16:50:49,1.203216
16:50:49.250000,1.203216
16:50:49.500000,1.204497
16:50:49.750000,1.201935
16:50:50,1.200654
16:50:50.250000,1.200654
16:50:50.500000,1.199373
16:50:50.750000,1.196811
16:50:51,1.195530
16:50:51.250000,1.195530
16:50:51.500000,1.196811
16:50:51.750000,1.195530
16:50:52,1.194249
16:50:52.250000,1.194249
16:50:52.500000,1.194249
16:50:52.750000,1.191687
16:50:53,1.192968
16:50:53.250000,1.194249
16:50:53.500000,1.194249
16:50:53.750000,1.191687
16:50:54,1.192968
16:50:54.250000,1.194249
16:50:54.500000,1.192968
16:50:54.750000,1.189125
16:50:55,1.187844
16:50:55.250000,1.187844
16:50:55.500000,1.190406
16:50:55.750000,1.187844
16:50:56,1.186563
16:50:56.250000,1.186563
16:50:56.500000,1.187844
16:50:56.750000,1.184001
16:50:57,1.186563
16:50:57.250000,1.182720
16:50:57.500000,1.184001
16:50:57.750000,1.182720
16:50:58,1.184001
16:50:58.250000,1.184001
16:50:58.500000,1.189125
16:50:58.750000,1.201935
16:50:59,1.205778
16:50:59.250000,1.205778
16:50:59.500000,1.204497
16:50:59.750000,1.205778
16:51:00,1.207059
16:51:00.250000,1.205778
16:51:00.500000,1.205778
16:51:00.750000,1.209621
16:51:01,1.214745
16:51:01.250000,1.224993
16:51:01.500000,1.228837
16:51:01.750000,1.235242
16:51:02,1.239085
16:51:02.250000,1.242928
16:51:02.500000,1.246771
16:51:02.750000,1.250614
16:51:03,1.251895
16:51:03.250000,1.253176
16:51:03.500000,1.253176
16:51:03.750000,1.253176
16:51:04,1.257019
16:51:04.250000,1.257019
16:51:04.500000,1.257019
16:51:04.750000,1.258300
16:51:05,1.262143
16:51:05.250000,1.265986
16:51:05.500000,1.268548
16:51:05.750000,1.267267
16:51:06,1.271110
16:51:06.250000,1.277515
16:51:06.500000,1.281358
16:51:06.750000,1.285202
16:51:07,1.291607
16:51:07.250000,1.296731
16:51:07.500000,1.304417
16:51:07.750000,1.308260
16:51:08,1.309541
16:51:08.250000,1.274953
16:51:08.500000,1.285202
16:51:08.750000,1.281358
16:51:09,1.271110
16:51:09.250000,1.273672
16:51:09.500000,1.269829
16:51:09.750000,1.269829
16:51:10,1.265986
16:51:10.250000,1.264705
16:51:10.500000,1.263424
16:51:10.750000,1.264705
16:51:11,1.273672
16:51:11.250000,1.283921
16:51:11.500000,1.291607
16:51:11.750000,1.299293
16:51:12,1.300574
16:51:12.250000,1.312103
16:51:12.500000,1.313384
16:51:12.750000,1.314665
16:51:13,1.314665
16:51:13.250000,1.319789
16:51:13.500000,1.330037
16:51:13.750000,1.332599
16:51:14,1.333880
16:51:14.250000,1.342848
16:51:14.500000,1.342848
16:51:14.750000,1.345410
16:51:15,1.344129
16:51:15.250000,1.341567
16:51:15.500000,1.341567
16:51:15.750000,1.341567
16:51:16,1.340286
16:51:16.250000,1.340286
16:51:16.500000,1.336442
16:51:16.750000,1.336442
16:51:17,1.337723
16:51:17.250000,1.337723
16:51:17.500000,1.335161
16:51:17.750000,1.333880
16:51:18,1.335161
16:51:18.250000,1.333880
16:51:18.500000,1.333880
16:51:18.750000,1.332599
16:51:19,1.337723
16:51:19.250000,1.335161
16:51:19.500000,1.332599
16:51:19.750000,1.333880
16:51:20,1.333880
16:51:20.250000,1.333880
16:51:20.500000,1.331318
16:51:20.750000,1.328756
16:51:21,1.328756
16:51:21.250000,1.330037
16:51:21.500000,1.328756
16:51:21.750000,1.330037
16:51:22,1.327475
16:51:22.250000,1.330037
16:51:22.500000,1.324913
16:51:22.750000,1.326194
16:51:23,1.323632
16:51:23.250000,1.322351
16:51:23.500000,1.327475
16:51:23.750000,1.327475
16:51:24,1.328756
16:51:24.250000,1.328756
16:51:24.500000,1.331318
16:51:24.750000,1.326194
16:51:25,1.326194
16:51:25.250000,1.327475
16:51:25.500000,1.324913
16:51:25.750000,1.326194
16:51:26,1.327475
16:51:26.250000,1.328756
16:51:26.500000,1.328756
16:51:26.750000,1.328756
16:51:27,1.326194
16:51:27.250000,1.326194
16:51:27.500000,1.332599
16:51:27.750000,1.327475
16:51:28,1.328756
16:51:28.250000,1.326194
16:51:28.500000,1.327475
16:51:28.750000,1.330037
16:51:29,1.327475
16:51:29.250000,1.327475
16:51:29.500000,1.324913
16:51:29.750000,1.324913
16:51:30,1.328756
16:51:30.250000,1.326194
16:51:30.500000,1.326194
16:51:30.750000,1.327475
16:51:31,1.327475
16:51:31.250000,1.327475
16:51:31.500000,1.327475
16:51:31.750000,1.326194
16:51:32,1.324913
16:51:32.250000,1.328756
16:51:32.500000,1.328756
16:51:32.750000,1.328756
16:51:33,1.328756
16:51:33.250000,1.328756
16:51:33.500000,1.330037
16:51:33.750000,1.327475
16:51:34,1.327475
16:51:34.250000,1.330037
16:51:34.500000,1.326194
16:51:34.750000,1.330037
16:51:35,1.330037
16:51:35.250000,1.330037
16:51:35.500000,1.332599
16:51:35.750000,1.330037
16:51:36,1.330037
16:51:36.250000,1.326194
16:51:36.500000,1.330037
16:51:36.750000,1.326194
16:51:37,1.327475
16:51:37.250000,1.328756
16:51:37.500000,1.330037
16:51:37.750000,1.330037
16:51:38,1.331318
16:51:38.250000,1.331318
16:51:38.500000,1.328756
16:51:38.750000,1.328756
16:51:39,1.328756
16:51:39.250000,1.331318
16:51:39.500000,1.332599
16:51:39.750000,1.332599
16:51:40,1.355658
16:51:40.250000,1.368468
16:51:40.500000,1.365906
16:51:40.750000,1.356939
16:51:41,1.359501
16:51:41.250000,1.354377
16:51:41.500000,1.354377
16:51:41.750000,1.353096
16:51:42,1.353096
16:51:42.250000,1.354377
16:51:42.500000,1.354377
16:51:42.750000,1.351815
16:51:43,1.353096
16:51:43.250000,1.354377
16:51:43.500000,1.355658
16:51:43.750000,1.354377
16:51:44,1.354377
16:51:44.250000,1.359501
16:51:44.500000,1.354377
16:51:44.750000,1.356939
16:51:45,1.355658
16:51:45.250000,1.356939
16:51:45.500000,1.356939
16:51:45.750000,1.358220
16:51:46,1.356939
16:51:46.250000,1.358220
16:51:46.500000,1.362063
16:51:46.750000,1.358220
16:51:47,1.349253
16:51:47.250000,1.346691
16:51:47.500000,1.351815
16:51:47.750000,1.345410
16:51:48,1.342848
16:51:48.250000,1.345410
16:51:48.500000,1.342848
16:51:48.750000,1.347972
16:51:49,1.350534
16:51:49.250000,1.354377
16:51:49.500000,1.354377
16:51:49.750000,1.354377
16:51:50,1.356939
16:51:50.250000,1.353096
16:51:50.500000,1.355658
16:51:50.750000,1.355658
16:51:51,1.350534
16:51:51.250000,1.351815
16:51:51.500000,1.350534
16:51:51.750000,1.355658
16:51:52,1.377435
16:51:52.250000,1.392807
16:51:52.500000,1.390245
16:51:52.750000,1.399213
16:51:53,1.404337
16:51:53.250000,1.400494
16:51:53.500000,1.400494
16:51:53.750000,1.403056
16:51:54,1.418428
16:51:54.250000,1.422271
16:51:54.500000,1.415866
16:51:54.750000,1.424833
16:51:55,1.410742
16:51:55.250000,1.424833
16:51:55.500000,1.447891
16:51:55.750000,1.453015
16:51:56,1.414585
16:51:56.250000,1.365906
16:51:56.500000,1.349253
16:51:56.750000,1.342848
16:51:57,1.351815
16:51:57.250000,1.358220
16:51:57.500000,1.359501
16:51:57.750000,1.369749
16:51:58,1.396651
16:51:58.250000,1.388964
16:51:58.500000,1.386402
16:51:58.750000,1.403056
16:51:59,1.415866
16:51:59.250000,1.408180
16:51:59.500000,1.381278
16:51:59.750000,1.371030
16:52:00,1.367187
16:52:00.250000,1.409461
16:52:00.500000,1.414585
16:52:00.750000,1.381278
16:52:01,1.381278
16:52:01.250000,1.381278
16:52:01.500000,1.377435
16:52:01.750000,1.376154
16:52:02,1.438924
16:52:02.250000,1.454296
16:52:02.500000,1.463264
16:52:02.750000,1.431337
16:52:03,1.430056
16:52:03.250000,1.428775
16:52:03.500000,1.423651
16:52:03.750000,1.421089
16:52:04,1.422370
16:52:04.250000,1.422370
16:52:04.500000,1.417246
16:52:04.750000,1.422370
16:52:05,1.419808
16:52:05.250000,1.418527
16:52:05.500000,1.414684
16:52:05.750000,1.415965
16:52:06,1.417246
16:52:06.250000,1.413403
16:52:06.500000,1.409560
16:52:06.750000,1.409560
16:52:07,1.409560
16:52:07.250000,1.409560
16:52:07.500000,1.408279
16:52:07.750000,1.401874
16:52:08,1.399312
16:52:08.250000,1.398031
16:52:08.500000,1.401874
16:52:08.750000,1.400593
16:52:09,1.401874
16:52:09.250000,1.404436
16:52:09.500000,1.400593
16:52:09.750000,1.395469
16:52:10,1.398031
16:52:10.250000,1.399312
16:52:10.500000,1.391626
16:52:10.750000,1.394188
16:52:11,1.391626
16:52:11.250000,1.391626
16:52:11.500000,1.391626
16:52:11.750000,1.391626
16:52:12,1.390345
16:52:12.250000,1.391626
16:52:12.500000,1.385220
16:52:12.750000,1.390345
16:52:13,1.390345
16:52:13.250000,1.390345
16:52:13.500000,1.386501
16:52:13.750000,1.385220
16:52:14,1.385220
16:52:14.250000,1.383939
16:52:14.500000,1.377534
16:52:14.750000,1.373691
16:52:15,1.372410
16:52:15.250000,1.366005
16:52:15.500000,1.366005
16:52:15.750000,1.367286
16:52:16,1.362162
16:52:16.250000,1.360881
16:52:16.500000,1.362162
16:52:16.750000,1.359600
16:52:17,1.357038
16:52:17.250000,1.354476
16:52:17.500000,1.353195
16:52:17.750000,1.348071
16:52:18,1.351914
16:52:18.250000,1.345509
16:52:18.500000,1.344228
16:52:18.750000,1.341666
16:52:19,1.339104
16:52:19.250000,1.339104
16:52:19.500000,1.339104
16:52:19.750000,1.335261
16:52:20,1.333979
16:52:20.250000,1.332698
16:52:20.500000,1.331417
16:52:20.750000,1.327574
16:52:21,1.323731
16:52:21.250000,1.322450
16:52:21.500000,1.321169
16:52:21.750000,1.317326
16:52:22,1.316045
16:52:22.250000,1.314764
16:52:22.500000,1.313483
16:52:22.750000,1.312202
16:52:23,1.307078
16:52:23.250000,1.307078
16:52:23.500000,1.305797
16:52:23.750000,1.303235
16:52:24,1.304516
16:52:24.250000,1.307078
16:52:24.500000,1.300673
16:52:24.750000,1.298111
16:52:25,1.296830
16:52:25.250000,1.294268
16:52:25.500000,1.294268
16:52:25.750000,1.292987
16:52:26,1.291706
16:52:26.250000,1.291706
16:52:26.500000,1.289144
16:52:26.750000,1.289144
16:52:27,1.286582
16:52:27.250000,1.285301
16:52:27.500000,1.286582
16:52:27.750000,1.282739
16:52:28,1.280177
16:52:28.250000,1.282739
16:52:28.500000,1.276333
16:52:28.750000,1.275052
16:52:29,1.276333
16:52:29.250000,1.278895
16:52:29.500000,1.273771
16:52:29.750000,1.272490
16:52:30,1.272490
16:52:30.250000,1.266085
16:52:30.500000,1.271209
16:52:30.750000,1.267366
16:52:31,1.266085
16:52:31.250000,1.264804
16:52:31.500000,1.267366
16:52:31.750000,1.263523
16:52:32,1.262242
16:52:32.250000,1.259680
16:52:32.500000,1.259680
16:52:32.750000,1.258399
16:52:33,1.257118
16:52:33.250000,1.259680
16:52:33.500000,1.255837
16:52:33.750000,1.254556
16:52:34,1.254556
16:52:34.250000,1.253275
16:52:34.500000,1.249432
16:52:34.750000,1.251994
16:52:35,1.246870
16:52:35.250000,1.249432
16:52:35.500000,1.254556
16:52:35.750000,1.254556
16:52:36,1.251994
16:52:36.250000,1.248151
16:52:36.500000,1.249432
16:52:36.750000,1.248151
16:52:37,1.245589
16:52:37.250000,1.241746
16:52:37.500000,1.241746
16:52:37.750000,1.243027
16:52:38,1.243027
16:52:38.250000,1.244308
16:52:38.500000,1.241746
16:52:38.750000,1.243027
16:52:39,1.241746
16:52:39.250000,1.241746
16:52:39.500000,1.237903
16:52:39.750000,1.236622
16:52:40,1.235341
16:52:40.250000,1.235341
16:52:40.500000,1.234060
16:52:40.750000,1.236622
16:52:41,1.245589
16:52:41.250000,1.244308
16:52:41.500000,1.243027
16:52:41.750000,1.236622
16:52:42,1.240465
16:52:42.250000,1.241746
16:52:42.500000,1.236622
16:52:42.750000,1.231498
16:52:43,1.232779
16:52:43.250000,1.232779
16:52:43.500000,1.230217
16:52:43.750000,1.231498
16:52:44,1.228936
16:52:44.250000,1.231498
16:52:44.500000,1.227655
16:52:44.750000,1.225093
16:52:45,1.227655
16:52:45.250000,1.225093
16:52:45.500000,1.219968
16:52:45.750000,1.225093
16:52:46,1.225093
16:52:46.250000,1.222530
16:52:46.500000,1.219968
16:52:46.750000,1.221249
16:52:47,1.219968
16:52:47.250000,1.218687
16:52:47.500000,1.219968
16:52:47.750000,1.214844
16:52:48,1.216125
16:52:48.250000,1.213563
16:52:48.500000,1.212282
16:52:48.750000,1.211001
16:52:49,1.209720
16:52:49.250000,1.205877
16:52:49.500000,1.208439
16:52:49.750000,1.207158
16:52:50,1.204596
16:52:50.250000,1.205877
16:52:50.500000,1.203315
16:52:50.750000,1.203315
16:52:51,1.199472
16:52:51.250000,1.203315
16:52:51.500000,1.199472
16:52:51.750000,1.195629
16:52:52,1.198191
16:52:52.250000,1.195629
16:52:52.500000,1.198191
16:52:52.750000,1.194348
16:52:53,1.196910
16:52:53.250000,1.194348
16:52:53.500000,1.191786
16:52:53.750000,1.187943
16:52:54,1.193067
16:52:54.250000,1.191786
16:52:54.500000,1.202034
16:52:54.750000,1.189224
16:52:55,1.182819
16:52:55.250000,1.186662
16:52:55.500000,1.181538
16:52:55.750000,1.180257
16:52:56,1.186662
16:52:56.250000,1.175133
16:52:56.500000,1.144388
16:52:56.750000,1.123892
16:52:57,1.117487
16:52:57.250000,1.117487
16:52:57.500000,1.116206
16:52:57.750000,1.114925
16:52:58,1.121330
16:52:58.250000,1.121330
16:52:58.500000,1.122611
16:52:58.750000,1.131578
16:52:59,1.141826
16:52:59.250000,1.148231
16:52:59.500000,1.146950
16:52:59.750000,1.149512
16:53:00,1.143107
16:53:00.250000,1.137983
16:53:00.500000,1.136702
16:53:00.750000,1.145669
16:53:01,1.135421
16:53:01.250000,1.132859
16:53:01.500000,1.130297
16:53:01.750000,1.131578
16:53:02,1.125173
16:53:02.250000,1.127735
16:53:02.500000,1.125173
16:53:02.750000,1.125173
16:53:03,1.120049
16:53:03.250000,1.120049
16:53:03.500000,1.118768
16:53:03.750000,1.117487
16:53:04,1.118768
16:53:04.250000,1.116206
16:53:04.500000,1.113644
16:53:04.750000,1.111082
16:53:05,1.111082
16:53:05.250000,1.114925
16:53:05.500000,1.114925
16:53:05.750000,1.109801
16:53:06,1.111082
16:53:06.250000,1.113644
16:53:06.500000,1.112363
16:53:06.750000,1.107239
16:53:07,1.107239
16:53:07.250000,1.107239
16:53:07.500000,1.102114
16:53:07.750000,1.104676
16:53:08,1.103395
16:53:08.250000,1.102114
16:53:08.500000,1.104676
16:53:08.750000,1.105958
16:53:09,1.104676
16:53:09.250000,1.103395
16:53:09.500000,1.103395
16:53:09.750000,1.100833
16:53:10,1.102114
16:53:10.250000,1.099552
16:53:10.500000,1.102114
16:53:10.750000,1.099552
16:53:11,1.095709
16:53:11.250000,1.098271
16:53:11.500000,1.095709
16:53:11.750000,1.094428
16:53:12,1.091866
16:53:12.250000,1.090585
16:53:12.500000,1.089304
16:53:12.750000,1.088023
16:53:13,1.089304
16:53:13.250000,1.086742
16:53:13.500000,1.085461
16:53:13.750000,1.090585
16:53:14,1.088023
16:53:14.250000,1.090585
16:53:14.500000,1.090585
16:53:14.750000,1.090585
16:53:15,1.088023
16:53:15.250000,1.090585
16:53:15.500000,1.086742
16:53:15.750000,1.088023
16:53:16,1.086742
16:53:16.250000,1.086742
16:53:16.500000,1.085461
16:53:16.750000,1.085461
16:53:17,1.079056
16:53:17.250000,1.085461
16:53:17.500000,1.080337
16:53:17.750000,1.077775
16:53:18,1.079056
16:53:18.250000,1.080337
16:53:18.500000,1.075213
16:53:18.750000,1.077775
16:53:19,1.076494
16:53:19.250000,1.079056
16:53:19.500000,1.075213
16:53:19.750000,1.073932
16:53:20,1.076494
16:53:20.250000,1.072651
16:53:20.500000,1.077775
16:53:20.750000,1.072651
16:53:21,1.071370
16:53:21.250000,1.070089
16:53:21.500000,1.070089
16:53:21.750000,1.070089
16:53:22,1.070089
16:53:22.250000,1.067527
16:53:22.500000,1.067527
16:53:22.750000,1.068808
16:53:23,1.066246
16:53:23.250000,1.066246
16:53:23.500000,1.063684
16:53:23.750000,1.063684
16:53:24,1.058560
16:53:24.250000,1.061122
16:53:24.500000,1.059841
16:53:24.750000,1.058560
16:53:25,1.059841
16:53:25.250000,1.057279
16:53:25.500000,1.061122
16:53:25.750000,1.058560
16:53:26,1.054717
16:53:26.250000,1.054717
16:53:26.500000,1.052155
16:53:26.750000,1.055998
16:53:27,1.055998
16:53:27.250000,1.055998
16:53:27.500000,1.064965
16:53:27.750000,1.057279
16:53:28,1.055998
16:53:28.250000,1.061122
16:53:28.500000,1.057279
16:53:28.750000,1.058560
16:53:29,1.055998
16:53:29.250000,1.059841
16:53:29.500000,1.059841
16:53:29.750000,1.058560
16:53:30,1.058560
16:53:30.250000,1.058560
16:53:30.500000,1.058560
16:53:30.750000,1.053436
16:53:31,1.055998
16:53:31.250000,1.049592
16:53:31.500000,1.054717
16:53:31.750000,1.053436
16:53:32,1.050874
16:53:32.250000,1.052155
16:53:32.500000,1.052155
16:53:32.750000,1.052155
16:53:33,1.049592
16:53:33.250000,1.050874
16:53:33.500000,1.048311
16:53:33.750000,1.045749
16:53:34,1.048311
16:53:34.250000,1.043187
16:53:34.500000,1.043187
16:53:34.750000,1.061122
16:53:35,1.071370
16:53:35.250000,1.084180
16:53:35.500000,1.077775
16:53:35.750000,1.075213
16:53:36,1.068808
16:53:36.250000,1.066246
16:53:36.500000,1.067527
16:53:36.750000,1.064965
16:53:37,1.066246
16:53:37.250000,1.068808
16:53:37.500000,1.071370
16:53:37.750000,1.072651
16:53:38,1.070089
16:53:38.250000,1.071370
16:53:38.500000,1.073932
16:53:38.750000,1.071370
16:53:39,1.073932
16:53:39.250000,1.076494
16:53:39.500000,1.072651
16:53:39.750000,1.073932
16:53:40,1.076494
16:53:40.250000,1.075213
16:53:40.500000,1.077775
16:53:40.750000,1.077775
16:53:41,1.075213
16:53:41.250000,1.073932
16:53:41.500000,1.075213
16:53:41.750000,1.073932
16:53:42,1.072651
16:53:42.250000,1.072651
16:53:42.500000,1.070089
16:53:42.750000,1.068808
16:53:43,1.070089
16:53:43.250000,1.070089
16:53:43.500000,1.073932
16:53:43.750000,1.070089
16:53:44,1.068808
16:53:44.250000,1.070089
16:53:44.500000,1.068808
16:53:44.750000,1.068808
16:53:45,1.067527
16:53:45.250000,1.067527
16:53:45.500000,1.067527
16:53:45.750000,1.071370
16:53:46,1.068808
16:53:46.250000,1.064965
16:53:46.500000,1.067527
16:53:46.750000,1.066246
16:53:47,1.067527
16:53:47.250000,1.068808
16:53:47.500000,1.075213
16:53:47.750000,1.066246
16:53:48,1.067527
16:53:48.250000,1.066246
16:53:48.500000,1.066246
16:53:48.750000,1.063684
16:53:49,1.066246
16:53:49.250000,1.066246
16:53:49.500000,1.066246
16:53:49.750000,1.066246
16:53:50,1.062403
16:53:50.250000,1.066246
16:53:50.500000,1.066246
16:53:50.750000,1.064965
16:53:51,1.063684
16:53:51.250000,1.066246
16:53:51.500000,1.064965
16:53:51.750000,1.067527
16:53:52,1.063684
16:53:52.250000,1.064965
16:53:52.500000,1.064965
16:53:52.750000,1.064965
16:53:53,1.067527
16:53:53.250000,1.068808
16:53:53.500000,1.064965
16:53:53.750000,1.064965
16:53:54,1.063684
16:53:54.250000,1.063684
16:53:54.500000,1.066246
16:53:54.750000,1.063684
16:53:55,1.063684
16:53:55.250000,1.061122
16:53:55.500000,1.064965
16:53:55.750000,1.066246
16:53:56,1.064965
16:53:56.250000,1.063684
16:53:56.500000,1.062403
16:53:56.750000,1.064965
16:53:57,1.063684
16:53:57.250000,1.063684
16:53:57.500000,1.063684
16:53:57.750000,1.063684
16:53:58,1.062403
16:53:58.250000,1.064965
16:53:58.500000,1.066246
16:53:58.750000,1.066246
16:53:59,1.064965
16:53:59.250000,1.067527
16:53:59.500000,1.070089
16:53:59.750000,1.064965
16:54:00,1.071370
16:54:00.250000,1.072651
16:54:00.500000,1.072651
16:54:00.750000,1.075213
16:54:01,1.071370
16:54:01.250000,1.072651
16:54:01.500000,1.071370
16:54:01.750000,1.070089
16:54:02,1.073932
16:54:02.250000,1.072651
16:54:02.500000,1.067527
16:54:02.750000,1.067527
16:54:03,1.067527
16:54:03.250000,1.068808
16:54:03.500000,1.068808
16:54:03.750000,1.068808
16:54:04,1.068808
16:54:04.250000,1.067527
16:54:04.500000,1.066246
16:54:04.750000,1.071370
16:54:05,1.068808
16:54:05.250000,1.063684
16:54:05.500000,1.066246
16:54:05.750000,1.067527
16:54:06,1.064965
16:54:06.250000,1.064965
16:54:06.500000,1.067527
16:54:06.750000,1.067527
16:54:07,1.066246
16:54:07.250000,1.067527
16:54:07.500000,1.070089
16:54:07.750000,1.066246
16:54:08,1.066246
16:54:08.250000,1.066246
16:54:08.500000,1.066246
16:54:08.750000,1.066246
16:54:09,1.064965
16:54:09.250000,1.068808
16:54:09.500000,1.067527
16:54:09.750000,1.066246
16:54:10,1.067527
16:54:10.250000,1.067527
16:54:10.500000,1.067527
16:54:10.750000,1.063684
16:54:11,1.067527
16:54:11.250000,1.066246
16:54:11.500000,1.067527
16:54:11.750000,1.066246
16:54:12,1.068808
16:54:12.250000,1.072651
16:54:12.500000,1.072651
16:54:12.750000,1.075213
16:54:13,1.071370
16:54:13.250000,1.075213
16:54:13.500000,1.072651
16:54:13.750000,1.071370
16:54:14,1.071370
16:54:14.250000,1.073932
16:54:14.500000,1.072651
16:54:14.750000,1.071370
16:54:15,1.075213
16:54:15.250000,1.080337
16:54:15.500000,1.084180
16:54:15.750000,1.090585
16:54:16,1.088023
16:54:16.250000,1.086742
16:54:16.500000,1.086742
16:54:16.750000,1.089304
16:54:17,1.089304
16:54:17.250000,1.094428
16:54:17.500000,1.094428
16:54:17.750000,1.104676
16:54:18,1.108520
16:54:18.250000,1.113644
16:54:18.500000,1.111082
16:54:18.750000,1.114925
16:54:19,1.121330
16:54:19.250000,1.126454
16:54:19.500000,1.129016
16:54:19.750000,1.127735
16:54:20,1.123892
16:54:20.250000,1.122611
16:54:20.500000,1.126454
16:54:20.750000,1.123892
16:54:21,1.126454
16:54:21.250000,1.126454
16:54:21.500000,1.121330
16:54:21.750000,1.125173
16:54:22,1.129016
16:54:22.250000,1.132859
16:54:22.500000,1.129016
16:54:22.750000,1.125173
16:54:23,1.127735
16:54:23.250000,1.127735
16:54:23.500000,1.126454
16:54:23.750000,1.126454
16:54:24,1.130297
16:54:24.250000,1.130297
16:54:24.500000,1.135421
16:54:24.750000,1.141826
16:54:25,1.149512
16:54:25.250000,1.154636
16:54:25.500000,1.158479
16:54:25.750000,1.157198
16:54:26,1.152074
16:54:26.250000,1.150793
16:54:26.500000,1.146950
16:54:26.750000,1.145669
16:54:27,1.143107
16:54:27.250000,1.140545
16:54:27.500000,1.144388
16:54:27.750000,1.141826
16:54:28,1.140545
16:54:28.250000,1.140545
16:54:28.500000,1.139264
16:54:28.750000,1.141826
16:54:29,1.140545
16:54:29.250000,1.141826
16:54:29.500000,1.141826
16:54:29.750000,1.143107
16:54:30,1.144388
16:54:30.250000,1.143107
16:54:30.500000,1.140545
16:54:30.750000,1.144388
16:54:31,1.139264
16:54:31.250000,1.141826
16:54:31.500000,1.139264
16:54:31.750000,1.139264
16:54:32,1.139264
16:54:32.250000,1.136702
16:54:32.500000,1.137983
16:54:32.750000,1.137983
16:54:33,1.136702
16:54:33.250000,1.137983
16:54:33.500000,1.134140
16:54:33.750000,1.136702
16:54:34,1.134140
16:54:34.250000,1.139264
16:54:34.500000,1.137983
16:54:34.750000,1.141826
16:54:35,1.150793
16:54:35.250000,1.154636
16:54:35.500000,1.159760
16:54:35.750000,1.158479
16:54:36,1.162322
16:54:36.250000,1.164884
16:54:36.500000,1.159760
16:54:36.750000,1.159760
16:54:37,1.158479
16:54:37.250000,1.161041
16:54:37.500000,1.166165
16:54:37.750000,1.177695
16:54:38,1.178976
16:54:38.250000,1.175133
16:54:38.500000,1.175133
16:54:38.750000,1.168728
16:54:39,1.170009
16:54:39.250000,1.170009
16:54:39.500000,1.168728
16:54:39.750000,1.173852
16:54:40,1.178976
16:54:40.250000,1.189224
16:54:40.500000,1.196910
16:54:40.750000,1.207158
16:54:41,1.213563
16:54:41.250000,1.223812
16:54:41.500000,1.225093
16:54:41.750000,1.225093
16:54:42,1.227655
16:54:42.250000,1.234060
16:54:42.500000,1.234060
16:54:42.750000,1.243027
16:54:43,1.249432
16:54:43.250000,1.258399
16:54:43.500000,1.260961
16:54:43.750000,1.264804
16:54:44,1.275052
16:54:44.250000,1.272490
16:54:44.500000,1.266085
16:54:44.750000,1.263523
16:54:45,1.259680
16:54:45.250000,1.260961
16:54:45.500000,1.258399
16:54:45.750000,1.259680
16:54:46,1.258399
16:54:46.250000,1.257118
16:54:46.500000,1.254556
16:54:46.750000,1.255837
16:54:47,1.255837
16:54:47.250000,1.253275
16:54:47.500000,1.253275
16:54:47.750000,1.248151
16:54:48,1.248151
16:54:48.250000,1.246870
16:54:48.500000,1.240465
16:54:48.750000,1.234060
16:54:49,1.219968
16:54:49.250000,1.185381
16:54:49.500000,1.191786
16:54:49.750000,1.184100
16:54:50,1.181538
16:54:50.250000,1.181538
16:54:50.500000,1.178976
16:54:50.750000,1.178976
16:54:51,1.177695
16:54:51.250000,1.176414
16:54:51.500000,1.175133
16:54:51.750000,1.172571
16:54:52,1.173852
16:54:52.250000,1.170009
16:54:52.500000,1.171290
16:54:52.750000,1.167446
16:54:53,1.167446
16:54:53.250000,1.164884
16:54:53.500000,1.164884
16:54:53.750000,1.163603
16:54:54,1.163603
16:54:54.250000,1.161041
16:54:54.500000,1.161041
16:54:54.750000,1.164884
16:54:55,1.159760
16:54:55.250000,1.163603
16:54:55.500000,1.161041
16:54:55.750000,1.161041
16:54:56,1.161041
16:54:56.250000,1.161041
16:54:56.500000,1.158479
16:54:56.750000,1.158479
16:54:57,1.155917
16:54:57.250000,1.155917
16:54:57.500000,1.154636
16:54:57.750000,1.153355
16:54:58,1.149512
16:54:58.250000,1.149512
16:54:58.500000,1.149512
16:54:58.750000,1.149512
16:54:59,1.149512
16:54:59.250000,1.148231
16:54:59.500000,1.148231
16:54:59.750000,1.146950
16:55:00,1.148231
16:55:00.250000,1.146950
16:55:00.500000,1.146950
16:55:00.750000,1.145669
16:55:01,1.146950
16:55:01.250000,1.150793
16:55:01.500000,1.153355
16:55:01.750000,1.157198
16:55:02,1.159760
16:55:02.250000,1.163603
16:55:02.500000,1.162322
16:55:02.750000,1.168728
16:55:03,1.164884
16:55:03.250000,1.167446
16:55:03.500000,1.167446
16:55:03.750000,1.170009
16:55:04,1.168728
16:55:04.250000,1.166165
16:55:04.500000,1.168728
16:55:04.750000,1.170009
16:55:05,1.163603
16:55:05.250000,1.164884
16:55:05.500000,1.164884
16:55:05.750000,1.159760
16:55:06,1.158479
16:55:06.250000,1.154636
16:55:06.500000,1.152074
16:55:06.750000,1.166165
16:55:07,1.149512
16:55:07.250000,1.139264
16:55:07.500000,1.152074
16:55:07.750000,1.153355
16:55:08,1.158479
16:55:08.250000,1.163603
16:55:08.500000,1.170009
16:55:08.750000,1.177695
16:55:09,1.186662
16:55:09.250000,1.195629
16:55:09.500000,1.196910
16:55:09.750000,1.198191
16:55:10,1.218687
16:55:10.250000,1.258399
16:55:10.500000,1.273771
16:55:10.750000,1.253275
16:55:11,1.227655
16:55:11.250000,1.221249
16:55:11.500000,1.213563
16:55:11.750000,1.211001
16:55:12,1.212282
16:55:12.250000,1.213563
16:55:12.500000,1.213563
16:55:12.750000,1.213563
16:55:13,1.213563
16:55:13.250000,1.221249
16:55:13.500000,1.227655
16:55:13.750000,1.225093
16:55:14,1.213563
16:55:14.250000,1.217406
16:55:14.500000,1.217406
16:55:14.750000,1.216125
16:55:15,1.217406
16:55:15.250000,1.253275
16:55:15.500000,1.236622
16:55:15.750000,1.260961
16:55:16,1.271209
16:55:16.250000,1.272490
16:55:16.500000,1.272490
16:55:16.750000,1.269928
16:55:17,1.269928
16:55:17.250000,1.272490
16:55:17.500000,1.268647
16:55:17.750000,1.267366
16:55:18,1.268647
16:55:18.250000,1.264804
16:55:18.500000,1.263523
16:55:18.750000,1.260961
16:55:19,1.259680
16:55:19.250000,1.263523
16:55:19.500000,1.266085
16:55:19.750000,1.262242
16:55:20,1.263523
16:55:20.250000,1.267366
16:55:20.500000,1.271209
16:55:20.750000,1.268647
16:55:21,1.271209
16:55:21.250000,1.267366
16:55:21.500000,1.267366
16:55:21.750000,1.264804
16:55:22,1.264804
16:55:22.250000,1.263523
16:55:22.500000,1.264804
16:55:22.750000,1.260961
16:55:23,1.259680
16:55:23.250000,1.259680
16:55:23.500000,1.257118
16:55:23.750000,1.259680
16:55:24,1.255837
16:55:24.250000,1.259680
16:55:24.500000,1.254556
16:55:24.750000,1.253275
16:55:25,1.250713
16:55:25.250000,1.249432
16:55:25.500000,1.251994
16:55:25.750000,1.248151
16:55:26,1.244308
16:55:26.250000,1.245589
16:55:26.500000,1.245589
16:55:26.750000,1.241746
16:55:27,1.240465
16:55:27.250000,1.240465
16:55:27.500000,1.246870
16:55:27.750000,1.243027
16:55:28,1.244308
16:55:28.250000,1.244308
16:55:28.500000,1.243027
16:55:28.750000,1.244308
16:55:29,1.244308
16:55:29.250000,1.244308
16:55:29.500000,1.243027
16:55:29.750000,1.240465
16:55:30,1.240465
16:55:30.250000,1.241746
16:55:30.500000,1.236622
16:55:30.750000,1.240465
16:55:31,1.235341
16:55:31.250000,1.236622
16:55:31.500000,1.234060
16:55:31.750000,1.232779
16:55:32,1.234060
16:55:32.250000,1.234060
16:55:32.500000,1.232779
16:55:32.750000,1.230217
16:55:33,1.231498
16:55:33.250000,1.230217
16:55:33.500000,1.230217
16:55:33.750000,1.227655
16:55:34,1.227655
16:55:34.250000,1.227655
16:55:34.500000,1.226374
16:55:34.750000,1.228936
16:55:35,1.228936
16:55:35.250000,1.228936
16:55:35.500000,1.226374
16:55:35.750000,1.231498
16:55:36,1.227655
16:55:36.250000,1.230217
16:55:36.500000,1.225093
16:55:36.750000,1.226374
16:55:37,1.223812
16:55:37.250000,1.230217
16:55:37.500000,1.239184
16:55:37.750000,1.232779
16:55:38,1.227655
16:55:38.250000,1.223812
16:55:38.500000,1.223812
16:55:38.750000,1.217406
16:55:39,1.219968
16:55:39.250000,1.219968
16:55:39.500000,1.216125
16:55:39.750000,1.212282
16:55:40,1.212282
16:55:40.250000,1.212282
16:55:40.500000,1.209720
16:55:40.750000,1.212282
16:55:41,1.207158
16:55:41.250000,1.212282
16:55:41.500000,1.205877
16:55:41.750000,1.207158
16:55:42,1.207158
16:55:42.250000,1.211001
16:55:42.500000,1.211001
16:55:42.750000,1.213563
16:55:43,1.218687
16:55:43.250000,1.222530
16:55:43.500000,1.227655
16:55:43.750000,1.232779
16:55:44,1.231498
16:55:44.250000,1.232779
16:55:44.500000,1.232779
16:55:44.750000,1.234060
16:55:45,1.232779
16:55:45.250000,1.239184
16:55:45.500000,1.249432
16:55:45.750000,1.255837
16:55:46,1.249432
16:55:46.250000,1.241746
16:55:46.500000,1.240465
16:55:46.750000,1.228936
16:55:47,1.207158
16:55:47.250000,1.217406
16:55:47.500000,1.218687
16:55:47.750000,1.225093
16:55:48,1.227655
16:55:48.250000,1.227655
16:55:48.500000,1.227655
16:55:48.750000,1.226374
16:55:49,1.226374
16:55:49.250000,1.230217
16:55:49.500000,1.227655
16:55:49.750000,1.231498
16:55:50,1.230217
16:55:50.250000,1.231498
16:55:50.500000,1.227655
16:55:50.750000,1.225093
16:55:51,1.225093
16:55:51.250000,1.225093
16:55:51.500000,1.221249
16:55:51.750000,1.221249
16:55:52,1.219968
16:55:52.250000,1.219968
16:55:52.500000,1.222530
16:55:52.750000,1.226374
16:55:53,1.230217
16:55:53.250000,1.228936
16:55:53.500000,1.228936
16:55:53.750000,1.230217
16:55:54,1.226374
16:55:54.250000,1.230217
16:55:54.500000,1.225093
16:55:54.750000,1.221249
16:55:55,1.219968
16:55:55.250000,1.216125
16:55:55.500000,1.213563
16:55:55.750000,1.211001
16:55:56,1.212282
16:55:56.250000,1.212282
16:55:56.500000,1.208439
16:55:56.750000,1.209720
16:55:57,1.208439
16:55:57.250000,1.204596
16:55:57.500000,1.202034
16:55:57.750000,1.202034
16:55:58,1.202034
16:55:58.250000,1.204596
16:55:58.500000,1.198191
16:55:58.750000,1.199472
16:55:59,1.194348
16:55:59.250000,1.194348
16:55:59.500000,1.193067
16:55:59.750000,1.193067
16:56:00,1.193067
16:56:00.250000,1.190505
16:56:00.500000,1.191786
16:56:00.750000,1.190505
16:56:01,1.191786
16:56:01.250000,1.191786
16:56:01.500000,1.186662
16:56:01.750000,1.185381
16:56:02,1.185381
16:56:02.250000,1.184100
16:56:02.500000,1.181538
16:56:02.750000,1.182819
16:56:03,1.180257
16:56:03.250000,1.180257
16:56:03.500000,1.178976
16:56:03.750000,1.178976
16:56:04,1.177695
16:56:04.250000,1.178976
16:56:04.500000,1.175133
16:56:04.750000,1.173852
16:56:05,1.172571
16:56:05.250000,1.172571
16:56:05.500000,1.173852
16:56:05.750000,1.170009
16:56:06,1.171290
16:56:06.250000,1.168728
16:56:06.500000,1.168728
16:56:06.750000,1.167446
16:56:07,1.168728
16:56:07.250000,1.168728
16:56:07.500000,1.171290
16:56:07.750000,1.168728
16:56:08,1.167446
16:56:08.250000,1.167446
16:56:08.500000,1.166165
16:56:08.750000,1.166165
16:56:09,1.168728
16:56:09.250000,1.170009
16:56:09.500000,1.166165
16:56:09.750000,1.164884
16:56:10,1.166165
16:56:10.250000,1.166165
16:56:10.500000,1.164884
16:56:10.750000,1.164884
16:56:11,1.163603
16:56:11.250000,1.163603
16:56:11.500000,1.164884
16:56:11.750000,1.166165
16:56:12,1.164884
16:56:12.250000,1.163603
16:56:12.500000,1.161041
16:56:12.750000,1.161041
16:56:13,1.159760
16:56:13.250000,1.161041
16:56:13.500000,1.157198
16:56:13.750000,1.159760
16:56:14,1.158479
16:56:14.250000,1.161041
16:56:14.500000,1.161041
16:56:14.750000,1.163603
16:56:15,1.161041
16:56:15.250000,1.163603
16:56:15.500000,1.162322
16:56:15.750000,1.161041
16:56:16,1.162322
16:56:16.250000,1.162322
16:56:16.500000,1.158479
16:56:16.750000,1.158479
16:56:17,1.155917
16:56:17.250000,1.159760
16:56:17.500000,1.154636
16:56:17.750000,1.157198
16:56:18,1.155917
16:56:18.250000,1.157198
16:56:18.500000,1.157198
16:56:18.750000,1.159760
16:56:19,1.159760
16:56:19.250000,1.154636
16:56:19.500000,1.157198
16:56:19.750000,1.158479
16:56:20,1.163603
16:56:20.250000,1.163603
16:56:20.500000,1.163603
16:56:20.750000,1.168728
16:56:21,1.173852
16:56:21.250000,1.172571
16:56:21.500000,1.175133
16:56:21.750000,1.180257
16:56:22,1.182819
16:56:22.250000,1.184100
16:56:22.500000,1.184100
16:56:22.750000,1.185381
16:56:23,1.185381
16:56:23.250000,1.185381
16:56:23.500000,1.182819
16:56:23.750000,1.185381
16:56:24,1.180257
16:56:24.250000,1.184100
16:56:24.500000,1.177695
16:56:24.750000,1.176414
16:56:25,1.177695
16:56:25.250000,1.173852
16:56:25.500000,1.176414
16:56:25.750000,1.190505
16:56:26,1.178976
16:56:26.250000,1.173852
16:56:26.500000,1.172571
16:56:26.750000,1.168728
16:56:27,1.175133
16:56:27.250000,1.173852
16:56:27.500000,1.170009
16:56:27.750000,1.167446
16:56:28,1.164884
16:56:28.250000,1.167446
16:56:28.500000,1.164884
16:56:28.750000,1.166165
16:56:29,1.166165
16:56:29.250000,1.164884
16:56:29.500000,1.166165
16:56:29.750000,1.166165
16:56:30,1.164884
16:56:30.250000,1.167446
16:56:30.500000,1.163603
16:56:30.750000,1.163603
16:56:31,1.164884
16:56:31.250000,1.163603
16:56:31.500000,1.166165
16:56:31.750000,1.161041
16:56:32,1.164884
16:56:32.250000,1.166165
16:56:32.500000,1.167446
16:56:32.750000,1.164884
16:56:33,1.163603
16:56:33.250000,1.164884
16:56:33.500000,1.166165
16:56:33.750000,1.164884
16:56:34,1.164884
16:56:34.250000,1.171290
16:56:34.500000,1.170009
16:56:34.750000,1.172571
16:56:35,1.171290
16:56:35.250000,1.173852
16:56:35.500000,1.172571
16:56:35.750000,1.172571
16:56:36,1.170009
16:56:36.250000,1.168728
16:56:36.500000,1.170009
16:56:36.750000,1.170009
16:56:37,1.171290
16:56:37.250000,1.170009
16:56:37.500000,1.164884
16:56:37.750000,1.167446
16:56:38,1.167446
16:56:38.250000,1.166165
16:56:38.500000,1.166165
16:56:38.750000,1.168728
16:56:39,1.166165
16:56:39.250000,1.166165
16:56:39.500000,1.163603
16:56:39.750000,1.163603
16:56:40,1.166165
16:56:40.250000,1.166165
16:56:40.500000,1.164884
16:56:40.750000,1.168728
16:56:41,1.170009
16:56:41.250000,1.164884
16:56:41.500000,1.167446
16:56:41.750000,1.167446
16:56:42,1.164884
16:56:42.250000,1.168728
16:56:42.500000,1.175133
16:56:42.750000,1.173852
16:56:43,1.177695
16:56:43.250000,1.175133
16:56:43.500000,1.180257
16:56:43.750000,1.175133
16:56:44,1.171290
16:56:44.250000,1.171290
16:56:44.500000,1.176414
16:56:44.750000,1.176414
16:56:45,1.182819
16:56:45.250000,1.184100
16:56:45.500000,1.184100
16:56:45.750000,1.185381
16:56:46,1.193067
16:56:46.250000,1.182819
16:56:46.500000,1.173852
16:56:46.750000,1.171290
16:56:47,1.172571
16:56:47.250000,1.168728
16:56:47.500000,1.149512
16:56:47.750000,1.146950
16:56:48,1.093147
16:56:48.250000,1.141826
16:56:48.500000,1.145669
16:56:48.750000,1.159760
16:56:49,1.154636
16:56:49.250000,1.090585
16:56:49.500000,1.118768
16:56:49.750000,1.134140
16:56:50,1.153355
16:56:50.250000,1.166165
16:56:50.500000,1.173852
16:56:50.750000,1.236622
16:56:51,1.241746
16:56:51.250000,1.240465
16:56:51.500000,1.246870
16:56:51.750000,1.254556
16:56:52,1.250713
16:56:52.250000,1.253275
16:56:52.500000,1.267366
16:56:52.750000,1.282739
16:56:53,1.294268
16:56:53.250000,1.300673
16:56:53.500000,1.307078
16:56:53.750000,1.308359
16:56:54,1.310921
16:56:54.250000,1.308359
16:56:54.500000,1.301954
16:56:54.750000,1.287863
16:56:55,1.285301
16:56:55.250000,1.276333
16:56:55.500000,1.272490
16:56:55.750000,1.268647
16:56:56,1.267366
16:56:56.250000,1.273771
16:56:56.500000,1.273771
16:56:56.750000,1.271209
16:56:57,1.271209
16:56:57.250000,1.273771
16:56:57.500000,1.272490
16:56:57.750000,1.275052
16:56:58,1.276333
16:56:58.250000,1.277614
16:56:58.500000,1.276333
16:56:58.750000,1.276333
16:56:59,1.269928
16:56:59.250000,1.268647
16:56:59.500000,1.271209
16:56:59.750000,1.271209
16:57:00,1.273771
16:57:00.250000,1.271209
16:57:00.500000,1.268647
16:57:00.750000,1.267366
16:57:01,1.267366
16:57:01.250000,1.264804
16:57:01.500000,1.262242
16:57:01.750000,1.258399
16:57:02,1.257118
16:57:02.250000,1.255837
16:57:02.500000,1.253275
16:57:02.750000,1.255837
16:57:03,1.253275
16:57:03.250000,1.251994
16:57:03.500000,1.249432
16:57:03.750000,1.249432
16:57:04,1.246870
16:57:04.250000,1.245589
16:57:04.500000,1.245589
16:57:04.750000,1.245589
16:57:05,1.246870
16:57:05.250000,1.245589
16:57:05.500000,1.249432
16:57:05.750000,1.244308
16:57:06,1.245589
16:57:06.250000,1.248151
16:57:06.500000,1.250713
16:57:06.750000,1.246870
16:57:07,1.253275
16:57:07.250000,1.255837
16:57:07.500000,1.257118
16:57:07.750000,1.255837
16:57:08,1.255837
16:57:08.250000,1.258399
16:57:08.500000,1.258399
16:57:08.750000,1.258399
16:57:09,1.257118
16:57:09.250000,1.259680
16:57:09.500000,1.253275
16:57:09.750000,1.253275
16:57:10,1.251994
16:57:10.250000,1.254556
16:57:10.500000,1.249432
16:57:10.750000,1.250713
16:57:11,1.253275
16:57:11.250000,1.254556
16:57:11.500000,1.251994
16:57:11.750000,1.253275
16:57:12,1.258399
16:57:12.250000,1.258399
16:57:12.500000,1.258399
16:57:12.750000,1.255837
16:57:13,1.257118
16:57:13.250000,1.257118
16:57:13.500000,1.255837
16:57:13.750000,1.259680
16:57:14,1.254556
16:57:14.250000,1.254556
16:57:14.500000,1.253275
16:57:14.750000,1.255837
16:57:15,1.248151
16:57:15.250000,1.250713
16:57:15.500000,1.246870
16:57:15.750000,1.245589
16:57:16,1.244308
16:57:16.250000,1.246870
16:57:16.500000,1.245589
16:57:16.750000,1.241746
16:57:17,1.240465
16:57:17.250000,1.241746
16:57:17.500000,1.243027
16:57:17.750000,1.240465
16:57:18,1.240465
16:57:18.250000,1.244308
16:57:18.500000,1.244308
16:57:18.750000,1.243027
16:57:19,1.243027
16:57:19.250000,1.245589
16:57:19.500000,1.244308
16:57:19.750000,1.243027
16:57:20,1.241746
16:57:20.250000,1.244308
16:57:20.500000,1.241746
16:57:20.750000,1.239184
16:57:21,1.237903
16:57:21.250000,1.239184
16:57:21.500000,1.235341
16:57:21.750000,1.235341
16:57:22,1.237903
16:57:22.250000,1.237903
16:57:22.500000,1.236622
16:57:22.750000,1.235341
16:57:23,1.236622
16:57:23.250000,1.236622
16:57:23.500000,1.232779
16:57:23.750000,1.232779
16:57:24,1.232779
16:57:24.250000,1.232779
16:57:24.500000,1.231498
16:57:24.750000,1.234060
16:57:25,1.231498
16:57:25.250000,1.230217
16:57:25.500000,1.230217
16:57:25.750000,1.230217
16:57:26,1.223812
16:57:26.250000,1.226374
16:57:26.500000,1.225093
16:57:26.750000,1.226374
16:57:27,1.227655
16:57:27.250000,1.227655
16:57:27.500000,1.232779
16:57:27.750000,1.226374
16:57:28,1.225093
16:57:28.250000,1.222530
16:57:28.500000,1.223812
16:57:28.750000,1.221249
16:57:29,1.222530
16:57:29.250000,1.221249
16:57:29.500000,1.230217
16:57:29.750000,1.250713
16:57:30,1.269928
16:57:30.250000,1.272490
16:57:30.500000,1.196910
16:57:30.750000,1.193067
16:57:31,1.181538
16:57:31.250000,1.184100
16:57:31.500000,1.195629
16:57:31.750000,1.199472
16:57:32,1.190505
16:57:32.250000,1.190505
16:57:32.500000,1.200753
16:57:32.750000,1.207158
16:57:33,1.190505
16:57:33.250000,1.227655
16:57:33.500000,1.231498
16:57:33.750000,1.237903
16:57:34,1.241746
16:57:34.250000,1.248151
16:57:34.500000,1.249432
16:57:34.750000,1.250713
16:57:35,1.254556
16:57:35.250000,1.258399
16:57:35.500000,1.259680
16:57:35.750000,1.262242
16:57:36,1.263523
16:57:36.250000,1.262242
16:57:36.500000,1.262242
16:57:36.750000,1.260961
16:57:37,1.259680
16:57:37.250000,1.258399
16:57:37.500000,1.255837
16:57:37.750000,1.254556
16:57:38,1.250713
16:57:38.250000,1.249432
16:57:38.500000,1.248151
16:57:38.750000,1.249432
16:57:39,1.246870
16:57:39.250000,1.245589
16:57:39.500000,1.246870
16:57:39.750000,1.244308
16:57:40,1.241746
16:57:40.250000,1.240465
16:57:40.500000,1.240465
16:57:40.750000,1.241746
16:57:41,1.245589
16:57:41.250000,1.241746
16:57:41.500000,1.243027
16:57:41.750000,1.243027
16:57:42,1.240465
16:57:42.250000,1.241746
16:57:42.500000,1.240465
16:57:42.750000,1.237903
16:57:43,1.239184
16:57:43.250000,1.240465
16:57:43.500000,1.239184
16:57:43.750000,1.241746
16:57:44,1.244308
16:57:44.250000,1.243027
16:57:44.500000,1.243027
16:57:44.750000,1.246870
16:57:45,1.243027
16:57:45.250000,1.241746
16:57:45.500000,1.244308
16:57:45.750000,1.243027
16:57:46,1.241746
16:57:46.250000,1.241746
16:57:46.500000,1.243027
16:57:46.750000,1.243027
16:57:47,1.244308
16:57:47.250000,1.244308
16:57:47.500000,1.249432
16:57:47.750000,1.241746
16:57:48,1.245589
16:57:48.250000,1.248151
16:57:48.500000,1.244308
16:57:48.750000,1.244308
16:57:49,1.241746
16:57:49.250000,1.241746
16:57:49.500000,1.243027
16:57:49.750000,1.243027
16:57:50,1.243027
16:57:50.250000,1.237903
16:57:50.500000,1.239184
16:57:50.750000,1.241746
16:57:51,1.240465
16:57:51.250000,1.240465
16:57:51.500000,1.239184
16:57:51.750000,1.240465
16:57:52,1.237903
16:57:52.250000,1.240465
16:57:52.500000,1.240465
16:57:52.750000,1.241746
16:57:53,1.240465
16:57:53.250000,1.239184
16:57:53.500000,1.235341
16:57:53.750000,1.237903
16:57:54,1.240465
16:57:54.250000,1.237903
16:57:54.500000,1.237903
16:57:54.750000,1.239184
16:57:55,1.241746
16:57:55.250000,1.241746
16:57:55.500000,1.240465
16:57:55.750000,1.240465
16:57:56,1.237903
16:57:56.250000,1.237903
16:57:56.500000,1.237903
16:57:56.750000,1.239184
16:57:57,1.239184
16:57:57.250000,1.243027
16:57:57.500000,1.239184
16:57:57.750000,1.241746
16:57:58,1.240465
16:57:58.250000,1.241746
16:57:58.500000,1.239184
16:57:58.750000,1.243027
16:57:59,1.239184
16:57:59.250000,1.243027
16:57:59.500000,1.243027
16:57:59.750000,1.243027
16:58:00,1.244308
16:58:00.250000,1.246870
16:58:00.500000,1.246870
16:58:00.750000,1.246870
16:58:01,1.245589
16:58:01.250000,1.241746
16:58:01.500000,1.243027
16:58:01.750000,1.243027
16:58:02,1.243027
16:58:02.250000,1.244308
16:58:02.500000,1.237903
16:58:02.750000,1.239184
16:58:03,1.240465
16:58:03.250000,1.245589
16:58:03.500000,1.243027
16:58:03.750000,1.244308
16:58:04,1.244308
16:58:04.250000,1.246870
16:58:04.500000,1.249432
16:58:04.750000,1.249432
16:58:05,1.249432
16:58:05.250000,1.250713
16:58:05.500000,1.253275
16:58:05.750000,1.254556
16:58:06,1.257118
16:58:06.250000,1.253275
16:58:06.500000,1.248151
16:58:06.750000,1.244308
16:58:07,1.245589
16:58:07.250000,1.245589
16:58:07.500000,1.250713
16:58:07.750000,1.244308
16:58:08,1.245589
16:58:08.250000,1.245589
16:58:08.500000,1.246870
16:58:08.750000,1.246870
16:58:09,1.245589
16:58:09.250000,1.246870
16:58:09.500000,1.248151
16:58:09.750000,1.249432
16:58:10,1.248151
16:58:10.250000,1.253275
16:58:10.500000,1.258399
16:58:10.750000,1.260961
16:58:11,1.266085
16:58:11.250000,1.266085
16:58:11.500000,1.267366
16:58:11.750000,1.263523
16:58:12,1.260961
16:58:12.250000,1.259680
16:58:12.500000,1.255837
16:58:12.750000,1.246870
16:58:13,1.250713
16:58:13.250000,1.253275
16:58:13.500000,1.246870
16:58:13.750000,1.246870
16:58:14,1.250713
16:58:14.250000,1.249432
16:58:14.500000,1.249432
16:58:14.750000,1.249432
16:58:15,1.249432
16:58:15.250000,1.253275
16:58:15.500000,1.249432
16:58:15.750000,1.253275
16:58:16,1.251994
16:58:16.250000,1.255837
16:58:16.500000,1.254556
16:58:16.750000,1.253275
16:58:17,1.255837
16:58:17.250000,1.255837
16:58:17.500000,1.250713
16:58:17.750000,1.254556
16:58:18,1.251994
16:58:18.250000,1.250713
16:58:18.500000,1.246870
16:58:18.750000,1.248151
16:58:19,1.246870
16:58:19.250000,1.250713
16:58:19.500000,1.246870
16:58:19.750000,1.244308
16:58:20,1.244308
16:58:20.250000,1.244308
16:58:20.500000,1.244308
16:58:20.750000,1.239184
16:58:21,1.243027
16:58:21.250000,1.236622
16:58:21.500000,1.237903
16:58:21.750000,1.236622
16:58:22,1.236622
16:58:22.250000,1.235341
16:58:22.500000,1.234060
16:58:22.750000,1.231498
16:58:23,1.230217
16:58:23.250000,1.231498
16:58:23.500000,1.227655
16:58:23.750000,1.225093
16:58:24,1.226374
16:58:24.250000,1.227655
16:58:24.500000,1.225093
16:58:24.750000,1.223812
16:58:25,1.222530
16:58:25.250000,1.226374
16:58:25.500000,1.223812
16:58:25.750000,1.223812
16:58:26,1.221249
16:58:26.250000,1.222530
16:58:26.500000,1.216125
16:58:26.750000,1.217406
16:58:27,1.214844
16:58:27.250000,1.217406
16:58:27.500000,1.218687
16:58:27.750000,1.219968
16:58:28,1.225093
16:58:28.250000,1.223812
16:58:28.500000,1.223812
16:58:28.750000,1.225093
16:58:29,1.225093
16:58:29.250000,1.227655
16:58:29.500000,1.232779
16:58:29.750000,1.230217
16:58:30,1.228936
16:58:30.250000,1.228936
16:58:30.500000,1.228936
16:58:30.750000,1.230217
16:58:31,1.226374
16:58:31.250000,1.225093
16:58:31.500000,1.223812
16:58:31.750000,1.225093
16:58:32,1.225093
16:58:32.250000,1.221249
16:58:32.500000,1.222530
16:58:32.750000,1.219968
16:58:33,1.219968
16:58:33.250000,1.222530
16:58:33.500000,1.221249
16:58:33.750000,1.219968
16:58:34,1.219968
16:58:34.250000,1.218687
16:58:34.500000,1.219968
16:58:34.750000,1.216125
16:58:35,1.216125
16:58:35.250000,1.219968
16:58:35.500000,1.218687
16:58:35.750000,1.217406
16:58:36,1.216125
16:58:36.250000,1.216125
16:58:36.500000,1.218687
16:58:36.750000,1.214844
16:58:37,1.216125
16:58:37.250000,1.217406
16:58:37.500000,1.213563
16:58:37.750000,1.216125
16:58:38,1.216125
16:58:38.250000,1.218687
16:58:38.500000,1.214844
16:58:38.750000,1.217406
16:58:39,1.217406
16:58:39.250000,1.217406
16:58:39.500000,1.213563
16:58:39.750000,1.211001
16:58:40,1.216125
16:58:40.250000,1.212282
16:58:40.500000,1.213563
16:58:40.750000,1.212282
16:58:41,1.212282
16:58:41.250000,1.212282
16:58:41.500000,1.211001
16:58:41.750000,1.208439
16:58:42,1.209720
16:58:42.250000,1.208439
16:58:42.500000,1.208439
16:58:42.750000,1.208439
16:58:43,1.209720
16:58:43.250000,1.209720
16:58:43.500000,1.208439
16:58:43.750000,1.208439
16:58:44,1.207158
16:58:44.250000,1.207158
16:58:44.500000,1.207158
16:58:44.750000,1.207158
16:58:45,1.203315
16:58:45.250000,1.204596
16:58:45.500000,1.203315
16:58:45.750000,1.205877
16:58:46,1.205877
16:58:46.250000,1.203315
16:58:46.500000,1.203315
16:58:46.750000,1.203315
16:58:47,1.205877
16:58:47.250000,1.204596
16:58:47.500000,1.205877
16:58:47.750000,1.204596
16:58:48,1.207158
16:58:48.250000,1.204596
16:58:48.500000,1.203315
16:58:48.750000,1.203315
16:58:49,1.202034
16:58:49.250000,1.199472
16:58:49.500000,1.198191
16:58:49.750000,1.202034
16:58:50,1.200753
16:58:50.250000,1.202034
16:58:50.500000,1.202034
16:58:50.750000,1.196910
16:58:51,1.196910
16:58:51.250000,1.187943
16:58:51.500000,1.193067
16:58:51.750000,1.194348
16:58:52,1.193067
16:58:52.250000,1.193067
16:58:52.500000,1.184100
16:58:52.750000,1.193067
16:58:53,1.187943
16:58:53.250000,1.185381
16:58:53.500000,1.187943
16:58:53.750000,1.196910
16:58:54,1.199472
16:58:54.250000,1.193067
16:58:54.500000,1.193067
16:58:54.750000,1.200753
16:58:55,1.202034
16:58:55.250000,1.202034
16:58:55.500000,1.204596
16:58:55.750000,1.199472
16:58:56,1.198191
16:58:56.250000,1.202034
16:58:56.500000,1.204596
16:58:56.750000,1.202034
16:58:57,1.203315
16:58:57.250000,1.200753
16:58:57.500000,1.193067
16:58:57.750000,1.189224
16:58:58,1.175133
16:58:58.250000,1.130297
16:58:58.500000,1.150793
16:58:58.750000,1.136702
16:58:59,1.132859
16:58:59.250000,1.127735
16:58:59.500000,1.114925
16:58:59.750000,1.111082
16:59:00,1.104676
16:59:00.250000,1.105958
16:59:00.500000,1.107239
16:59:00.750000,1.099552
16:59:01,1.102114
16:59:01.250000,1.100833
16:59:01.500000,1.126454
16:59:01.750000,1.117487
16:59:02,1.093147
16:59:02.250000,1.086742
16:59:02.500000,1.090585
16:59:02.750000,1.096990
16:59:03,1.103395
16:59:03.250000,1.105958
16:59:03.500000,1.108520
16:59:03.750000,1.113644
16:59:04,1.113644
16:59:04.250000,1.109801
16:59:04.500000,1.107239
16:59:04.750000,1.108520
16:59:05,1.105958
16:59:05.250000,1.107239
16:59:05.500000,1.104676
16:59:05.750000,1.109801
16:59:06,1.107239
16:59:06.250000,1.107239
16:59:06.500000,1.111082
16:59:06.750000,1.112363
16:59:07,1.112363
16:59:07.250000,1.109801
16:59:07.500000,1.112363
16:59:07.750000,1.109801
16:59:08,1.112363
16:59:08.250000,1.109801
16:59:08.500000,1.111082
16:59:08.750000,1.118768
16:59:09,1.134140
16:59:09.250000,1.137983
16:59:09.500000,1.137983
16:59:09.750000,1.136702
16:59:10,1.140545
16:59:10.250000,1.132859
16:59:10.500000,1.130297
16:59:10.750000,1.132859
16:59:11,1.134140
16:59:11.250000,1.135421
16:59:11.500000,1.135421
16:59:11.750000,1.135421
16:59:12,1.139264
16:59:12.250000,1.140545
16:59:12.500000,1.139264
16:59:12.750000,1.141826
16:59:13,1.145669
16:59:13.250000,1.145669
16:59:13.500000,1.145669
16:59:13.750000,1.146950
16:59:14,1.146950
16:59:14.250000,1.145669
16:59:14.500000,1.144388
16:59:14.750000,1.146950
16:59:15,1.149512
16:59:15.250000,1.152074
16:59:15.500000,1.146950
16:59:15.750000,1.150793
16:59:16,1.150793
16:59:16.250000,1.154636
16:59:16.500000,1.159760
16:59:16.750000,1.159760
16:59:17,1.158479
16:59:17.250000,1.158479
16:59:17.500000,1.159760
16:59:17.750000,1.158479
16:59:18,1.158479
16:59:18.250000,1.157198
16:59:18.500000,1.157198
16:59:18.750000,1.159760
16:59:19,1.157198
16:59:19.250000,1.157198
16:59:19.500000,1.159760
16:59:19.750000,1.159760
16:59:20,1.159760
16:59:20.250000,1.166165
16:59:20.500000,1.162322
16:59:20.750000,1.159760
16:59:21,1.161041
16:59:21.250000,1.163603
16:59:21.500000,1.161041
16:59:21.750000,1.161041
16:59:22,1.163603
16:59:22.250000,1.158479
16:59:22.500000,1.159760
16:59:22.750000,1.157198
16:59:23,1.157198
16:59:23.250000,1.158479
16:59:23.500000,1.158479
16:59:23.750000,1.154636
16:59:24,1.157198
16:59:24.250000,1.158479
16:59:24.500000,1.161041
16:59:24.750000,1.158479
16:59:25,1.157198
16:59:25.250000,1.155917
16:59:25.500000,1.161041
16:59:25.750000,1.159760
16:59:26,1.161041
16:59:26.250000,1.158479
16:59:26.500000,1.155917
16:59:26.750000,1.157198
16:59:27,1.157198
16:59:27.250000,1.162322
16:59:27.500000,1.164884
16:59:27.750000,1.163603
16:59:28,1.164884
16:59:28.250000,1.166165
16:59:28.500000,1.166165
16:59:28.750000,1.168728
16:59:29,1.162322
16:59:29.250000,1.164884
16:59:29.500000,1.170009
16:59:29.750000,1.167446
16:59:30,1.170009
16:59:30.250000,1.168728
16:59:30.500000,1.162322
16:59:30.750000,1.159760
16:59:31,1.158479
16:59:31.250000,1.158479
16:59:31.500000,1.157198
16:59:31.750000,1.155917
16:59:32,1.154636
16:59:32.250000,1.157198
16:59:32.500000,1.154636
16:59:32.750000,1.157198
16:59:33,1.155917
16:59:33.250000,1.157198
16:59:33.500000,1.154636
16:59:33.750000,1.153355
16:59:34,1.157198
16:59:34.250000,1.155917
16:59:34.500000,1.152074
16:59:34.750000,1.153355
16:59:35,1.152074
16:59:35.250000,1.149512
16:59:35.500000,1.149512
16:59:35.750000,1.152074
16:59:36,1.152074
16:59:36.250000,1.152074
16:59:36.500000,1.149512
16:59:36.750000,1.152074
16:59:37,1.152074
16:59:37.250000,1.149512
16:59:37.500000,1.149512
16:59:37.750000,1.148231
16:59:38,1.145669
16:59:38.250000,1.148231
16:59:38.500000,1.146950
16:59:38.750000,1.144388
16:59:39,1.145669
16:59:39.250000,1.145669
16:59:39.500000,1.141826
16:59:39.750000,1.141826
16:59:40,1.141826
16:59:40.250000,1.143107
16:59:40.500000,1.141826
16:59:40.750000,1.141826
16:59:41,1.140545
16:59:41.250000,1.143107
16:59:41.500000,1.143107
16:59:41.750000,1.140545
16:59:42,1.141826
16:59:42.250000,1.144388
16:59:42.500000,1.140545
16:59:42.750000,1.140545
16:59:43,1.143107
16:59:43.250000,1.139264
16:59:43.500000,1.137983
16:59:43.750000,1.141826
16:59:44,1.140545
16:59:44.250000,1.136702
16:59:44.500000,1.140545
16:59:44.750000,1.140545
16:59:45,1.140545
16:59:45.250000,1.141826
16:59:45.500000,1.145669
16:59:45.750000,1.141826
16:59:46,1.140545
16:59:46.250000,1.145669
16:59:46.500000,1.141826
16:59:46.750000,1.141826
16:59:47,1.139264
16:59:47.250000,1.143107
16:59:47.500000,1.144388
16:59:47.750000,1.139264
16:59:48,1.136702
16:59:48.250000,1.140545
16:59:48.500000,1.139264
16:59:48.750000,1.139264
16:59:49,1.136702
16:59:49.250000,1.141826
16:59:49.500000,1.137983
16:59:49.750000,1.136702
16:59:50,1.135421
16:59:50.250000,1.140545
16:59:50.500000,1.141826
16:59:50.750000,1.136702
16:59:51,1.140545
16:59:51.250000,1.139264
16:59:51.500000,1.139264
16:59:51.750000,1.139264
16:59:52,1.140545
16:59:52.250000,1.143107
16:59:52.500000,1.136702
16:59:52.750000,1.135421
16:59:53,1.135421
16:59:53.250000,1.139264
16:59:53.500000,1.136702
16:59:53.750000,1.136702
16:59:54,1.136702
16:59:54.250000,1.135421
16:59:54.500000,1.135421
16:59:54.750000,1.134140
16:59:55,1.136702
16:59:55.250000,1.134140
16:59:55.500000,1.139264
16:59:55.750000,1.137983
16:59:56,1.134140
16:59:56.250000,1.134140
16:59:56.500000,1.134140
16:59:56.750000,1.131578
16:59:57,1.132859
16:59:57.250000,1.130297
16:59:57.500000,1.132859
16:59:57.750000,1.132859
16:59:58,1.130297
16:59:58.250000,1.131578
16:59:58.500000,1.129016
16:59:58.750000,1.132859
16:59:59,1.130297
16:59:59.250000,1.131578
16:59:59.500000,1.129016
16:59:59.750000,1.127735
17:00:00,1.129016
17:00:00.250000,1.130297
17:00:00.500000,1.129016
17:00:00.750000,1.126454
17:00:01,1.126454
17:00:01.250000,1.129016
17:00:01.500000,1.130297
17:00:01.750000,1.125173
17:00:02,1.127735
17:00:02.250000,1.125173
17:00:02.500000,1.123892
17:00:02.750000,1.125173
17:00:03,1.121330
17:00:03.250000,1.126454
17:00:03.500000,1.123892
17:00:03.750000,1.121330
17:00:04,1.122611
17:00:04.250000,1.125173
17:00:04.500000,1.123892
17:00:04.750000,1.121330
17:00:05,1.125173
17:00:05.250000,1.125173
17:00:05.500000,1.121330
17:00:05.750000,1.125173
17:00:06,1.121330
17:00:06.250000,1.122611
17:00:06.500000,1.123892
17:00:06.750000,1.126454
17:00:07,1.129016
17:00:07.250000,1.123892
17:00:07.500000,1.122611
17:00:07.750000,1.121330
17:00:08,1.122611
17:00:08.250000,1.117487
17:00:08.500000,1.120049
17:00:08.750000,1.117487
17:00:09,1.118768
17:00:09.250000,1.117487
17:00:09.500000,1.116206
17:00:09.750000,1.116206
17:00:10,1.116206
17:00:10.250000,1.112363
17:00:10.500000,1.116206
17:00:10.750000,1.114925
17:00:11,1.113644
17:00:11.250000,1.114925
17:00:11.500000,1.116206
17:00:11.750000,1.113644
17:00:12,1.114925
17:00:12.250000,1.112363
17:00:12.500000,1.112363
17:00:12.750000,1.113644
17:00:13,1.112363
17:00:13.250000,1.112363
17:00:13.500000,1.109801
17:00:13.750000,1.111082
17:00:14,1.111082
17:00:14.250000,1.111082
17:00:14.500000,1.111082
17:00:14.750000,1.111082
17:00:15,1.108520
17:00:15.250000,1.111082
17:00:15.500000,1.111082
17:00:15.750000,1.111082
17:00:16,1.111082
17:00:16.250000,1.112363
17:00:16.500000,1.111082
17:00:16.750000,1.111082
17:00:17,1.114925
17:00:17.250000,1.104676
17:00:17.500000,1.095709
17:00:17.750000,1.084180
17:00:18,1.071370
17:00:18.250000,1.081618
17:00:18.500000,1.102114
17:00:18.750000,1.099552
17:00:19,1.104676
17:00:19.250000,1.103395
17:00:19.500000,1.082899
17:00:19.750000,1.070089
17:00:20,1.071370
17:00:20.250000,1.072651
17:00:20.500000,1.079056
17:00:20.750000,1.091866
17:00:21,1.103395
17:00:21.250000,1.120049
17:00:21.500000,1.136702
17:00:21.750000,1.161041
17:00:22,1.161041
17:00:22.250000,1.168728
17:00:22.500000,1.166165
17:00:22.750000,1.166165
17:00:23,1.171290
17:00:23.250000,1.170009
17:00:23.500000,1.172571
17:00:23.750000,1.171290
17:00:24,1.164884
17:00:24.250000,1.162322
17:00:24.500000,1.159760
17:00:24.750000,1.157198
17:00:25,1.154636
17:00:25.250000,1.154636
17:00:25.500000,1.155917
17:00:25.750000,1.154636
17:00:26,1.152074
17:00:26.250000,1.148231
17:00:26.500000,1.144388
17:00:26.750000,1.143107
17:00:27,1.143107
17:00:27.250000,1.140545
17:00:27.500000,1.139264
17:00:27.750000,1.137983
17:00:28,1.136702
17:00:28.250000,1.134140
17:00:28.500000,1.131578
17:00:28.750000,1.135421
17:00:29,1.134140
17:00:29.250000,1.131578
17:00:29.500000,1.127735
17:00:29.750000,1.129016
17:00:30,1.126454
17:00:30.250000,1.129016
17:00:30.500000,1.123892
17:00:30.750000,1.125173
17:00:31,1.126454
17:00:31.250000,1.125173
17:00:31.500000,1.125173
17:00:31.750000,1.122611
17:00:32,1.121330
17:00:32.250000,1.120049
17:00:32.500000,1.121330
17:00:32.750000,1.093147
17:00:33,1.111082
17:00:33.250000,1.118768
17:00:33.500000,1.109801
17:00:33.750000,1.103395
17:00:34,1.099552
17:00:34.250000,1.091866
17:00:34.500000,1.091866
17:00:34.750000,1.088023
17:00:35,1.082899
17:00:35.250000,1.082899
17:00:35.500000,1.076494
17:00:35.750000,1.077775
17:00:36,1.077775
17:00:36.250000,1.070089
17:00:36.500000,1.070089
17:00:36.750000,1.070089
17:00:37,1.068808
17:00:37.250000,1.068808
17:00:37.500000,1.066246
17:00:37.750000,1.073932
17:00:38,1.063684
17:00:38.250000,1.062403
17:00:38.500000,1.057279
17:00:38.750000,1.057279
17:00:39,1.054717
17:00:39.250000,1.053436
17:00:39.500000,1.055998
17:00:39.750000,1.054717
17:00:40,1.052155
17:00:40.250000,1.049592
17:00:40.500000,1.045749
17:00:40.750000,1.050874
17:00:41,1.047030
17:00:41.250000,1.045749
17:00:41.500000,1.045749
17:00:41.750000,1.044468
17:00:42,1.044468
17:00:42.250000,1.045749
17:00:42.500000,1.044468
17:00:42.750000,1.043187
17:00:43,1.043187
17:00:43.250000,1.040625
17:00:43.500000,1.043187
17:00:43.750000,1.038063
17:00:44,1.036782
17:00:44.250000,1.036782
17:00:44.500000,1.035501
17:00:44.750000,1.035501
17:00:45,1.036782
17:00:45.250000,1.032939
17:00:45.500000,1.035501
17:00:45.750000,1.034220
17:00:46,1.031658
17:00:46.250000,1.032939
17:00:46.500000,1.031658
17:00:46.750000,1.031658
17:00:47,1.030377
17:00:47.250000,1.030377
17:00:47.500000,1.032939
17:00:47.750000,1.031658
17:00:48,1.030377
17:00:48.250000,1.030377
17:00:48.500000,1.027815
17:00:48.750000,1.025253
17:00:49,1.026534
17:00:49.250000,1.025253
17:00:49.500000,1.022691
17:00:49.750000,1.026534
17:00:50,1.023972
17:00:50.250000,1.023972
17:00:50.500000,1.023972
17:00:50.750000,1.025253
17:00:51,1.025253
17:00:51.250000,1.025253
17:00:51.500000,1.023972
17:00:51.750000,1.022691
17:00:52,1.018848
17:00:52.250000,1.020129
17:00:52.500000,1.022691
17:00:52.750000,1.020129
17:00:53,1.021410
17:00:53.250000,1.018848
17:00:53.500000,1.018848
17:00:53.750000,1.018848
17:00:54,1.018848
17:00:54.250000,1.017567
17:00:54.500000,1.015005
17:00:54.750000,1.016286
17:00:55,1.012443
17:00:55.250000,1.015005
17:00:55.500000,1.013724
17:00:55.750000,1.012443
17:00:56,1.011162
17:00:56.250000,1.011162
17:00:56.500000,1.012443
17:00:56.750000,1.015005
17:00:57,1.012443
17:00:57.250000,1.012443
17:00:57.500000,1.013724
17:00:57.750000,1.008600
17:00:58,1.011162
17:00:58.250000,1.006038
17:00:58.500000,1.011162
17:00:58.750000,1.009881
17:00:59,1.012443
17:00:59.250000,1.022691
17:00:59.500000,1.021410
17:00:59.750000,1.022691
17:01:00,1.022691
17:01:00.250000,1.026534
17:01:00.500000,1.020129
17:01:00.750000,1.020129
17:01:01,1.018848
17:01:01.250000,1.018848
17:01:01.500000,1.016286
17:01:01.750000,1.016286
17:01:02,1.016286
17:01:02.250000,1.016286
17:01:02.500000,1.013724
17:01:02.750000,1.011162
17:01:03,1.039344
17:01:03.250000,1.047030
17:01:03.500000,1.045749
17:01:03.750000,1.039344
17:01:04,1.031658
17:01:04.250000,1.031658
17:01:04.500000,1.022691
17:01:04.750000,1.017567
17:01:05,0.997071
17:01:05.250000,0.995790
17:01:05.500000,0.994509
17:01:05.750000,0.991946
17:01:06,0.985541
17:01:06.250000,0.982979
17:01:06.500000,0.975293
17:01:06.750000,0.976574
17:01:07,0.981698
17:01:07.250000,0.981698
17:01:07.500000,0.985541
17:01:07.750000,0.982979
17:01:08,0.965045
17:01:08.250000,0.952235
17:01:08.500000,0.938143
17:01:08.750000,0.967508
17:01:09,0.991847
17:01:09.250000,1.002096
17:01:09.500000,1.000815
17:01:09.750000,0.988004
17:01:10,0.980318
17:01:10.250000,0.985442
17:01:10.500000,0.988004
17:01:10.750000,1.004658
17:01:11,1.000815
17:01:11.250000,0.999534
17:01:11.500000,1.002096
17:01:11.750000,1.005939
17:01:12,1.004658
17:01:12.250000,0.993128
17:01:12.500000,0.988004
17:01:12.750000,0.988004
17:01:13,0.986723
17:01:13.250000,0.981599
17:01:13.500000,0.979037
17:01:13.750000,0.976475
17:01:14,0.972632
17:01:14.250000,0.973913
17:01:14.500000,0.968789
17:01:14.750000,0.970070
17:01:15,0.966227
17:01:15.250000,0.964946
17:01:15.500000,0.962384
17:01:15.750000,0.963665
17:01:16,0.959822
17:01:16.250000,0.958541
17:01:16.500000,0.955979
17:01:16.750000,0.955979
17:01:17,0.953417
17:01:17.250000,0.950855
17:01:17.500000,0.952136
17:01:17.750000,0.950855
17:01:18,0.947012
17:01:18.250000,0.948293
17:01:18.500000,0.945731
17:01:18.750000,0.943169
17:01:19,0.938044
17:01:19.250000,0.934201
17:01:19.500000,0.934201
17:01:19.750000,0.927796
17:01:20,0.926515
17:01:20.250000,0.922672
17:01:20.500000,0.921391
17:01:20.750000,0.916267
17:01:21,0.916267
17:01:21.250000,0.914986
17:01:21.500000,0.913705
17:01:21.750000,0.917548
17:01:22,0.914986
17:01:22.250000,0.914986
17:01:22.500000,0.913705
17:01:22.750000,0.916267
17:01:23,0.916267
17:01:23.250000,0.914986
17:01:23.500000,0.914986
17:01:23.750000,0.911143
17:01:24,0.912424
17:01:24.250000,0.909862
17:01:24.500000,0.906019
17:01:24.750000,0.907300
17:01:25,0.906019
17:01:25.250000,0.903457
17:01:25.500000,0.900895
17:01:25.750000,0.900895
17:01:26,0.899614
17:01:26.250000,0.899614
17:01:26.500000,0.897052
17:01:26.750000,0.900895
17:01:27,0.898333
17:01:27.250000,0.897052
17:01:27.500000,0.902176
17:01:27.750000,0.894490
17:01:28,0.891928
17:01:28.250000,0.890647
17:01:28.500000,0.891928
17:01:28.750000,0.891928
17:01:29,0.890647
17:01:29.250000,0.890647
17:01:29.500000,0.891928
17:01:29.750000,0.889366
17:01:30,0.890647
17:01:30.250000,0.889366
17:01:30.500000,0.885522
17:01:30.750000,0.881679
17:01:31,0.882960
17:01:31.250000,0.880398
17:01:31.500000,0.880398
17:01:31.750000,0.881679
17:01:32,0.880398
17:01:32.250000,0.884241
17:01:32.500000,0.888085
17:01:32.750000,0.899614
17:01:33,0.902176
17:01:33.250000,0.903457
17:01:33.500000,0.900895
17:01:33.750000,0.902176
17:01:34,0.899614
17:01:34.250000,0.900895
17:01:34.500000,0.898333
17:01:34.750000,0.898333
17:01:35,0.899614
17:01:35.250000,0.897052
17:01:35.500000,0.898333
17:01:35.750000,0.899614
17:01:36,0.898333
17:01:36.250000,0.897052
17:01:36.500000,0.900895
17:01:36.750000,0.900895
17:01:37,0.903457
17:01:37.250000,0.903457
17:01:37.500000,0.904738
17:01:37.750000,0.909862
17:01:38,0.908581
17:01:38.250000,0.908581
17:01:38.500000,0.906019
17:01:38.750000,0.906019
17:01:39,0.897052
17:01:39.250000,0.897052
17:01:39.500000,0.895771
17:01:39.750000,0.897052
17:01:40,0.898333
17:01:40.250000,0.888085
17:01:40.500000,0.906019
17:01:40.750000,0.918829
17:01:41,0.916267
17:01:41.250000,0.925234
17:01:41.500000,0.929077
17:01:41.750000,0.940606
17:01:42,0.940606
17:01:42.250000,0.934201
17:01:42.500000,0.934201
17:01:42.750000,0.932920
17:01:43,0.932920
17:01:43.250000,0.922672
17:01:43.500000,0.913705
17:01:43.750000,0.913705
17:01:44,0.913705
17:01:44.250000,0.918829
17:01:44.500000,0.935482
17:01:44.750000,0.947012
17:01:45,0.949574
17:01:45.250000,0.950855
17:01:45.500000,0.949574
17:01:45.750000,0.949574
17:01:46,0.950855
17:01:46.250000,0.945731
17:01:46.500000,0.936763
17:01:46.750000,0.930358
17:01:47,0.922672
17:01:47.250000,0.923953
17:01:47.500000,0.921391
17:01:47.750000,0.909862
17:01:48,0.909862
17:01:48.250000,0.906019
17:01:48.500000,0.902176
17:01:48.750000,0.900895
17:01:49,0.895771
17:01:49.250000,0.894490
17:01:49.500000,0.890647
17:01:49.750000,0.890647
17:01:50,0.890647
17:01:50.250000,0.891928
17:01:50.500000,0.890647
17:01:50.750000,0.891928
17:01:51,0.891928
17:01:51.250000,0.891928
17:01:51.500000,0.888085
17:01:51.750000,0.889366
17:01:52,0.888085
17:01:52.250000,0.890647
17:01:52.500000,0.906019
17:01:52.750000,0.914986
17:01:53,0.914986
17:01:53.250000,0.916267
17:01:53.500000,0.911143
17:01:53.750000,0.903457
17:01:54,0.900895
17:01:54.250000,0.902176
17:01:54.500000,0.899614
17:01:54.750000,0.929077
17:01:55,0.962384
17:01:55.250000,0.970070
17:01:55.500000,0.971351
17:01:55.750000,0.966227
17:01:56,0.963665
17:01:56.250000,0.966227
17:01:56.500000,0.967508
17:01:56.750000,0.966227
17:01:57,0.968789
17:01:57.250000,0.968789
17:01:57.500000,0.967508
17:01:57.750000,0.966227
17:01:58,0.971351
17:01:58.250000,0.973913
17:01:58.500000,0.977756
17:01:58.750000,0.977756
17:01:59,0.977756
17:01:59.250000,0.976475
17:01:59.500000,0.977756
17:01:59.750000,0.979037
17:02:00,0.972632
17:02:00.250000,0.980318
17:02:00.500000,0.980318
17:02:00.750000,0.980318
17:02:01,0.981599
17:02:01.250000,0.981599
17:02:01.500000,0.980318
17:02:01.750000,0.981599
17:02:02,0.980318
17:02:02.250000,0.977756
17:02:02.500000,0.979037
17:02:02.750000,0.979037
17:02:03,0.980318
17:02:03.250000,0.981599
17:02:03.500000,0.980318
17:02:03.750000,0.982880
17:02:04,0.980318
17:02:04.250000,0.977756
17:02:04.500000,0.980318
17:02:04.750000,0.981599
17:02:05,0.977756
17:02:05.250000,0.982880
17:02:05.500000,0.977756
17:02:05.750000,0.977756
17:02:06,0.979037
17:02:06.250000,0.979037
17:02:06.500000,0.976475
17:02:06.750000,0.979037
17:02:07,0.981599
17:02:07.250000,0.981599
17:02:07.500000,0.984161
17:02:07.750000,0.982880
17:02:08,0.984161
17:02:08.250000,0.985442
17:02:08.500000,0.984161
17:02:08.750000,0.982880
17:02:09,0.981599
17:02:09.250000,0.980318
17:02:09.500000,0.982880
17:02:09.750000,0.981599
17:02:10,0.981599
17:02:10.250000,0.984161
17:02:10.500000,0.981599
17:02:10.750000,0.981599
17:02:11,0.980318
17:02:11.250000,0.981599
17:02:11.500000,0.982880
17:02:11.750000,0.981599
17:02:12,0.979037
17:02:12.250000,0.981599
17:02:12.500000,0.981599
17:02:12.750000,0.981599
17:02:13,0.981599
17:02:13.250000,0.981599
17:02:13.500000,0.982880
17:02:13.750000,0.982880
17:02:14,0.984161
17:02:14.250000,0.982880
17:02:14.500000,0.984161
17:02:14.750000,0.982880
17:02:15,0.981599
17:02:15.250000,0.984161
17:02:15.500000,0.982880
17:02:15.750000,0.980318
17:02:16,0.982880
17:02:16.250000,0.982880
17:02:16.500000,0.982880
17:02:16.750000,0.984161
17:02:17,0.984161
17:02:17.250000,0.986723
17:02:17.500000,0.982880
17:02:17.750000,0.984161
17:02:18,0.981599
17:02:18.250000,0.984161
17:02:18.500000,0.984161
17:02:18.750000,0.986723
17:02:19,0.986723
17:02:19.250000,0.986723
17:02:19.500000,0.985442
17:02:19.750000,0.988004
17:02:20,0.989285
17:02:20.250000,0.990566
17:02:20.500000,0.989285
17:02:20.750000,0.988004
17:02:21,0.988004
17:02:21.250000,0.988004
17:02:21.500000,0.985442
17:02:21.750000,0.986723
17:02:22,0.986723
17:02:22.250000,0.984161
17:02:22.500000,0.986723
17:02:22.750000,0.985442
17:02:23,0.986723
17:02:23.250000,0.986723
17:02:23.500000,0.986723
17:02:23.750000,0.985442
17:02:24,0.984161
17:02:24.250000,0.985442
17:02:24.500000,0.988004
17:02:24.750000,0.989285
17:02:25,0.986723
17:02:25.250000,0.988004
17:02:25.500000,0.988004
17:02:25.750000,0.988004
17:02:26,0.988004
17:02:26.250000,0.984161
17:02:26.500000,0.982880
17:02:26.750000,0.981599
17:02:27,0.985442
17:02:27.250000,0.995690
17:02:27.500000,1.005939
17:02:27.750000,1.008501
17:02:28,1.011063
17:02:28.250000,1.018749
17:02:28.500000,1.021311
17:02:28.750000,1.026435
17:02:29,1.025154
17:02:29.250000,1.034121
17:02:29.500000,1.034121
17:02:29.750000,1.036683
17:02:30,1.037964
17:02:30.250000,1.039245
17:02:30.500000,1.036683
17:02:30.750000,1.037964
17:02:31,1.040526
17:02:31.250000,1.034121
17:02:31.500000,1.035402
17:02:31.750000,1.035402
17:02:32,1.035402
17:02:32.250000,1.034121
17:02:32.500000,1.032840
17:02:32.750000,1.036683
17:02:33,1.032840
17:02:33.250000,1.031559
17:02:33.500000,1.031559
17:02:33.750000,1.028997
17:02:34,1.030278
17:02:34.250000,1.031559
17:02:34.500000,1.030278
17:02:34.750000,1.028997
17:02:35,1.027716
17:02:35.250000,1.026435
17:02:35.500000,1.027716
17:02:35.750000,1.028997
17:02:36,1.028997
17:02:36.250000,1.028997
17:02:36.500000,1.028997
17:02:36.750000,1.031559
17:02:37,1.032840
17:02:37.250000,1.031559
17:02:37.500000,1.031559
17:02:37.750000,1.032840
17:02:38,1.032840
17:02:38.250000,1.032840
17:02:38.500000,1.034121
17:02:38.750000,1.032840
17:02:39,1.030278
17:02:39.250000,1.030278
17:02:39.500000,1.027716
17:02:39.750000,1.028997
17:02:40,1.027716
17:02:40.250000,1.027716
17:02:40.500000,1.025154
17:02:40.750000,1.023873
17:02:41,1.026435
17:02:41.250000,1.023873
17:02:41.500000,1.021311
17:02:41.750000,1.022592
17:02:42,1.022592
17:02:42.250000,1.020030
17:02:42.500000,1.020030
17:02:42.750000,1.018749
17:02:43,1.020030
17:02:43.250000,1.020030
17:02:43.500000,1.017468
17:02:43.750000,1.017468
17:02:44,1.018749
17:02:44.250000,1.020030
17:02:44.500000,1.017468
17:02:44.750000,1.017468
17:02:45,1.016187
17:02:45.250000,1.018749
17:02:45.500000,1.017468
17:02:45.750000,1.017468
17:02:46,1.014906
17:02:46.250000,1.017468
17:02:46.500000,1.020030
17:02:46.750000,1.020030
17:02:47,1.022592
17:02:47.250000,1.023873
17:02:47.500000,1.035402
17:02:47.750000,1.032840
17:02:48,1.034121
17:02:48.250000,1.035402
17:02:48.500000,1.036683
17:02:48.750000,1.036683
17:02:49,1.036683
17:02:49.250000,1.037964
17:02:49.500000,1.034121
17:02:49.750000,1.031559
17:02:50,1.031559
17:02:50.250000,1.028997
17:02:50.500000,1.026435
17:02:50.750000,1.031559
17:02:51,1.028997
17:02:51.250000,1.028997
17:02:51.500000,1.026435
17:02:51.750000,1.023873
17:02:52,1.028997
17:02:52.250000,1.030278
17:02:52.500000,1.028997
17:02:52.750000,1.030278
17:02:53,1.030278
17:02:53.250000,1.030278
17:02:53.500000,1.034121
17:02:53.750000,1.036683
17:02:54,1.034121
17:02:54.250000,1.034121
17:02:54.500000,1.034121
17:02:54.750000,1.036683
17:02:55,1.035402
17:02:55.250000,1.035402
17:02:55.500000,1.032840
17:02:55.750000,1.037964
17:02:56,1.040526
17:02:56.250000,1.007220
17:02:56.500000,1.000815
17:02:56.750000,0.995690
17:02:57,0.996971
17:02:57.250000,1.003377
17:02:57.500000,1.004658
17:02:57.750000,1.004658
17:02:58,1.005939
17:02:58.250000,1.011063
17:02:58.500000,1.012344
17:02:58.750000,1.009782
17:02:59,1.011063
17:02:59.250000,1.011063
17:02:59.500000,1.016187
17:02:59.750000,1.017468
17:03:00,1.045650
17:03:00.250000,1.050774
17:03:00.500000,1.050774
17:03:00.750000,1.050774
17:03:01,1.048212
17:03:01.250000,1.050774
17:03:01.500000,1.053337
17:03:01.750000,1.054618
17:03:02,1.063585
17:03:02.250000,1.031559
17:03:02.500000,1.035402
17:03:02.750000,1.057180
17:03:03,1.058461
17:03:03.250000,1.050774
17:03:03.500000,1.055899
17:03:03.750000,1.054618
17:03:04,1.052055
17:03:04.250000,1.054618
17:03:04.500000,1.053337
17:03:04.750000,1.053337
17:03:05,1.052055
17:03:05.250000,1.052055
17:03:05.500000,1.052055
17:03:05.750000,1.052055
17:03:06,1.052055
17:03:06.250000,1.053337
17:03:06.500000,1.053337
17:03:06.750000,1.052055
17:03:07,1.053337
17:03:07.250000,1.053337
17:03:07.500000,1.059742
17:03:07.750000,1.055899
17:03:08,1.055899
17:03:08.250000,1.055899
17:03:08.500000,1.054618
17:03:08.750000,1.053337
17:03:09,1.054618
17:03:09.250000,1.058461
17:03:09.500000,1.055899
17:03:09.750000,1.054618
17:03:10,1.053337
17:03:10.250000,1.053337
17:03:10.500000,1.053337
17:03:10.750000,1.054618
17:03:11,1.052055
17:03:11.250000,1.052055
17:03:11.500000,1.050774
17:03:11.750000,1.050774
17:03:12,1.053337
17:03:12.250000,1.055899
17:03:12.500000,1.054618
17:03:12.750000,1.055899
17:03:13,1.054618
17:03:13.250000,1.054618
17:03:13.500000,1.053337
17:03:13.750000,1.055899
17:03:14,1.055899
17:03:14.250000,1.052055
17:03:14.500000,1.050774
17:03:14.750000,1.049493
17:03:15,1.045650
17:03:15.250000,1.046931
17:03:15.500000,1.048212
17:03:15.750000,1.046931
17:03:16,1.025154
17:03:16.250000,1.022592
17:03:16.500000,1.025154
17:03:16.750000,1.007220
17:03:17,0.988004
17:03:17.250000,0.985442
17:03:17.500000,0.982880
17:03:17.750000,0.981599
17:03:18,0.982880
17:03:18.250000,0.982880
17:03:18.500000,0.982880
17:03:18.750000,0.984161
17:03:19,0.968789
17:03:19.250000,0.940606
17:03:19.500000,0.916267
17:03:19.750000,0.941887
17:03:20,0.935482
17:03:20.250000,0.976475
17:03:20.500000,0.994409
17:03:20.750000,0.993128
17:03:21,1.000815
17:03:21.250000,1.004658
17:03:21.500000,1.004658
17:03:21.750000,1.004658
17:03:22,1.007220
17:03:22.250000,1.011063
17:03:22.500000,1.009782
17:03:22.750000,1.009782
17:03:23,1.011063
17:03:23.250000,1.017468
17:03:23.500000,1.023873
17:03:23.750000,1.025154
17:03:24,1.026435
17:03:24.250000,1.026435
17:03:24.500000,1.023873
17:03:24.750000,1.023873
17:03:25,1.027716
17:03:25.250000,1.026435
17:03:25.500000,1.025154
17:03:25.750000,1.026435
17:03:26,1.023873
17:03:26.250000,1.023873
17:03:26.500000,1.022592
17:03:26.750000,1.021311
17:03:27,1.025154
17:03:27.250000,1.025154
17:03:27.500000,1.025154
17:03:27.750000,1.027716
17:03:28,1.027716
17:03:28.250000,1.025154
17:03:28.500000,1.026435
17:03:28.750000,1.026435
17:03:29,1.026435
17:03:29.250000,1.028997
17:03:29.500000,1.027716
17:03:29.750000,1.028997
17:03:30,1.027716
17:03:30.250000,1.028997
17:03:30.500000,1.031559
17:03:30.750000,1.030278
17:03:31,1.027716
17:03:31.250000,1.030278
17:03:31.500000,1.027716
17:03:31.750000,1.027716
17:03:32,1.028997
17:03:32.250000,1.031559
17:03:32.500000,1.030278
17:03:32.750000,1.031559
17:03:33,1.028997
17:03:33.250000,1.031559
17:03:33.500000,1.028997
17:03:33.750000,1.027716
17:03:34,1.030278
17:03:34.250000,1.032840
17:03:34.500000,1.028997
17:03:34.750000,1.027716
17:03:35,1.028997
17:03:35.250000,1.030278
17:03:35.500000,1.026435
17:03:35.750000,1.028997
17:03:36,1.028997
17:03:36.250000,1.030278
17:03:36.500000,1.030278
17:03:36.750000,1.030278
17:03:37,1.030278
17:03:37.250000,1.031559
17:03:37.500000,1.028997
17:03:37.750000,1.031559
17:03:38,1.031559
17:03:38.250000,1.031559
17:03:38.500000,1.032840
17:03:38.750000,1.032840
17:03:39,1.032840
17:03:39.250000,1.034121
17:03:39.500000,1.032840
17:03:39.750000,1.032840
17:03:40,1.028997
17:03:40.250000,1.032840
17:03:40.500000,1.031559
17:03:40.750000,1.032840
17:03:41,1.035402
17:03:41.250000,1.034121
17:03:41.500000,1.037964
17:03:41.750000,1.036683
17:03:42,1.035402
17:03:42.250000,1.037964
17:03:42.500000,1.039245
17:03:42.750000,1.034121
17:03:43,1.035402
17:03:43.250000,1.036683
17:03:43.500000,1.036683
17:03:43.750000,1.037964
17:03:44,1.039245
17:03:44.250000,1.040526
17:03:44.500000,1.040526
17:03:44.750000,1.040526
17:03:45,1.041807
17:03:45.250000,1.043088
17:03:45.500000,1.045650
17:03:45.750000,1.045650
17:03:46,1.045650
17:03:46.250000,1.048212
17:03:46.500000,1.050774
17:03:46.750000,1.052055
17:03:47,1.050774
17:03:47.250000,1.052055
17:03:47.500000,1.057180
17:03:47.750000,1.052055
17:03:48,1.053337
17:03:48.250000,1.052055
17:03:48.500000,1.052055
17:03:48.750000,1.054618
17:03:49,1.055899
17:03:49.250000,1.054618
17:03:49.500000,1.055899
17:03:49.750000,1.057180
17:03:50,1.055899
17:03:50.250000,1.055899
17:03:50.500000,1.058461
17:03:50.750000,1.058461
17:03:51,1.057180
17:03:51.250000,1.058461
17:03:51.500000,1.055899
17:03:51.750000,1.058461
17:03:52,1.058461
17:03:52.250000,1.058461
17:03:52.500000,1.061023
17:03:52.750000,1.058461
17:03:53,1.058461
17:03:53.250000,1.058461
17:03:53.500000,1.061023
17:03:53.750000,1.061023
17:03:54,1.062304
17:03:54.250000,1.061023
17:03:54.500000,1.059742
17:03:54.750000,1.059742
17:03:55,1.061023
17:03:55.250000,1.062304
17:03:55.500000,1.062304
17:03:55.750000,1.062304
17:03:56,1.063585
17:03:56.250000,1.068709
17:03:56.500000,1.064866
17:03:56.750000,1.067428
17:03:57,1.068709
17:03:57.250000,1.072552
17:03:57.500000,1.077676
17:03:57.750000,1.078957
17:03:58,1.082800
17:03:58.250000,1.082800
17:03:58.500000,1.078957
17:03:58.750000,1.078957
17:03:59,1.080238
17:03:59.250000,1.082800
17:03:59.500000,1.081519
17:03:59.750000,1.080238
17:04:00,1.084081
17:04:00.250000,1.085362
17:04:00.500000,1.086643
17:04:00.750000,1.087924
17:04:01,1.087924
17:04:01.250000,1.085362
17:04:01.500000,1.087924
17:04:01.750000,1.089205
17:04:02,1.084081
17:04:02.250000,1.085362
17:04:02.500000,1.086643
17:04:02.750000,1.087924
17:04:03,1.085362
17:04:03.250000,1.087924
17:04:03.500000,1.091767
17:04:03.750000,1.090486
17:04:04,1.094329
17:04:04.250000,1.098172
17:04:04.500000,1.096891
17:04:04.750000,1.100734
17:04:05,1.098172
17:04:05.250000,1.100734
17:04:05.500000,1.100734
17:04:05.750000,1.098172
17:04:06,1.098172
17:04:06.250000,1.099453
17:04:06.500000,1.098172
17:04:06.750000,1.098172
17:04:07,1.096891
17:04:07.250000,1.098172
17:04:07.500000,1.100734
17:04:07.750000,1.099453
17:04:08,1.102015
17:04:08.250000,1.103296
17:04:08.500000,1.103296
17:04:08.750000,1.107139
17:04:09,1.109701
17:04:09.250000,1.112263
17:04:09.500000,1.113544
17:04:09.750000,1.117388
17:04:10,1.118669
17:04:10.250000,1.116107
17:04:10.500000,1.117388
17:04:10.750000,1.118669
17:04:11,1.117388
17:04:11.250000,1.118669
17:04:11.500000,1.119950
17:04:11.750000,1.118669
17:04:12,1.117388
17:04:12.250000,1.119950
17:04:12.500000,1.116107
17:04:12.750000,1.118669
17:04:13,1.118669
17:04:13.250000,1.118669
17:04:13.500000,1.118669
17:04:13.750000,1.119950
17:04:14,1.121231
17:04:14.250000,1.121231
17:04:14.500000,1.122512
17:04:14.750000,1.119950
17:04:15,1.119950
17:04:15.250000,1.125074
17:04:15.500000,1.123793
17:04:15.750000,1.122512
17:04:16,1.126355
17:04:16.250000,1.126355
17:04:16.500000,1.126355
17:04:16.750000,1.127636
17:04:17,1.128917
17:04:17.250000,1.132760
17:04:17.500000,1.131479
17:04:17.750000,1.131479
17:04:18,1.136603
17:04:18.250000,1.135322
17:04:18.500000,1.134041
17:04:18.750000,1.134041
17:04:19,1.135322
17:04:19.250000,1.136603
17:04:19.500000,1.135322
17:04:19.750000,1.135322
17:04:20,1.137884
17:04:20.250000,1.137884
17:04:20.500000,1.139165
17:04:20.750000,1.137884
17:04:21,1.143008
17:04:21.250000,1.146851
17:04:21.500000,1.145570
17:04:21.750000,1.145570
17:04:22,1.145570
17:04:22.250000,1.116107
17:04:22.500000,1.100734
17:04:22.750000,1.114825
17:04:23,1.140446
17:04:23.250000,1.149413
17:04:23.500000,1.150694
17:04:23.750000,1.150694
17:04:24,1.146851
17:04:24.250000,1.141727
17:04:24.500000,1.127636
17:04:24.750000,1.096891
17:04:25,1.107139
17:04:25.250000,1.136603
17:04:25.500000,1.130198
17:04:25.750000,1.127636
17:04:26,1.135322
17:04:26.250000,1.160942
17:04:26.500000,1.162223
17:04:26.750000,1.157099
17:04:27,1.146851
17:04:27.250000,1.158380
17:04:27.500000,1.301855
17:04:27.750000,1.199373
17:04:28,1.184001
17:04:28.250000,1.175034
17:04:28.500000,1.169909
17:04:28.750000,1.171191
17:04:29,1.172472
17:04:29.250000,1.169909
17:04:29.500000,1.164785
17:04:29.750000,1.164785
17:04:30,1.160942
17:04:30.250000,1.160942
17:04:30.500000,1.158380
17:04:30.750000,1.157099
17:04:31,1.159661
17:04:31.250000,1.159661
17:04:31.500000,1.158380
17:04:31.750000,1.160942
17:04:32,1.159661
17:04:32.250000,1.159661
17:04:32.500000,1.157099
17:04:32.750000,1.154537
17:04:33,1.151975
17:04:33.250000,1.150694
17:04:33.500000,1.148132
17:04:33.750000,1.150694
17:04:34,1.146851
17:04:34.250000,1.150694
17:04:34.500000,1.148132
17:04:34.750000,1.155818
17:04:35,1.163504
17:04:35.250000,1.175034
17:04:35.500000,1.175034
17:04:35.750000,1.175034
17:04:36,1.177596
17:04:36.250000,1.178877
17:04:36.500000,1.175034
17:04:36.750000,1.172472
17:04:37,1.169909
17:04:37.250000,1.167347
17:04:37.500000,1.168628
17:04:37.750000,1.164785
17:04:38,1.162223
17:04:38.250000,1.160942
17:04:38.500000,1.158380
17:04:38.750000,1.157099
17:04:39,1.158380
17:04:39.250000,1.157099
17:04:39.500000,1.155818
17:04:39.750000,1.158380
17:04:40,1.155818
17:04:40.250000,1.154537
17:04:40.500000,1.155818
17:04:40.750000,1.155818
17:04:41,1.153256
17:04:41.250000,1.155818
17:04:41.500000,1.150694
17:04:41.750000,1.151975
17:04:42,1.150694
17:04:42.250000,1.149413
17:04:42.500000,1.146851
17:04:42.750000,1.145570
17:04:43,1.144289
17:04:43.250000,1.148132
17:04:43.500000,1.145570
17:04:43.750000,1.158380
17:04:44,1.135322
17:04:44.250000,1.153256
17:04:44.500000,1.154537
17:04:44.750000,1.160942
17:04:45,1.008501
17:04:45.250000,1.203216
17:04:45.500000,1.217307
17:04:45.750000,1.227556
17:04:46,1.226274
17:04:46.250000,1.564464
17:04:46.500000,0.953516
17:04:46.750000,0.810041
17:04:47,0.332121
17:04:47.250000,0.000000
17:04:47.500000,0.000000
17:04:47.750000,0.630263
17:04:48,0.835227
17:04:48.250000,1.139096
