15:21:17.304724,medium
15:21:17.841229,release
15:21:22.015943,soft
15:21:22.041712,release
15:21:22.255123,soft
15:21:22.326401,release
15:22:19.843070,soft
15:22:20.687335,release
15:22:21.243114,soft
15:22:23.940198,medium
15:22:25.064862,release
15:22:25.718644,soft
15:22:25.803996,medium
15:22:26.462224,release
15:22:34.101750,soft
15:22:34.286073,medium
15:22:34.844287,release
15:22:38.200196,soft
15:22:38.478389,release
15:23:28.606182,soft
15:23:28.884287,release
15:24:13.238121,soft
15:24:13.610953,medium
15:24:13.998846,hard
15:24:15.008371,release
15:24:24.700572,soft
15:24:24.788745,release
15:24:30.499228,soft
15:24:30.846956,medium
15:24:31.592810,release
15:24:57.120535,soft
15:24:57.309227,release
15:24:57.960916,soft
15:24:58.518136,release
15:26:11.003647,soft
15:26:12.312657,release
15:27:26.476878,soft
15:27:27.408911,release
15:28:56.022023,soft
15:28:57.505725,release
15:28:58.158448,soft
15:29:00.669714,release
15:31:35.629393,soft
15:31:37.022065,release
15:32:31.626218,soft
15:32:31.718228,release
15:32:32.558771,soft
15:32:33.487421,release
15:32:34.977795,soft
15:32:35.356774,release
15:32:52.961218,soft
15:32:53.894164,medium
15:32:54.175896,release
15:35:50.934645,soft
15:35:52.608801,release
15:35:54.002788,soft
15:35:54.377058,release
15:37:31.098258,soft
15:37:31.462315,release
15:37:32.113007,soft
15:37:34.170048,release
15:37:35.283974,soft
15:37:35.473538,medium
15:37:36.028297,release
15:37:36.678467,soft
15:37:37.147132,medium
15:37:37.240465,release
15:37:37.519968,soft
15:37:38.171409,medium
15:37:38.263707,release
15:37:38.447139,medium
15:37:38.551223,release
15:37:38.648267,medium
15:37:38.921536,release
15:21:17.304724,medium
15:21:17.841229,release
15:21:22.015943,soft
15:21:22.041712,release
15:21:22.255123,soft
15:21:22.326401,release
15:22:19.843070,soft
15:22:20.687335,release
15:22:21.243114,soft
15:22:23.940198,medium
15:22:25.064862,release
15:22:25.718644,soft
15:22:25.803996,medium
15:22:26.462224,release
15:22:34.101750,soft
15:22:34.286073,medium
15:22:34.844287,release
15:22:38.200196,soft
15:22:38.478389,release
15:23:28.606182,soft
15:23:28.884287,release
15:24:13.238121,soft
15:24:13.610953,medium
15:24:13.998846,hard
15:24:15.008371,release
15:24:24.700572,soft
15:24:24.788745,release
15:24:30.499228,soft
15:24:30.846956,medium
15:24:31.592810,release
15:24:57.120535,soft
15:24:57.309227,release
15:24:57.960916,soft
15:24:58.518136,release
15:26:11.003647,soft
15:26:12.312657,release
15:27:26.476878,soft
15:27:27.408911,release
15:28:56.022023,soft
15:28:57.505725,release
15:28:58.158448,soft
15:29:00.669714,release
15:31:35.629393,soft
15:31:37.022065,release
15:32:31.626218,soft
15:32:31.718228,release
15:32:32.558771,soft
15:32:33.487421,release
15:32:34.977795,soft
15:32:35.356774,release
15:32:52.961218,soft
15:32:53.894164,medium
15:32:54.175896,release
15:35:50.934645,soft
15:35:52.608801,release
15:35:54.002788,soft
15:35:54.377058,release
15:37:31.098258,soft
15:37:31.462315,release
15:37:32.113007,soft
15:37:34.170048,release
15:37:35.283974,soft
15:37:35.473538,medium
15:37:36.028297,release
15:37:36.678467,soft
15:37:37.147132,medium
15:37:37.240465,release
15:37:37.519968,soft
15:37:38.171409,medium
15:37:38.263707,release
15:37:38.447139,medium
15:37:38.551223,release
15:37:38.648267,medium
15:37:38.921536,release
15:40:58.964957,soft
15:41:00.298861,release
13:31:10.231702,soft
13:31:10.327787,medium
13:31:10.515625,hard
13:31:10.790479,release
13:31:24.223471,soft
13:31:24.464373,medium
13:31:24.763006,hard
13:31:25.456828,release
13:31:29.047369,soft
13:31:29.140656,release
13:31:43.672703,medium
13:31:43.861903,release
13:32:56.891431,soft
13:32:57.083112,medium
13:32:57.470277,release
13:33:42.256374,soft
13:33:42.812764,release
13:35:04.131994,soft
13:35:05.992181,release
13:35:57.132530,soft
13:35:57.227937,medium
13:35:58.436560,release
13:38:02.038846,soft
13:38:02.408707,medium
13:38:03.529870,release
13:38:19.270425,soft
13:38:19.640399,release
13:38:51.873992,soft
13:38:52.440730,medium
13:38:53.074661,release
13:39:55.104445,soft
13:39:55.385064,release
13:41:02.261041,soft
13:41:02.351547,medium
13:41:02.540224,hard
13:41:03.290050,release
13:41:03.574780,soft
13:42:20.786377,release
13:42:43.698048,soft
13:42:43.980318,medium
13:42:44.357005,release
13:43:45.544913,medium
13:43:45.638977,hard
13:43:47.225561,release
13:44:30.913496,soft
13:44:30.999601,medium
13:44:31.098600,hard
13:44:32.681429,release
13:45:15.337585,soft
13:45:15.626133,release
13:45:38.737386,soft
13:45:38.812261,medium
13:45:38.912592,hard
13:45:39.001277,release
13:46:26.219457,soft
13:46:26.335748,medium
13:46:26.786754,hard
13:46:26.967446,release
13:31:10.231702,soft
13:31:10.327787,medium
13:31:10.515625,hard
13:31:10.790479,release
13:31:24.223471,soft
13:31:24.464373,medium
13:31:24.763006,hard
13:31:25.456828,release
13:31:29.047369,soft
13:31:29.140656,release
13:31:43.672703,medium
13:31:43.861903,release
13:32:56.891431,soft
13:32:57.083112,medium
13:32:57.470277,release
13:33:42.256374,soft
13:33:42.812764,release
13:35:04.131994,soft
13:35:05.992181,release
13:35:57.132530,soft
13:35:57.227937,medium
13:35:58.436560,release
13:38:02.038846,soft
13:38:02.408707,medium
13:38:03.529870,release
13:38:19.270425,soft
13:38:19.640399,release
13:38:51.873992,soft
13:38:52.440730,medium
13:38:53.074661,release
13:39:55.104445,soft
13:39:55.385064,release
13:41:02.261041,soft
13:41:02.351547,medium
13:41:02.540224,hard
13:41:03.290050,release
13:41:03.574780,soft
13:42:20.786377,release
13:42:43.698048,soft
13:42:43.980318,medium
13:42:44.357005,release
13:43:45.544913,medium
13:43:45.638977,hard
13:43:47.225561,release
13:44:30.913496,soft
13:44:30.999601,medium
13:44:31.098600,hard
13:44:32.681429,release
13:45:15.337585,soft
13:45:15.626133,release
13:45:38.737386,soft
13:45:38.812261,medium
13:45:38.912592,hard
13:45:39.001277,release
13:46:26.219457,soft
13:46:26.335748,medium
13:46:26.786754,hard
13:46:26.967446,release
16:16:08.901776,soft
16:16:09.103283,medium
16:16:09.718401,release
16:16:10.154753,soft
16:16:10.445185,medium
16:16:10.943678,release
16:16:13.132085,soft
16:16:13.540286,release
16:16:18.373715,medium
16:16:18.686847,hard
16:16:20.046993,release
16:16:22.549816,soft
16:16:22.908161,release
16:16:23.729875,soft
16:16:24.119961,release
16:16:25.713373,soft
16:16:26.183484,medium
16:16:26.550464,release
16:16:27.787190,soft
16:16:28.226604,release
16:16:31.573263,soft
16:16:31.666990,medium
16:16:31.852490,hard
16:16:32.698721,release
16:17:59.975033,soft
16:18:00.164738,medium
16:18:00.441426,hard
16:18:02.123310,release
16:18:07.986132,soft
16:18:08.455317,release
16:19:19.256149,soft
16:19:19.534462,medium
16:19:19.815171,hard
16:19:20.282536,release
16:19:22.047989,soft
16:19:22.231296,medium
16:19:22.420243,release
16:19:22.604897,soft
16:19:22.791752,medium
16:19:23.072722,release
16:19:59.026949,soft
16:19:59.306666,medium
16:20:00.239286,hard
16:20:00.708825,release
16:20:02.103346,soft
16:20:02.292064,medium
16:20:02.474932,release
16:20:02.566656,soft
16:20:02.664987,medium
16:20:03.126655,release
16:21:43.823472,soft
16:21:44.206129,medium
16:21:44.569904,hard
16:21:44.761468,release
16:21:52.019438,soft
16:21:52.492013,medium
16:21:52.859362,hard
16:21:53.044224,release
16:22:31.331353,soft
16:22:31.515166,medium
16:22:31.615942,hard
16:22:32.448034,release
16:22:32.733416,soft
16:22:32.825303,medium
16:22:32.933212,release
16:23:38.488264,soft
16:23:38.583018,medium
16:23:38.681100,hard
16:23:39.234058,release
16:23:39.420516,soft
16:23:39.514022,medium
16:23:39.605545,release
16:23:39.797267,medium
16:23:39.883404,hard
16:23:40.536466,release
16:23:41.470861,soft
16:23:41.569586,medium
16:23:41.654485,release
16:26:42.736923,soft
16:26:43.204333,medium
16:26:44.048810,release
16:28:11.791977,soft
16:28:12.914158,release
16:28:56.040203,soft
16:28:56.419433,medium
16:28:57.440932,release
16:28:58.559073,soft
16:28:59.475431,medium
16:29:01.016591,release
16:30:12.065069,soft
16:30:12.336818,medium
16:30:13.265648,release
16:30:13.826052,soft
16:30:14.289529,medium
16:30:14.663998,release
16:30:47.730882,soft
16:30:48.195355,release
16:16:08.901776,soft
16:16:09.103283,medium
16:16:09.718401,release
16:16:10.154753,soft
16:16:10.445185,medium
16:16:10.943678,release
16:16:13.132085,soft
16:16:13.540286,release
16:16:18.373715,medium
16:16:18.686847,hard
16:16:20.046993,release
16:16:22.549816,soft
16:16:22.908161,release
16:16:23.729875,soft
16:16:24.119961,release
16:16:25.713373,soft
16:16:26.183484,medium
16:16:26.550464,release
16:16:27.787190,soft
16:16:28.226604,release
16:16:31.573263,soft
16:16:31.666990,medium
16:16:31.852490,hard
16:16:32.698721,release
16:17:59.975033,soft
16:18:00.164738,medium
16:18:00.441426,hard
16:18:02.123310,release
16:18:07.986132,soft
16:18:08.455317,release
16:19:19.256149,soft
16:19:19.534462,medium
16:19:19.815171,hard
16:19:20.282536,release
16:19:22.047989,soft
16:19:22.231296,medium
16:19:22.420243,release
16:19:22.604897,soft
16:19:22.791752,medium
16:19:23.072722,release
16:19:59.026949,soft
16:19:59.306666,medium
16:20:00.239286,hard
16:20:00.708825,release
16:20:02.103346,soft
16:20:02.292064,medium
16:20:02.474932,release
16:20:02.566656,soft
16:20:02.664987,medium
16:20:03.126655,release
16:21:43.823472,soft
16:21:44.206129,medium
16:21:44.569904,hard
16:21:44.761468,release
16:21:52.019438,soft
16:21:52.492013,medium
16:21:52.859362,hard
16:21:53.044224,release
16:22:31.331353,soft
16:22:31.515166,medium
16:22:31.615942,hard
16:22:32.448034,release
16:22:32.733416,soft
16:22:32.825303,medium
16:22:32.933212,release
16:23:38.488264,soft
16:23:38.583018,medium
16:23:38.681100,hard
16:23:39.234058,release
16:23:39.420516,soft
16:23:39.514022,medium
16:23:39.605545,release
16:23:39.797267,medium
16:23:39.883404,hard
16:23:40.536466,release
16:23:41.470861,soft
16:23:41.569586,medium
16:23:41.654485,release
16:26:42.736923,soft
16:26:43.204333,medium
16:26:44.048810,release
16:28:11.791977,soft
16:28:12.914158,release
16:28:56.040203,soft
16:28:56.419433,medium
16:28:57.440932,release
16:28:58.559073,soft
16:28:59.475431,medium
16:29:01.016591,release
16:30:12.065069,soft
16:30:12.336818,medium
16:30:13.265648,release
16:30:13.826052,soft
16:30:14.289529,medium
16:30:14.663998,release
16:30:47.730882,soft
16:30:48.195355,release
13:12:13.128145,soft
13:12:13.211884,medium
13:12:14.069220,release
13:12:50.306686,soft
13:12:50.405273,medium
13:12:51.242450,release
13:12:56.733586,medium
13:12:56.917536,hard
13:12:58.425919,release
13:13:09.046888,medium
13:13:09.228336,hard
13:13:09.504955,release
13:13:09.779931,medium
13:13:09.984787,hard
13:13:11.301896,release
13:15:18.033196,soft
13:15:18.207941,medium
13:15:18.327590,release
13:15:39.735307,medium
13:15:39.877057,release
13:15:44.117310,soft
13:15:44.215510,release
13:18:34.401014,medium
13:18:34.571556,release
13:29:20.215034,medium
13:29:20.316358,release
13:29:20.412502,medium
13:29:20.614951,release
13:29:20.804460,medium
13:29:20.899957,hard
13:29:21.083273,release
13:29:22.089525,soft
13:29:22.183430,medium
13:29:22.367916,release
13:29:22.617302,medium
13:29:22.737500,release
13:29:28.140196,soft
13:29:28.233077,medium
13:29:28.327073,hard
13:29:28.884118,release
16:25:04.226205,soft
16:25:04.551612,medium
16:25:10.977904,soft
16:25:11.228095,medium
16:25:11.509352,release
16:25:11.774568,soft
16:25:11.979402,medium
16:25:12.524739,release
16:25:14.030467,soft
16:25:14.116852,medium
16:25:14.295213,release
16:25:14.474550,soft
16:25:14.564589,medium
16:25:14.699666,release
16:25:15.509034,soft
16:25:15.874800,release
16:25:16.175248,soft
16:25:16.277036,medium
16:25:17.083341,release
16:25:17.378907,soft
16:25:17.849074,release
16:25:21.568872,soft
16:25:21.846296,medium
16:25:24.724577,release
16:25:25.012825,soft
16:25:25.110142,medium
16:25:25.218430,release
16:25:26.585167,soft
16:25:26.688579,medium
16:25:31.358966,release
16:25:31.667226,soft
16:25:33.119931,release
16:25:33.221759,soft
16:25:33.406029,medium
16:25:33.951538,release
16:25:34.229686,soft
16:25:34.332869,medium
16:25:34.791529,release
16:25:35.297278,soft
16:25:36.835495,medium
16:25:37.593839,hard
16:25:37.996629,release
16:25:40.838295,soft
16:25:41.035491,medium
16:25:41.345684,release
16:25:48.208094,soft
16:25:48.340780,medium
16:25:48.573735,hard
16:25:48.668398,release
16:25:48.961769,soft
16:25:49.079405,medium
16:25:49.196876,hard
16:25:49.609586,release
16:25:50.051116,soft
16:25:50.084162,medium
16:25:50.528710,hard
16:25:50.529877,release
16:25:50.649741,medium
16:25:50.850085,hard
16:25:51.263941,release
16:25:51.411600,soft
16:25:51.551859,medium
16:25:51.768375,release
16:25:52.023636,soft
16:25:52.241316,medium
16:25:52.960504,hard
16:25:53.331245,release
16:25:54.920667,medium
16:26:00.592279,release
16:26:05.822452,soft
16:26:06.092300,medium
16:26:06.948416,release
16:26:19.906001,soft
16:26:20.047024,medium
16:26:20.242528,hard
16:26:21.597579,release
16:26:23.336226,medium
16:26:27.053543,release
16:26:45.225690,soft
16:26:45.430721,medium
16:26:52.119490,release
16:27:12.615166,soft
16:27:12.710028,medium
16:27:13.084844,release
16:27:14.289103,soft
16:27:14.388703,medium
16:27:14.757962,release
16:27:19.605332,soft
16:27:20.194680,release
16:27:21.657658,soft
16:27:21.839610,medium
16:27:22.213213,release
16:27:30.784862,soft
16:27:32.648198,release
16:27:32.937634,soft
16:27:34.879042,release
16:28:18.397742,soft
16:28:18.487365,medium
16:28:18.694691,hard
16:28:18.778495,release
16:28:19.103047,medium
16:28:19.331629,release
16:28:19.420702,medium
16:28:19.615356,release
16:28:19.699108,medium
16:28:19.886330,release
16:28:20.166679,soft
16:28:20.335620,medium
16:28:21.025755,hard
16:28:21.285243,release
16:28:21.661689,soft
16:28:25.568838,release
16:28:26.339428,soft
16:28:27.159143,release
16:28:29.298579,soft
16:28:29.669744,medium
16:28:30.044985,release
16:28:30.135793,soft
16:28:30.229009,medium
16:28:31.724010,release
16:28:31.907489,medium
16:28:32.747818,hard
16:28:32.840260,release
16:28:33.214177,soft
16:28:33.407076,medium
16:28:33.960670,release
16:28:35.543354,soft
16:28:35.631217,medium
16:28:36.100695,release
16:28:37.032058,soft
16:28:37.216958,medium
16:28:39.001658,release
16:28:39.471599,soft
16:28:39.643614,medium
16:28:41.413123,release
16:28:41.605221,medium
16:28:42.371486,hard
16:28:42.814420,release
16:28:43.301728,medium
16:28:44.766016,release
16:28:44.868625,medium
16:28:47.377117,release
16:28:48.497993,soft
16:28:48.962007,release
16:28:49.430261,soft
16:28:49.850126,release
16:28:50.493147,soft
16:28:51.835206,medium
16:28:52.410530,hard
16:28:52.984686,release
16:28:53.243867,medium
16:28:53.354700,hard
16:28:53.713495,release
16:28:53.894528,hard
16:28:54.082890,release
16:28:54.283236,medium
16:28:54.382426,hard
16:28:54.929201,release
16:28:55.482748,medium
16:28:56.319788,release
16:28:56.705996,soft
16:28:56.823892,release
16:28:57.068063,soft
16:28:57.166770,medium
16:29:02.754268,release
16:29:07.033706,soft
16:29:07.314218,release
16:29:08.803181,soft
16:29:08.998379,medium
16:29:09.214356,hard
16:29:09.466099,release
16:29:12.382652,soft
16:29:12.643323,medium
16:29:12.952024,hard
16:29:13.233157,release
16:29:14.583087,medium
16:29:16.122920,hard
16:29:17.615613,release
16:29:18.192965,medium
16:29:18.437036,hard
16:29:18.876946,release
16:29:20.485857,medium
16:29:25.863764,hard
16:29:26.232580,release
16:29:28.097163,soft
16:29:28.186616,medium
16:29:28.839261,release
16:29:31.727204,soft
16:29:42.090296,release
16:29:42.275676,soft
16:29:45.587614,medium
16:29:45.701673,hard
16:29:46.235791,release
16:29:47.665339,medium
16:30:05.273461,release
16:30:05.556469,soft
16:30:05.924992,medium
16:30:12.728545,release
16:30:14.044117,soft
16:30:24.378953,release
16:30:26.898437,soft
16:30:27.203473,medium
16:30:28.196081,release
16:30:28.583028,soft
16:30:28.669149,medium
16:30:29.597408,release
16:30:31.362404,soft
16:30:31.565290,medium
16:30:32.393603,release
16:30:32.758184,soft
16:30:33.131756,medium
16:30:35.835801,hard
16:30:36.223977,release
16:30:36.488389,medium
16:30:37.233638,release
16:30:37.978947,soft
16:30:51.769959,release
16:30:51.985566,soft
16:30:52.236635,release
16:31:15.645431,soft
16:31:15.725220,medium
16:31:16.185413,hard
16:31:16.480304,release
16:31:16.560015,hard
16:31:21.037175,release
16:31:21.333974,medium
16:31:22.340254,hard
16:31:24.300147,release
16:31:25.222371,medium
16:31:28.205124,hard
16:31:28.585272,release
16:31:29.515943,medium
16:31:55.334177,release
16:32:03.620066,soft
16:32:04.174480,release
16:32:24.214099,soft
16:32:24.397288,release
16:32:24.955135,soft
16:32:25.902976,medium
16:32:27.106683,hard
16:32:27.761147,release
16:32:28.684501,medium
16:32:28.867509,hard
16:32:29.242037,release
16:32:29.518848,medium
16:32:29.614678,hard
16:32:30.103462,release
16:32:30.546186,medium
16:32:52.260523,release
16:32:52.724906,soft
16:32:54.129518,medium
16:32:54.400324,hard
16:32:55.333923,release
16:32:57.288789,medium
16:33:01.671863,hard
16:33:02.329506,release
16:33:02.610410,medium
16:33:02.698385,hard
16:33:03.353206,release
16:33:04.938249,medium
16:33:07.076448,hard
16:33:07.265865,release
16:33:07.542785,medium
16:33:09.587396,release
16:33:09.968791,soft
16:33:10.240873,medium
16:33:12.393841,hard
16:33:12.663182,release
16:33:13.504634,medium
16:33:14.532719,release
16:33:14.625557,soft
16:33:14.807926,medium
16:33:15.366163,release
16:33:15.740840,soft
16:33:20.864981,medium
16:33:21.425400,release
16:33:21.703466,soft
16:33:22.096445,medium
16:33:22.548120,hard
16:33:23.664149,release
16:33:24.221546,medium
16:33:24.868736,release
16:33:25.787608,soft
16:33:33.167584,medium
16:33:34.469028,hard
16:33:37.107278,release
16:33:38.017071,soft
16:33:41.084898,medium
16:33:41.289753,hard
16:33:44.350187,release
16:33:44.552339,medium
16:33:44.631978,hard
16:33:45.004765,release
16:33:45.386271,medium
16:33:56.187817,hard
16:33:59.162734,release
16:34:00.100666,medium
16:34:03.635598,hard
16:34:04.194604,release
16:34:04.846231,medium
16:34:06.062444,hard
16:34:07.641758,release
16:34:07.827119,medium
16:34:09.141670,hard
16:34:10.566484,release
16:34:10.722238,medium
16:34:10.916792,hard
16:34:11.017273,release
16:34:11.456548,medium
16:34:11.556906,medium
16:34:11.908959,hard
16:34:12.157898,release
16:34:12.474290,medium
16:34:13.707262,hard
16:34:13.994797,release
16:34:14.323779,medium
16:34:16.779058,hard
16:34:17.053169,release
16:34:17.518998,medium
16:34:33.273485,release
16:34:53.581627,soft
16:34:55.635004,release
16:35:00.953102,soft
16:35:01.967352,release
16:35:03.928159,soft
16:35:04.015680,release
16:35:06.066277,soft
16:35:06.258906,release
16:35:08.968495,soft
16:35:09.144692,release
16:35:09.439798,soft
16:35:09.795891,release
16:35:19.673328,soft
16:35:20.509729,release
16:35:23.592637,soft
16:35:24.334878,release
16:35:35.606905,soft
16:35:35.887289,release
16:35:35.981263,soft
16:35:36.263395,medium
16:35:40.297678,release
16:35:59.099783,soft
16:36:00.026212,release
16:36:00.581563,soft
16:36:01.246182,release
16:36:01.347809,soft
16:36:05.896226,release
16:36:06.176982,soft
16:36:07.294552,release
16:36:23.691406,soft
16:36:23.876508,release
16:36:53.138851,soft
16:36:54.635152,release
16:37:00.595906,soft
16:37:00.875078,release
16:37:01.548236,soft
16:37:02.462921,release
16:37:25.846408,soft
16:37:25.940020,medium
16:37:26.032988,hard
16:37:26.684586,release
16:37:27.340613,medium
16:37:27.631177,hard
16:37:27.805599,release
16:37:28.368488,soft
16:37:28.552445,medium
16:37:28.844250,hard
16:37:29.305117,release
16:37:29.388041,medium
16:37:29.479486,hard
16:37:29.771175,release
16:37:31.160694,soft
16:37:31.341650,medium
16:37:32.276916,release
16:37:32.580354,soft
16:37:32.650441,medium
16:37:33.173153,hard
16:37:35.636051,release
16:37:36.478642,medium
16:37:41.221265,hard
16:37:41.689989,release
16:37:42.993694,medium
16:37:51.959925,hard
16:37:52.687775,release
16:37:52.964405,medium
16:37:53.253792,hard
16:37:53.431533,release
16:37:54.642659,medium
16:37:58.007045,hard
16:37:58.562111,release
16:37:59.606235,medium
16:38:11.146268,hard
16:38:11.880402,release
16:38:14.396585,medium
16:38:15.052116,release
16:38:15.347682,soft
16:38:15.423737,medium
16:38:17.020868,hard
16:38:17.501875,release
16:38:17.754287,medium
16:38:27.733024,release
16:38:30.226100,soft
16:38:30.897549,release
16:38:31.360296,soft
16:38:32.584033,medium
16:38:33.405674,hard
16:38:33.967563,release
16:38:34.344188,medium
16:38:36.402272,release
16:38:39.003347,soft
16:38:40.778537,medium
16:38:42.169060,hard
16:38:49.817310,release
16:38:50.570590,soft
16:38:51.018255,medium
16:38:51.207942,hard
16:38:53.922258,release
16:38:55.867090,soft
16:38:55.959020,medium
16:38:56.640626,hard
16:38:57.041515,release
16:38:57.451641,medium
16:39:26.740038,hard
16:39:26.908436,release
16:39:28.040259,medium
16:39:33.725025,release
16:39:34.378134,soft
16:39:35.002620,medium
16:39:35.375021,release
16:39:35.663603,soft
16:39:35.747960,medium
16:39:58.583715,hard
16:39:58.955662,release
16:40:00.262400,soft
16:40:00.541126,medium
16:40:04.734234,release
16:40:07.535564,soft
16:40:07.712990,release
16:40:08.746147,soft
16:40:09.769112,release
16:40:10.322541,soft
16:40:10.895982,release
16:40:12.199020,soft
16:40:12.282510,medium
16:40:13.680024,hard
16:40:13.965094,release
16:40:14.705832,medium
16:40:25.702192,release
16:40:48.997672,soft
16:40:49.115799,medium
16:40:49.184683,release
16:41:09.149222,soft
16:41:09.441383,release
16:41:16.031039,soft
16:41:16.398938,release
16:41:17.140765,soft
16:41:17.705694,release
16:41:23.205463,soft
16:41:23.848428,release
16:41:24.135595,soft
16:41:24.688835,release
16:41:24.876811,soft
16:41:25.157234,release
16:41:25.450485,soft
16:41:28.237879,release
16:41:36.992730,soft
16:41:37.088909,release
16:41:40.252841,soft
16:41:40.530974,medium
16:41:41.559265,release
16:41:47.242318,soft
16:41:47.347803,release
16:41:47.428403,soft
16:41:48.368463,release
16:41:53.580630,soft
16:41:53.869293,medium
16:41:54.045189,release
16:41:54.232655,soft
16:41:55.073765,release
16:41:55.445085,soft
16:41:55.634411,medium
16:41:55.821901,release
16:41:56.279768,soft
16:41:57.310802,release
16:41:57.492242,soft
16:41:58.647737,release
16:41:58.712818,soft
16:41:58.902658,medium
16:41:59.076985,release
16:41:59.376126,soft
16:42:00.670418,release
16:42:00.756037,soft
16:42:00.956945,medium
16:42:01.222192,hard
16:42:01.320134,release
16:42:03.365226,soft
16:42:03.455714,medium
16:42:03.923433,release
16:42:04.576251,soft
16:42:04.667502,medium
16:42:06.721038,release
16:42:06.999257,soft
16:42:07.186903,medium
16:42:07.651042,release
16:42:12.403535,soft
16:42:12.592641,medium
16:42:13.807740,release
16:42:14.087564,soft
16:42:15.107204,release
16:42:16.410450,soft
16:42:16.782375,release
16:42:19.300957,soft
16:42:19.672907,release
16:42:23.035320,soft
16:42:23.119688,release
16:42:23.335536,soft
16:42:23.410282,medium
16:42:23.868934,release
16:42:24.334906,soft
16:42:25.264987,release
16:42:30.482029,soft
16:42:30.679010,medium
16:42:30.855709,release
16:42:31.416712,soft
16:42:31.616972,medium
16:42:31.791022,release
16:42:31.979747,soft
16:42:32.077633,medium
16:42:32.178998,release
16:42:39.995575,soft
16:42:40.643314,release
16:42:42.503229,soft
16:42:42.697258,medium
16:42:43.997946,release
16:42:44.472462,soft
16:25:04.226205,soft
16:25:04.551612,medium
16:25:10.977904,soft
16:25:11.228095,medium
16:25:11.509352,release
16:25:11.774568,soft
16:25:11.979402,medium
16:25:12.524739,release
16:25:14.030467,soft
16:25:14.116852,medium
16:25:14.295213,release
16:25:14.474550,soft
16:25:14.564589,medium
16:25:14.699666,release
16:25:15.509034,soft
16:25:15.874800,release
16:25:16.175248,soft
16:25:16.277036,medium
16:25:17.083341,release
16:25:17.378907,soft
16:25:17.849074,release
16:25:21.568872,soft
16:25:21.846296,medium
16:25:24.724577,release
16:25:25.012825,soft
16:25:25.110142,medium
16:25:25.218430,release
16:25:26.585167,soft
16:25:26.688579,medium
16:25:31.358966,release
16:25:31.667226,soft
16:25:33.119931,release
16:25:33.221759,soft
16:25:33.406029,medium
16:25:33.951538,release
16:25:34.229686,soft
16:25:34.332869,medium
16:25:34.791529,release
16:25:35.297278,soft
16:25:36.835495,medium
16:25:37.593839,hard
16:25:37.996629,release
16:25:40.838295,soft
16:25:41.035491,medium
16:25:41.345684,release
16:25:48.208094,soft
16:25:48.340780,medium
16:25:48.573735,hard
16:25:48.668398,release
16:25:48.961769,soft
16:25:49.079405,medium
16:25:49.196876,hard
16:25:49.609586,release
16:25:50.051116,soft
16:25:50.084162,medium
16:25:50.528710,hard
16:25:50.529877,release
16:25:50.649741,medium
16:25:50.850085,hard
16:25:51.263941,release
16:25:51.411600,soft
16:25:51.551859,medium
16:25:51.768375,release
16:25:52.023636,soft
16:25:52.241316,medium
16:25:52.960504,hard
16:25:53.331245,release
16:25:54.920667,medium
16:26:00.592279,release
16:26:05.822452,soft
16:26:06.092300,medium
16:26:06.948416,release
16:26:19.906001,soft
16:26:20.047024,medium
16:26:20.242528,hard
16:26:21.597579,release
16:26:23.336226,medium
16:26:27.053543,release
16:26:45.225690,soft
16:26:45.430721,medium
16:26:52.119490,release
16:27:12.615166,soft
16:27:12.710028,medium
16:27:13.084844,release
16:27:14.289103,soft
16:27:14.388703,medium
16:27:14.757962,release
16:27:19.605332,soft
16:27:20.194680,release
16:27:21.657658,soft
16:27:21.839610,medium
16:27:22.213213,release
16:27:30.784862,soft
16:27:32.648198,release
16:27:32.937634,soft
16:27:34.879042,release
16:28:18.397742,soft
16:28:18.487365,medium
16:28:18.694691,hard
16:28:18.778495,release
16:28:19.103047,medium
16:28:19.331629,release
16:28:19.420702,medium
16:28:19.615356,release
16:28:19.699108,medium
16:28:19.886330,release
16:28:20.166679,soft
16:28:20.335620,medium
16:28:21.025755,hard
16:28:21.285243,release
16:28:21.661689,soft
16:28:25.568838,release
16:28:26.339428,soft
16:28:27.159143,release
16:28:29.298579,soft
16:28:29.669744,medium
16:28:30.044985,release
16:28:30.135793,soft
16:28:30.229009,medium
16:28:31.724010,release
16:28:31.907489,medium
16:28:32.747818,hard
16:28:32.840260,release
16:28:33.214177,soft
16:28:33.407076,medium
16:28:33.960670,release
16:28:35.543354,soft
16:28:35.631217,medium
16:28:36.100695,release
16:28:37.032058,soft
16:28:37.216958,medium
16:28:39.001658,release
16:28:39.471599,soft
16:28:39.643614,medium
16:28:41.413123,release
16:28:41.605221,medium
16:28:42.371486,hard
16:28:42.814420,release
16:28:43.301728,medium
16:28:44.766016,release
16:28:44.868625,medium
16:28:47.377117,release
16:28:48.497993,soft
16:28:48.962007,release
16:28:49.430261,soft
16:28:49.850126,release
16:28:50.493147,soft
16:28:51.835206,medium
16:28:52.410530,hard
16:28:52.984686,release
16:28:53.243867,medium
16:28:53.354700,hard
16:28:53.713495,release
16:28:53.894528,hard
16:28:54.082890,release
16:28:54.283236,medium
16:28:54.382426,hard
16:28:54.929201,release
16:28:55.482748,medium
16:28:56.319788,release
16:28:56.705996,soft
16:28:56.823892,release
16:28:57.068063,soft
16:28:57.166770,medium
16:29:02.754268,release
16:29:07.033706,soft
16:29:07.314218,release
16:29:08.803181,soft
16:29:08.998379,medium
16:29:09.214356,hard
16:29:09.466099,release
16:29:12.382652,soft
16:29:12.643323,medium
16:29:12.952024,hard
16:29:13.233157,release
16:29:14.583087,medium
16:29:16.122920,hard
16:29:17.615613,release
16:29:18.192965,medium
16:29:18.437036,hard
16:29:18.876946,release
16:29:20.485857,medium
16:29:25.863764,hard
16:29:26.232580,release
16:29:28.097163,soft
16:29:28.186616,medium
16:29:28.839261,release
16:29:31.727204,soft
16:29:42.090296,release
16:29:42.275676,soft
16:29:45.587614,medium
16:29:45.701673,hard
16:29:46.235791,release
16:29:47.665339,medium
16:30:05.273461,release
16:30:05.556469,soft
16:30:05.924992,medium
16:30:12.728545,release
16:30:14.044117,soft
16:30:24.378953,release
16:30:26.898437,soft
16:30:27.203473,medium
16:30:28.196081,release
16:30:28.583028,soft
16:30:28.669149,medium
16:30:29.597408,release
16:30:31.362404,soft
16:30:31.565290,medium
16:30:32.393603,release
16:30:32.758184,soft
16:30:33.131756,medium
16:30:35.835801,hard
16:30:36.223977,release
16:30:36.488389,medium
16:30:37.233638,release
16:30:37.978947,soft
16:30:51.769959,release
16:30:51.985566,soft
16:30:52.236635,release
16:31:15.645431,soft
16:31:15.725220,medium
16:31:16.185413,hard
16:31:16.480304,release
16:31:16.560015,hard
16:31:21.037175,release
16:31:21.333974,medium
16:31:22.340254,hard
16:31:24.300147,release
16:31:25.222371,medium
16:31:28.205124,hard
16:31:28.585272,release
16:31:29.515943,medium
16:31:55.334177,release
16:32:03.620066,soft
16:32:04.174480,release
16:32:24.214099,soft
16:32:24.397288,release
16:32:24.955135,soft
16:32:25.902976,medium
16:32:27.106683,hard
16:32:27.761147,release
16:32:28.684501,medium
16:32:28.867509,hard
16:32:29.242037,release
16:32:29.518848,medium
16:32:29.614678,hard
16:32:30.103462,release
16:32:30.546186,medium
16:32:52.260523,release
16:32:52.724906,soft
16:32:54.129518,medium
16:32:54.400324,hard
16:32:55.333923,release
16:32:57.288789,medium
16:33:01.671863,hard
16:33:02.329506,release
16:33:02.610410,medium
16:33:02.698385,hard
16:33:03.353206,release
16:33:04.938249,medium
16:33:07.076448,hard
16:33:07.265865,release
16:33:07.542785,medium
16:33:09.587396,release
16:33:09.968791,soft
16:33:10.240873,medium
16:33:12.393841,hard
16:33:12.663182,release
16:33:13.504634,medium
16:33:14.532719,release
16:33:14.625557,soft
16:33:14.807926,medium
16:33:15.366163,release
16:33:15.740840,soft
16:33:20.864981,medium
16:33:21.425400,release
16:33:21.703466,soft
16:33:22.096445,medium
16:33:22.548120,hard
16:33:23.664149,release
16:33:24.221546,medium
16:33:24.868736,release
16:33:25.787608,soft
16:33:33.167584,medium
16:33:34.469028,hard
16:33:37.107278,release
16:33:38.017071,soft
16:33:41.084898,medium
16:33:41.289753,hard
16:33:44.350187,release
16:33:44.552339,medium
16:33:44.631978,hard
16:33:45.004765,release
16:33:45.386271,medium
16:33:56.187817,hard
16:33:59.162734,release
16:34:00.100666,medium
16:34:03.635598,hard
16:34:04.194604,release
16:34:04.846231,medium
16:34:06.062444,hard
16:34:07.641758,release
16:34:07.827119,medium
16:34:09.141670,hard
16:34:10.566484,release
16:34:10.722238,medium
16:34:10.916792,hard
16:34:11.017273,release
16:34:11.456548,medium
16:34:11.556906,medium
16:34:11.908959,hard
16:34:12.157898,release
16:34:12.474290,medium
16:34:13.707262,hard
16:34:13.994797,release
16:34:14.323779,medium
16:34:16.779058,hard
16:34:17.053169,release
16:34:17.518998,medium
16:34:33.273485,release
16:34:53.581627,soft
16:34:55.635004,release
16:35:00.953102,soft
16:35:01.967352,release
16:35:03.928159,soft
16:35:04.015680,release
16:35:06.066277,soft
16:35:06.258906,release
16:35:08.968495,soft
16:35:09.144692,release
16:35:09.439798,soft
16:35:09.795891,release
16:35:19.673328,soft
16:35:20.509729,release
16:35:23.592637,soft
16:35:24.334878,release
16:35:35.606905,soft
16:35:35.887289,release
16:35:35.981263,soft
16:35:36.263395,medium
16:35:40.297678,release
16:35:59.099783,soft
16:36:00.026212,release
16:36:00.581563,soft
16:36:01.246182,release
16:36:01.347809,soft
16:36:05.896226,release
16:36:06.176982,soft
16:36:07.294552,release
16:36:23.691406,soft
16:36:23.876508,release
16:36:53.138851,soft
16:36:54.635152,release
16:37:00.595906,soft
16:37:00.875078,release
16:37:01.548236,soft
16:37:02.462921,release
16:37:25.846408,soft
16:37:25.940020,medium
16:37:26.032988,hard
16:37:26.684586,release
16:37:27.340613,medium
16:37:27.631177,hard
16:37:27.805599,release
16:37:28.368488,soft
16:37:28.552445,medium
16:37:28.844250,hard
16:37:29.305117,release
16:37:29.388041,medium
16:37:29.479486,hard
16:37:29.771175,release
16:37:31.160694,soft
16:37:31.341650,medium
16:37:32.276916,release
16:37:32.580354,soft
16:37:32.650441,medium
16:37:33.173153,hard
16:37:35.636051,release
16:37:36.478642,medium
16:37:41.221265,hard
16:37:41.689989,release
16:37:42.993694,medium
16:37:51.959925,hard
16:37:52.687775,release
16:37:52.964405,medium
16:37:53.253792,hard
16:37:53.431533,release
16:37:54.642659,medium
16:37:58.007045,hard
16:37:58.562111,release
16:37:59.606235,medium
16:38:11.146268,hard
16:38:11.880402,release
16:38:14.396585,medium
16:38:15.052116,release
16:38:15.347682,soft
16:38:15.423737,medium
16:38:17.020868,hard
16:38:17.501875,release
16:38:17.754287,medium
16:38:27.733024,release
16:38:30.226100,soft
16:38:30.897549,release
16:38:31.360296,soft
16:38:32.584033,medium
16:38:33.405674,hard
16:38:33.967563,release
16:38:34.344188,medium
16:38:36.402272,release
16:38:39.003347,soft
16:38:40.778537,medium
16:38:42.169060,hard
16:38:49.817310,release
16:38:50.570590,soft
16:38:51.018255,medium
16:38:51.207942,hard
16:38:53.922258,release
16:38:55.867090,soft
16:38:55.959020,medium
16:38:56.640626,hard
16:38:57.041515,release
16:38:57.451641,medium
16:39:26.740038,hard
16:39:26.908436,release
16:39:28.040259,medium
16:39:33.725025,release
16:39:34.378134,soft
16:39:35.002620,medium
16:39:35.375021,release
16:39:35.663603,soft
16:39:35.747960,medium
16:39:58.583715,hard
16:39:58.955662,release
16:40:00.262400,soft
16:40:00.541126,medium
16:40:04.734234,release
16:40:07.535564,soft
16:40:07.712990,release
16:40:08.746147,soft
16:40:09.769112,release
16:40:10.322541,soft
16:40:10.895982,release
16:40:12.199020,soft
16:40:12.282510,medium
16:40:13.680024,hard
16:40:13.965094,release
16:40:14.705832,medium
16:40:25.702192,release
16:40:48.997672,soft
16:40:49.115799,medium
16:40:49.184683,release
16:41:09.149222,soft
16:41:09.441383,release
16:41:16.031039,soft
16:41:16.398938,release
16:41:17.140765,soft
16:41:17.705694,release
16:41:23.205463,soft
16:41:23.848428,release
16:41:24.135595,soft
16:41:24.688835,release
16:41:24.876811,soft
16:41:25.157234,release
16:41:25.450485,soft
16:41:28.237879,release
16:41:36.992730,soft
16:41:37.088909,release
16:41:40.252841,soft
16:41:40.530974,medium
16:41:41.559265,release
16:41:47.242318,soft
16:41:47.347803,release
16:41:47.428403,soft
16:41:48.368463,release
16:41:53.580630,soft
16:41:53.869293,medium
16:41:54.045189,release
16:41:54.232655,soft
16:41:55.073765,release
16:41:55.445085,soft
16:41:55.634411,medium
16:41:55.821901,release
16:41:56.279768,soft
16:41:57.310802,release
16:41:57.492242,soft
16:41:58.647737,release
16:41:58.712818,soft
16:41:58.902658,medium
16:41:59.076985,release
16:41:59.376126,soft
16:42:00.670418,release
16:42:00.756037,soft
16:42:00.956945,medium
16:42:01.222192,hard
16:42:01.320134,release
16:42:03.365226,soft
16:42:03.455714,medium
16:42:03.923433,release
16:42:04.576251,soft
16:42:04.667502,medium
16:42:06.721038,release
16:42:06.999257,soft
16:42:07.186903,medium
16:42:07.651042,release
16:42:12.403535,soft
16:42:12.592641,medium
16:42:13.807740,release
16:42:14.087564,soft
16:42:15.107204,release
16:42:16.410450,soft
16:42:16.782375,release
16:42:19.300957,soft
16:42:19.672907,release
16:42:23.035320,soft
16:42:23.119688,release
16:42:23.335536,soft
16:42:23.410282,medium
16:42:23.868934,release
16:42:24.334906,soft
16:42:25.264987,release
16:42:30.482029,soft
16:42:30.679010,medium
16:42:30.855709,release
16:42:31.416712,soft
16:42:31.616972,medium
16:42:31.791022,release
16:42:31.979747,soft
16:42:32.077633,medium
16:42:32.178998,release
16:42:39.995575,soft
16:42:40.643314,release
16:42:42.503229,soft
16:42:42.697258,medium
16:42:43.997946,release
16:42:44.472462,soft
12:22:05.745989,medium
12:22:06.082948,hard
12:22:06.383587,release
12:22:18.529934,medium
12:22:18.650236,hard
12:22:19.056545,release
12:22:26.399422,medium
12:22:26.576710,hard
12:22:28.669614,release
12:22:43.048877,medium
12:22:43.409694,release
12:23:44.744019,medium
12:23:45.008764,release
12:24:16.251818,medium
12:24:16.680349,release
12:24:50.531894,medium
12:24:51.642053,release
12:25:20.912696,soft
12:25:21.075845,medium
12:25:22.040289,release
12:26:51.701417,medium
12:26:52.636811,release
12:26:52.923790,medium
12:26:53.756946,release
12:27:17.234962,soft
12:27:17.747808,release
12:27:47.151014,soft
12:27:47.284000,medium
12:27:48.206388,release
12:30:38.962814,medium
12:30:40.018935,release
12:31:03.381830,soft
12:31:03.445484,medium
12:31:03.914282,release
12:31:09.143090,medium
12:31:10.554123,release
12:31:10.994923,soft
12:31:11.085082,release
12:31:58.915812,soft
12:31:59.101675,medium
12:31:59.247978,release
12:38:12.957123,medium
12:38:13.712969,release
12:22:05.745989,medium
12:22:06.082948,hard
12:22:06.383587,release
12:22:18.529934,medium
12:22:18.650236,hard
12:22:19.056545,release
12:22:26.399422,medium
12:22:26.576710,hard
12:22:28.669614,release
12:22:43.048877,medium
12:22:43.409694,release
12:23:44.744019,medium
12:23:45.008764,release
12:24:16.251818,medium
12:24:16.680349,release
12:24:50.531894,medium
12:24:51.642053,release
12:25:20.912696,soft
12:25:21.075845,medium
12:25:22.040289,release
12:26:51.701417,medium
12:26:52.636811,release
12:26:52.923790,medium
12:26:53.756946,release
12:27:17.234962,soft
12:27:17.747808,release
12:27:47.151014,soft
12:27:47.284000,medium
12:27:48.206388,release
12:30:38.962814,medium
12:30:40.018935,release
12:31:03.381830,soft
12:31:03.445484,medium
12:31:03.914282,release
12:31:09.143090,medium
12:31:10.554123,release
12:31:10.994923,soft
12:31:11.085082,release
12:31:58.915812,soft
12:31:59.101675,medium
12:31:59.247978,release
12:38:12.957123,medium
12:38:13.712969,release
17:24:44.517763,soft
17:24:44.800711,release
17:24:45.732484,soft
17:24:45.822660,medium
17:24:46.853795,release
17:24:51.231518,medium
17:24:51.586379,release
17:24:53.280013,medium
17:24:53.556400,release
17:24:56.816285,medium
17:24:57.301072,release
17:24:59.989959,soft
17:25:00.084449,medium
17:25:00.366646,release
17:25:03.443083,soft
17:25:04.459985,release
17:25:22.263394,medium
17:25:22.449415,hard
17:25:22.540131,release
17:25:25.618528,soft
17:25:25.828151,medium
17:25:26.548742,release
17:25:31.023034,soft
17:25:31.392501,medium
17:25:31.676392,release
17:25:33.538880,soft
17:25:33.631647,medium
17:25:34.755674,release
17:25:35.961815,soft
17:25:36.063781,medium
17:25:36.335239,hard
17:25:37.369219,release
17:26:20.791079,medium
17:26:21.067971,release
17:26:22.659441,medium
17:26:24.700139,release
17:26:26.568967,soft
17:26:26.657055,medium
17:26:29.549454,release
17:26:34.122141,soft
17:26:34.260023,medium
17:26:34.490573,hard
17:26:35.329171,release
17:26:43.257401,soft
17:26:45.670974,release
17:27:10.587051,soft
17:27:10.970552,medium
17:27:11.224660,release
17:27:15.031390,soft
17:27:15.215890,medium
17:27:16.054786,release
17:27:27.471545,soft
17:27:27.519446,medium
17:27:28.184569,release
17:27:28.488061,soft
17:27:28.755479,release
17:27:42.819186,soft
17:27:42.908081,medium
17:27:43.827781,release
17:27:48.770023,soft
17:27:49.700716,release
17:28:05.656482,soft
17:28:05.909415,medium
17:28:07.057174,release
17:28:24.655469,soft
17:28:24.753155,medium
17:28:25.678752,release
17:28:28.004701,soft
17:28:28.099474,medium
17:28:29.497016,release
17:28:32.107180,soft
17:28:32.295242,medium
17:28:33.037879,hard
17:28:33.318263,release
17:28:35.936051,soft
17:28:36.023107,medium
17:28:37.239038,release
17:28:41.800660,medium
17:28:42.171728,hard
17:28:42.382531,release
17:28:45.688882,medium
17:28:45.817130,hard
17:28:46.097952,release
17:28:48.884473,soft
17:28:49.054448,medium
17:28:49.257994,release
17:28:49.913316,soft
17:28:50.563458,release
17:28:52.058259,soft
17:28:52.250619,medium
17:28:53.001978,release
17:28:54.822007,soft
17:28:54.841193,medium
17:28:55.273774,hard
17:28:57.730134,release
17:29:19.262541,soft
17:29:19.687288,release
17:29:41.644927,soft
17:29:43.414277,release
17:29:45.927843,soft
17:29:46.865014,release
17:29:48.180422,soft
17:29:48.352495,medium
17:29:49.282179,release
17:29:52.269367,soft
17:29:52.454463,medium
17:29:54.599413,release
17:29:59.287067,soft
17:29:59.361277,medium
17:30:00.662925,release
17:30:26.068705,soft
17:30:26.155939,medium
17:30:26.570753,hard
17:30:26.965190,release
17:30:40.010948,soft
17:30:40.090064,medium
17:30:41.480346,release
17:30:57.511389,soft
17:30:57.649866,medium
17:30:58.723648,release
17:31:00.866292,medium
17:31:01.050714,hard
17:31:01.520221,release
17:31:04.136558,soft
17:31:04.369156,medium
17:31:04.967612,release
17:31:12.328862,soft
17:31:12.527582,medium
17:31:13.172023,release
17:31:16.757161,soft
17:31:17.522601,medium
17:31:17.852517,release
17:32:00.819554,soft
17:32:00.986524,medium
17:32:01.729453,release
17:32:04.454996,medium
17:32:04.803899,hard
17:32:05.646679,release
17:32:08.539517,soft
17:32:09.751514,medium
17:32:10.217947,release
17:32:12.819970,soft
17:32:13.175697,medium
17:32:15.799855,release
17:32:19.906431,soft
17:32:20.094816,medium
17:32:22.983092,release
17:32:57.836664,soft
17:32:57.931949,medium
17:33:01.287106,release
17:33:13.400477,medium
17:33:14.429276,release
17:33:16.204159,soft
17:33:16.291642,medium
17:33:18.804422,release
17:33:29.613555,soft
17:33:29.997335,medium
17:33:32.788527,release
17:34:11.831919,soft
17:34:13.700817,release
17:34:15.190069,soft
17:34:26.188858,release
17:34:27.678677,soft
17:34:27.955142,medium
17:34:28.822248,release
17:34:29.072558,soft
17:34:32.343620,release
17:34:56.762722,soft
17:34:56.936193,medium
17:34:58.767800,release
17:35:02.466456,soft
17:35:04.681514,release
17:35:07.113981,soft
17:35:07.564504,release
17:35:08.599454,soft
17:35:09.435184,release
17:35:22.198303,soft
17:35:22.318685,release
17:35:23.130162,soft
17:35:25.128693,release
17:35:34.686625,soft
17:35:35.153296,release
17:35:38.690829,soft
17:35:40.098789,release
17:35:48.387008,soft
17:35:48.580139,release
17:36:14.483395,soft
17:36:15.149934,release
17:36:41.649785,soft
17:36:43.441028,release
17:37:05.466362,soft
17:37:05.767067,release
17:37:20.195586,soft
17:37:20.565115,release
17:37:21.453854,soft
17:37:21.637058,release
17:37:22.711460,soft
17:37:22.903937,release
17:37:57.289242,soft
17:37:59.613783,release
17:38:31.309710,soft
17:38:32.341317,release
17:38:36.718564,soft
17:38:38.206748,medium
17:38:38.871610,release
17:38:43.497824,soft
17:38:43.594078,medium
17:38:43.685985,hard
17:38:45.757286,release
17:38:48.274338,soft
17:38:48.411462,medium
17:38:50.799431,release
17:38:52.090628,soft
17:38:52.200733,medium
17:38:54.008141,release
17:38:58.273183,soft
17:38:58.335936,medium
17:38:58.627990,hard
17:38:59.082342,release
17:39:03.115995,soft
17:39:03.216927,medium
17:39:03.649752,hard
17:39:04.118703,release
17:39:04.304795,medium
17:39:05.538933,release
17:39:27.139173,soft
17:39:27.804457,release
17:39:30.397962,soft
17:39:31.141948,release
17:39:32.080751,soft
17:39:32.472925,release
17:39:40.582964,soft
17:39:40.654127,medium
17:39:40.836652,release
17:39:42.422356,soft
17:39:42.705608,release
17:39:43.641694,soft
17:39:43.760815,medium
17:39:44.008311,release
17:39:46.346439,soft
17:39:46.523268,medium
17:39:51.658340,release
17:39:59.118759,soft
17:40:02.742401,release
17:40:03.864658,soft
17:40:04.240493,release
17:40:04.985194,soft
17:40:05.444886,release
17:40:17.471679,soft
17:40:17.656181,release
17:40:18.316344,soft
17:40:18.684131,medium
17:40:21.386904,release
17:40:23.435015,soft
17:40:30.334765,release
17:40:32.022162,soft
17:40:32.204603,release
17:40:34.163510,soft
17:40:34.392820,medium
17:40:36.903400,release
17:40:38.073661,soft
17:40:38.536891,medium
17:40:39.206018,release
17:40:43.942320,soft
17:40:51.651424,release
17:40:53.177489,soft
17:40:53.764413,release
17:41:04.169148,soft
17:41:04.730470,medium
17:41:07.905500,release
17:41:08.734573,soft
17:41:11.067059,release
17:41:12.463013,soft
17:41:13.116199,release
17:24:44.517763,soft
17:24:44.800711,release
17:24:45.732484,soft
17:24:45.822660,medium
17:24:46.853795,release
17:24:51.231518,medium
17:24:51.586379,release
17:24:53.280013,medium
17:24:53.556400,release
17:24:56.816285,medium
17:24:57.301072,release
17:24:59.989959,soft
17:25:00.084449,medium
17:25:00.366646,release
17:25:03.443083,soft
17:25:04.459985,release
17:25:22.263394,medium
17:25:22.449415,hard
17:25:22.540131,release
17:25:25.618528,soft
17:25:25.828151,medium
17:25:26.548742,release
17:25:31.023034,soft
17:25:31.392501,medium
17:25:31.676392,release
17:25:33.538880,soft
17:25:33.631647,medium
17:25:34.755674,release
17:25:35.961815,soft
17:25:36.063781,medium
17:25:36.335239,hard
17:25:37.369219,release
17:26:20.791079,medium
17:26:21.067971,release
17:26:22.659441,medium
17:26:24.700139,release
17:26:26.568967,soft
17:26:26.657055,medium
17:26:29.549454,release
17:26:34.122141,soft
17:26:34.260023,medium
17:26:34.490573,hard
17:26:35.329171,release
17:26:43.257401,soft
17:26:45.670974,release
17:27:10.587051,soft
17:27:10.970552,medium
17:27:11.224660,release
17:27:15.031390,soft
17:27:15.215890,medium
17:27:16.054786,release
17:27:27.471545,soft
17:27:27.519446,medium
17:27:28.184569,release
17:27:28.488061,soft
17:27:28.755479,release
17:27:42.819186,soft
17:27:42.908081,medium
17:27:43.827781,release
17:27:48.770023,soft
17:27:49.700716,release
17:28:05.656482,soft
17:28:05.909415,medium
17:28:07.057174,release
17:28:24.655469,soft
17:28:24.753155,medium
17:28:25.678752,release
17:28:28.004701,soft
17:28:28.099474,medium
17:28:29.497016,release
17:28:32.107180,soft
17:28:32.295242,medium
17:28:33.037879,hard
17:28:33.318263,release
17:28:35.936051,soft
17:28:36.023107,medium
17:28:37.239038,release
17:28:41.800660,medium
17:28:42.171728,hard
17:28:42.382531,release
17:28:45.688882,medium
17:28:45.817130,hard
17:28:46.097952,release
17:28:48.884473,soft
17:28:49.054448,medium
17:28:49.257994,release
17:28:49.913316,soft
17:28:50.563458,release
17:28:52.058259,soft
17:28:52.250619,medium
17:28:53.001978,release
17:28:54.822007,soft
17:28:54.841193,medium
17:28:55.273774,hard
17:28:57.730134,release
17:29:19.262541,soft
17:29:19.687288,release
17:29:41.644927,soft
17:29:43.414277,release
17:29:45.927843,soft
17:29:46.865014,release
17:29:48.180422,soft
17:29:48.352495,medium
17:29:49.282179,release
17:29:52.269367,soft
17:29:52.454463,medium
17:29:54.599413,release
17:29:59.287067,soft
17:29:59.361277,medium
17:30:00.662925,release
17:30:26.068705,soft
17:30:26.155939,medium
17:30:26.570753,hard
17:30:26.965190,release
17:30:40.010948,soft
17:30:40.090064,medium
17:30:41.480346,release
17:30:57.511389,soft
17:30:57.649866,medium
17:30:58.723648,release
17:31:00.866292,medium
17:31:01.050714,hard
17:31:01.520221,release
17:31:04.136558,soft
17:31:04.369156,medium
17:31:04.967612,release
17:31:12.328862,soft
17:31:12.527582,medium
17:31:13.172023,release
17:31:16.757161,soft
17:31:17.522601,medium
17:31:17.852517,release
17:32:00.819554,soft
17:32:00.986524,medium
17:32:01.729453,release
17:32:04.454996,medium
17:32:04.803899,hard
17:32:05.646679,release
17:32:08.539517,soft
17:32:09.751514,medium
17:32:10.217947,release
17:32:12.819970,soft
17:32:13.175697,medium
17:32:15.799855,release
17:32:19.906431,soft
17:32:20.094816,medium
17:32:22.983092,release
17:32:57.836664,soft
17:32:57.931949,medium
17:33:01.287106,release
17:33:13.400477,medium
17:33:14.429276,release
17:33:16.204159,soft
17:33:16.291642,medium
17:33:18.804422,release
17:33:29.613555,soft
17:33:29.997335,medium
17:33:32.788527,release
17:34:11.831919,soft
17:34:13.700817,release
17:34:15.190069,soft
17:34:26.188858,release
17:34:27.678677,soft
17:34:27.955142,medium
17:34:28.822248,release
17:34:29.072558,soft
17:34:32.343620,release
17:34:56.762722,soft
17:34:56.936193,medium
17:34:58.767800,release
17:35:02.466456,soft
17:35:04.681514,release
17:35:07.113981,soft
17:35:07.564504,release
17:35:08.599454,soft
17:35:09.435184,release
17:35:22.198303,soft
17:35:22.318685,release
17:35:23.130162,soft
17:35:25.128693,release
17:35:34.686625,soft
17:35:35.153296,release
17:35:38.690829,soft
17:35:40.098789,release
17:35:48.387008,soft
17:35:48.580139,release
17:36:14.483395,soft
17:36:15.149934,release
17:36:41.649785,soft
17:36:43.441028,release
17:37:05.466362,soft
17:37:05.767067,release
17:37:20.195586,soft
17:37:20.565115,release
17:37:21.453854,soft
17:37:21.637058,release
17:37:22.711460,soft
17:37:22.903937,release
17:37:57.289242,soft
17:37:59.613783,release
17:38:31.309710,soft
17:38:32.341317,release
17:38:36.718564,soft
17:38:38.206748,medium
17:38:38.871610,release
17:38:43.497824,soft
17:38:43.594078,medium
17:38:43.685985,hard
17:38:45.757286,release
17:38:48.274338,soft
17:38:48.411462,medium
17:38:50.799431,release
17:38:52.090628,soft
17:38:52.200733,medium
17:38:54.008141,release
17:38:58.273183,soft
17:38:58.335936,medium
17:38:58.627990,hard
17:38:59.082342,release
17:39:03.115995,soft
17:39:03.216927,medium
17:39:03.649752,hard
17:39:04.118703,release
17:39:04.304795,medium
17:39:05.538933,release
17:39:27.139173,soft
17:39:27.804457,release
17:39:30.397962,soft
17:39:31.141948,release
17:39:32.080751,soft
17:39:32.472925,release
17:39:40.582964,soft
17:39:40.654127,medium
17:39:40.836652,release
17:39:42.422356,soft
17:39:42.705608,release
17:39:43.641694,soft
17:39:43.760815,medium
17:39:44.008311,release
17:39:46.346439,soft
17:39:46.523268,medium
17:39:51.658340,release
17:39:59.118759,soft
17:40:02.742401,release
17:40:03.864658,soft
17:40:04.240493,release
17:40:04.985194,soft
17:40:05.444886,release
17:40:17.471679,soft
17:40:17.656181,release
17:40:18.316344,soft
17:40:18.684131,medium
17:40:21.386904,release
17:40:23.435015,soft
17:40:30.334765,release
17:40:32.022162,soft
17:40:32.204603,release
17:40:34.163510,soft
17:40:34.392820,medium
17:40:36.903400,release
17:40:38.073661,soft
17:40:38.536891,medium
17:40:39.206018,release
17:40:43.942320,soft
17:40:51.651424,release
17:40:53.177489,soft
17:40:53.764413,release
17:41:04.169148,soft
17:41:04.730470,medium
17:41:07.905500,release
17:41:08.734573,soft
17:41:11.067059,release
17:41:12.463013,soft
17:41:13.116199,release
13:40:32.451634,soft
13:40:32.645576,medium
13:40:34.228539,release
13:42:00.440603,soft
13:42:00.634485,medium
13:42:01.566109,release
13:44:24.258170,soft
13:44:24.481991,medium
13:44:25.750351,release
13:46:56.291705,soft
13:46:56.757935,medium
13:46:57.779987,release
13:50:13.610740,soft
13:50:13.888722,medium
13:50:14.846110,release
13:53:01.293726,soft
13:53:02.226557,release
13:40:32.451634,soft
13:40:32.645576,medium
13:40:34.228539,release
13:42:00.440603,soft
13:42:00.634485,medium
13:42:01.566109,release
13:44:24.258170,soft
13:44:24.481991,medium
13:44:25.750351,release
13:46:56.291705,soft
13:46:56.757935,medium
13:46:57.779987,release
13:50:13.610740,soft
13:50:13.888722,medium
13:50:14.846110,release
13:53:01.293726,soft
13:53:02.226557,release
18:41:18.762488,soft
18:41:18.855876,medium
18:41:21.276624,release
18:41:35.067324,medium
18:41:37.488083,release
18:41:42.149046,soft
18:41:42.800228,medium
18:41:43.174863,release
18:41:47.181155,medium
18:41:49.136195,release
18:41:52.208183,medium
18:41:52.302393,hard
18:41:53.420384,release
18:43:27.804301,soft
18:43:28.361113,medium
18:43:28.922452,release
18:44:13.362289,soft
18:44:13.640435,medium
18:44:13.829832,release
18:44:14.107206,soft
18:44:14.202645,medium
18:44:14.668527,release
18:45:19.046119,soft
18:45:19.140234,medium
18:45:20.815371,release
18:46:12.803437,medium
18:46:14.388569,release
18:46:16.719111,medium
18:46:17.833058,release
18:46:18.394537,medium
18:46:18.672666,release
18:46:19.418237,soft
18:46:19.512543,medium
18:46:19.790888,release
18:46:20.257739,medium
18:46:20.353876,hard
18:46:20.442101,release
18:46:25.660635,medium
18:46:25.848872,hard
18:46:26.499926,release
18:46:27.339504,medium
18:46:29.014649,release
18:46:33.954208,medium
18:46:34.327215,hard
18:46:34.699649,release
18:47:06.377854,medium
18:47:07.403807,release
18:47:38.143559,medium
18:47:38.335830,release
18:48:03.857018,medium
18:48:05.348011,release
18:48:19.228546,medium
18:48:19.413091,release
18:48:22.489043,medium
18:48:22.583158,release
18:49:17.171868,medium
18:49:17.917460,release
18:50:34.492580,medium
18:50:34.865259,release
18:52:41.761538,medium
18:52:43.441414,release
18:52:47.540836,medium
18:52:47.913875,release
18:53:16.981281,soft
18:53:17.076073,medium
18:53:18.099507,release
18:54:29.379740,medium
18:54:29.563032,hard
18:54:30.124255,release
18:54:31.522818,medium
18:54:31.709534,hard
18:54:32.083365,release
18:54:32.172098,medium
18:54:32.454691,hard
18:54:32.733306,release
18:54:33.011946,medium
18:54:33.478794,release
18:54:33.945527,medium
18:54:35.063663,release
18:54:53.695786,soft
18:54:53.789803,medium
18:54:56.026121,release
18:55:29.939420,medium
18:55:30.684900,release
18:55:49.787612,medium
18:55:49.879703,hard
18:55:50.160484,release
18:55:53.326511,medium
18:55:53.420968,hard
18:55:53.699159,release
18:55:58.917173,soft
18:55:59.012259,medium
18:55:59.756809,release
18:56:07.953119,medium
18:56:08.700381,release
18:56:14.104398,medium
18:56:14.849756,release
18:56:27.890785,medium
18:56:29.943055,release
18:57:11.589743,medium
18:57:13.919523,release
18:57:55.287960,medium
18:57:55.381666,release
18:58:15.881500,medium
18:58:18.211303,release
18:58:28.270847,soft
18:58:28.364812,medium
18:58:30.228920,release
18:58:38.706726,medium
18:58:39.730717,release
18:41:18.762488,soft
18:41:18.855876,medium
18:41:21.276624,release
18:41:35.067324,medium
18:41:37.488083,release
18:41:42.149046,soft
18:41:42.800228,medium
18:41:43.174863,release
18:41:47.181155,medium
18:41:49.136195,release
18:41:52.208183,medium
18:41:52.302393,hard
18:41:53.420384,release
18:43:27.804301,soft
18:43:28.361113,medium
18:43:28.922452,release
18:44:13.362289,soft
18:44:13.640435,medium
18:44:13.829832,release
18:44:14.107206,soft
18:44:14.202645,medium
18:44:14.668527,release
18:45:19.046119,soft
18:45:19.140234,medium
18:45:20.815371,release
18:46:12.803437,medium
18:46:14.388569,release
18:46:16.719111,medium
18:46:17.833058,release
18:46:18.394537,medium
18:46:18.672666,release
18:46:19.418237,soft
18:46:19.512543,medium
18:46:19.790888,release
18:46:20.257739,medium
18:46:20.353876,hard
18:46:20.442101,release
18:46:25.660635,medium
18:46:25.848872,hard
18:46:26.499926,release
18:46:27.339504,medium
18:46:29.014649,release
18:46:33.954208,medium
18:46:34.327215,hard
18:46:34.699649,release
18:47:06.377854,medium
18:47:07.403807,release
18:47:38.143559,medium
18:47:38.335830,release
18:48:03.857018,medium
18:48:05.348011,release
18:48:19.228546,medium
18:48:19.413091,release
18:48:22.489043,medium
18:48:22.583158,release
18:49:17.171868,medium
18:49:17.917460,release
18:50:34.492580,medium
18:50:34.865259,release
18:52:41.761538,medium
18:52:43.441414,release
18:52:47.540836,medium
18:52:47.913875,release
18:53:16.981281,soft
18:53:17.076073,medium
18:53:18.099507,release
18:54:29.379740,medium
18:54:29.563032,hard
18:54:30.124255,release
18:54:31.522818,medium
18:54:31.709534,hard
18:54:32.083365,release
18:54:32.172098,medium
18:54:32.454691,hard
18:54:32.733306,release
18:54:33.011946,medium
18:54:33.478794,release
18:54:33.945527,medium
18:54:35.063663,release
18:54:53.695786,soft
18:54:53.789803,medium
18:54:56.026121,release
18:55:29.939420,medium
18:55:30.684900,release
18:55:49.787612,medium
18:55:49.879703,hard
18:55:50.160484,release
18:55:53.326511,medium
18:55:53.420968,hard
18:55:53.699159,release
18:55:58.917173,soft
18:55:59.012259,medium
18:55:59.756809,release
18:56:07.953119,medium
18:56:08.700381,release
18:56:14.104398,medium
18:56:14.849756,release
18:56:27.890785,medium
18:56:29.943055,release
18:57:11.589743,medium
18:57:13.919523,release
18:57:55.287960,medium
18:57:55.381666,release
18:58:15.881500,medium
18:58:18.211303,release
18:58:28.270847,soft
18:58:28.364812,medium
18:58:30.228920,release
18:58:38.706726,medium
18:58:39.730717,release
10:24:02.301819,soft
10:24:02.444181,medium
10:24:02.856952,release
10:24:15.712974,medium
10:24:15.989665,hard
10:24:16.364863,release
10:24:16.560157,soft
10:24:21.395543,release
10:24:31.083525,soft
10:24:31.176472,medium
10:24:31.366813,hard
10:24:31.924430,release
10:24:39.289030,medium
10:24:39.655446,hard
10:24:40.307481,release
10:26:22.514173,soft
10:26:22.605134,medium
10:26:22.976007,release
10:30:03.215585,soft
10:30:03.312435,medium
10:30:03.498146,hard
10:30:04.712245,release
10:31:14.852470,medium
10:31:15.041640,release
10:31:15.319976,medium
10:31:15.697884,release
10:31:15.787046,soft
10:31:15.879321,medium
10:31:16.159721,release
10:31:16.344894,medium
10:31:16.715331,release
10:31:16.809982,soft
10:31:16.902634,medium
10:31:17.274763,release
10:31:18.246557,soft
10:31:18.393666,release
10:31:18.671754,soft
10:31:18.781741,medium
10:31:19.141007,release
10:31:19.328014,soft
10:31:19.438593,medium
10:31:19.521967,hard
10:31:19.608087,release
10:31:19.992874,soft
10:31:20.145189,medium
10:31:20.214912,hard
10:31:20.303677,release
10:31:20.536932,medium
10:31:20.723026,hard
10:31:20.816153,release
10:31:22.027230,medium
10:31:22.309468,release
10:31:22.401381,medium
10:31:22.583627,hard
10:31:22.680777,release
10:31:22.960754,medium
10:31:23.050314,hard
10:31:23.144381,release
10:31:23.426427,soft
10:31:23.520574,medium
10:31:23.611936,hard
10:31:23.702569,release
10:31:24.819229,medium
10:31:24.915428,hard
10:31:25.014418,release
10:31:25.285454,medium
10:31:25.382824,hard
10:31:25.474183,release
10:31:26.682989,soft
10:31:26.778954,medium
10:31:27.055553,release
10:31:27.152672,medium
10:31:27.244201,hard
10:31:27.336241,release
10:31:27.522723,medium
10:31:27.619005,hard
10:31:27.710418,release
10:31:27.895301,medium
10:31:27.993786,hard
10:31:28.089547,release
10:31:29.015061,soft
10:31:29.110421,hard
10:31:29.291928,release
10:31:29.483716,medium
10:31:29.571510,hard
10:31:29.759452,release
10:33:11.964618,medium
10:33:12.237135,release
10:33:12.608517,medium
10:33:12.984915,release
10:33:13.726125,medium
10:33:13.918623,hard
10:33:14.012840,release
10:33:18.389761,medium
10:33:18.478044,hard
10:33:18.573871,release
10:34:48.476268,medium
10:34:48.660266,hard
10:34:49.322087,release
10:36:23.501589,soft
10:36:23.592140,medium
10:36:23.786345,hard
10:36:24.339960,release
10:36:29.936750,medium
10:36:30.209420,release
10:36:30.395931,soft
10:36:30.489199,medium
10:36:30.682282,hard
10:36:30.868793,release
10:36:31.324707,medium
10:36:31.517162,hard
10:36:31.610518,release
10:36:32.355872,soft
10:36:32.444700,medium
10:36:32.538881,hard
10:36:32.910572,release
10:36:41.668506,soft
10:36:41.761362,medium
10:36:41.946199,hard
10:36:42.413717,release
10:37:28.620117,soft
10:37:28.715005,medium
10:37:28.811395,hard
10:37:29.088398,release
10:37:40.644732,medium
10:37:40.827758,hard
10:37:41.298826,release
10:37:42.975788,soft
10:37:43.622916,release
10:37:44.649070,soft
10:37:44.738110,medium
10:37:45.112132,hard
10:37:45.858826,release
10:37:49.394676,soft
10:37:49.490466,medium
10:37:49.863342,hard
10:37:51.732915,release
10:37:52.566735,medium
10:37:52.749094,hard
10:37:53.589909,release
10:37:54.057070,medium
10:37:54.147627,hard
10:37:54.615191,release
10:38:00.483467,medium
10:38:00.760908,hard
10:38:01.784901,release
10:38:05.606122,medium
10:38:06.076356,release
10:38:08.588042,soft
10:38:08.680880,medium
10:38:09.056987,hard
10:38:12.034248,release
10:38:15.109828,medium
10:38:15.293377,hard
10:38:16.693881,release
10:38:18.090738,medium
10:38:18.369218,hard
10:38:19.585061,release
10:38:20.511883,medium
10:38:20.605643,hard
10:38:22.469562,release
10:38:23.025482,soft
10:38:23.122584,medium
10:38:23.403890,release
10:38:27.594463,soft
10:38:27.692467,medium
10:38:27.872736,hard
10:38:28.992074,release
10:38:44.266404,medium
10:38:44.456510,hard
10:38:47.248765,release
10:38:47.528975,soft
10:38:47.626953,hard
10:38:48.180453,release
10:38:49.112149,medium
10:38:49.203744,hard
10:38:50.882100,release
10:38:52.836533,medium
10:38:53.029787,hard
10:38:53.583045,release
10:38:54.887041,soft
10:38:54.976653,medium
10:38:55.258740,hard
10:38:56.467953,release
10:38:57.121381,soft
10:38:57.401432,release
10:39:04.574076,soft
10:39:04.671439,medium
10:39:04.759205,hard
10:39:06.621658,release
10:39:07.929011,medium
10:39:08.212174,hard
10:39:09.792398,release
10:39:10.721052,soft
10:39:10.825660,medium
10:39:10.994336,hard
10:39:12.036633,release
10:39:12.493048,soft
10:39:12.770086,medium
10:39:13.237253,hard
10:39:14.080223,release
10:39:15.288285,soft
10:39:15.387997,release
10:39:17.243534,medium
10:39:17.429518,hard
10:39:18.084666,release
10:39:18.359448,soft
10:39:18.454387,medium
10:39:18.827215,release
10:39:19.662275,medium
10:39:19.756920,hard
10:39:20.318969,release
10:39:20.878013,medium
10:39:21.159539,hard
10:39:21.807736,release
10:39:22.088868,soft
10:39:22.192045,medium
10:39:22.296675,hard
10:39:22.554247,release
10:39:25.999126,medium
10:39:26.186487,hard
10:39:26.466101,release
10:39:26.867437,soft
10:39:26.933203,medium
10:39:27.214638,hard
10:39:27.583229,release
10:39:27.960883,soft
10:39:28.046418,medium
10:39:28.235893,hard
10:39:28.513952,release
10:39:30.195711,medium
10:39:30.375909,hard
10:39:30.660335,release
10:39:33.917245,soft
10:39:34.018491,medium
10:39:34.199738,hard
10:39:34.755533,release
10:39:37.832747,medium
10:39:38.015984,hard
10:39:38.482710,release
10:39:39.228343,soft
10:39:39.317624,medium
10:39:39.508805,hard
10:39:40.441098,release
10:39:45.653513,medium
10:39:45.839781,hard
10:39:46.493027,release
10:39:56.553494,medium
10:39:56.664493,hard
10:39:58.510993,release
10:39:58.601113,hard
10:39:58.797614,release
10:40:03.356869,medium
10:40:03.546535,hard
10:40:04.007121,release
10:40:09.599300,medium
10:40:09.688464,hard
10:40:10.251242,release
10:40:12.676134,medium
10:40:12.764955,hard
10:40:13.143487,release
10:40:17.239927,medium
10:40:17.330875,hard
10:40:18.729619,release
10:40:19.659546,medium
10:40:19.752497,hard
10:40:20.964305,release
10:40:21.342995,soft
10:40:21.430433,medium
10:40:21.522615,hard
10:40:22.364043,release
10:40:23.852257,soft
10:40:23.952346,medium
10:40:24.037695,hard
10:40:24.503848,release
10:40:24.973516,medium
10:40:25.065840,hard
10:40:25.527147,release
10:40:25.812693,medium
10:40:25.900806,hard
10:40:26.184296,release
10:40:26.370340,medium
10:40:26.461636,hard
10:40:26.741077,release
10:40:27.021955,medium
10:40:27.113418,hard
10:40:27.392160,release
10:40:27.579874,medium
10:40:27.669960,hard
10:40:29.160180,release
10:40:38.383324,medium
10:40:38.572794,hard
10:40:39.782091,release
10:40:40.992481,medium
10:40:41.086195,hard
10:40:41.643234,release
10:40:51.518573,medium
10:40:51.712659,hard
10:40:52.177475,release
10:40:53.386756,medium
10:40:53.475900,hard
10:40:53.948681,release
10:40:54.594366,medium
10:40:54.691197,hard
10:40:55.062539,release
10:40:55.158834,medium
10:41:01.958716,release
10:41:02.056628,medium
10:41:02.143736,hard
10:41:02.517195,release
10:41:17.330092,medium
10:41:17.421114,hard
10:41:18.354597,release
10:41:19.939081,medium
10:41:20.125118,hard
10:41:20.681739,release
10:24:02.301819,soft
10:24:02.444181,medium
10:24:02.856952,release
10:24:15.712974,medium
10:24:15.989665,hard
10:24:16.364863,release
10:24:16.560157,soft
10:24:21.395543,release
10:24:31.083525,soft
10:24:31.176472,medium
10:24:31.366813,hard
10:24:31.924430,release
10:24:39.289030,medium
10:24:39.655446,hard
10:24:40.307481,release
10:26:22.514173,soft
10:26:22.605134,medium
10:26:22.976007,release
10:30:03.215585,soft
10:30:03.312435,medium
10:30:03.498146,hard
10:30:04.712245,release
10:31:14.852470,medium
10:31:15.041640,release
10:31:15.319976,medium
10:31:15.697884,release
10:31:15.787046,soft
10:31:15.879321,medium
10:31:16.159721,release
10:31:16.344894,medium
10:31:16.715331,release
10:31:16.809982,soft
10:31:16.902634,medium
10:31:17.274763,release
10:31:18.246557,soft
10:31:18.393666,release
10:31:18.671754,soft
10:31:18.781741,medium
10:31:19.141007,release
10:31:19.328014,soft
10:31:19.438593,medium
10:31:19.521967,hard
10:31:19.608087,release
10:31:19.992874,soft
10:31:20.145189,medium
10:31:20.214912,hard
10:31:20.303677,release
10:31:20.536932,medium
10:31:20.723026,hard
10:31:20.816153,release
10:31:22.027230,medium
10:31:22.309468,release
10:31:22.401381,medium
10:31:22.583627,hard
10:31:22.680777,release
10:31:22.960754,medium
10:31:23.050314,hard
10:31:23.144381,release
10:31:23.426427,soft
10:31:23.520574,medium
10:31:23.611936,hard
10:31:23.702569,release
10:31:24.819229,medium
10:31:24.915428,hard
10:31:25.014418,release
10:31:25.285454,medium
10:31:25.382824,hard
10:31:25.474183,release
10:31:26.682989,soft
10:31:26.778954,medium
10:31:27.055553,release
10:31:27.152672,medium
10:31:27.244201,hard
10:31:27.336241,release
10:31:27.522723,medium
10:31:27.619005,hard
10:31:27.710418,release
10:31:27.895301,medium
10:31:27.993786,hard
10:31:28.089547,release
10:31:29.015061,soft
10:31:29.110421,hard
10:31:29.291928,release
10:31:29.483716,medium
10:31:29.571510,hard
10:31:29.759452,release
10:33:11.964618,medium
10:33:12.237135,release
10:33:12.608517,medium
10:33:12.984915,release
10:33:13.726125,medium
10:33:13.918623,hard
10:33:14.012840,release
10:33:18.389761,medium
10:33:18.478044,hard
10:33:18.573871,release
10:34:48.476268,medium
10:34:48.660266,hard
10:34:49.322087,release
10:36:23.501589,soft
10:36:23.592140,medium
10:36:23.786345,hard
10:36:24.339960,release
10:36:29.936750,medium
10:36:30.209420,release
10:36:30.395931,soft
10:36:30.489199,medium
10:36:30.682282,hard
10:36:30.868793,release
10:36:31.324707,medium
10:36:31.517162,hard
10:36:31.610518,release
10:36:32.355872,soft
10:36:32.444700,medium
10:36:32.538881,hard
10:36:32.910572,release
10:36:41.668506,soft
10:36:41.761362,medium
10:36:41.946199,hard
10:36:42.413717,release
10:37:28.620117,soft
10:37:28.715005,medium
10:37:28.811395,hard
10:37:29.088398,release
10:37:40.644732,medium
10:37:40.827758,hard
10:37:41.298826,release
10:37:42.975788,soft
10:37:43.622916,release
10:37:44.649070,soft
10:37:44.738110,medium
10:37:45.112132,hard
10:37:45.858826,release
10:37:49.394676,soft
10:37:49.490466,medium
10:37:49.863342,hard
10:37:51.732915,release
10:37:52.566735,medium
10:37:52.749094,hard
10:37:53.589909,release
10:37:54.057070,medium
10:37:54.147627,hard
10:37:54.615191,release
10:38:00.483467,medium
10:38:00.760908,hard
10:38:01.784901,release
10:38:05.606122,medium
10:38:06.076356,release
10:38:08.588042,soft
10:38:08.680880,medium
10:38:09.056987,hard
10:38:12.034248,release
10:38:15.109828,medium
10:38:15.293377,hard
10:38:16.693881,release
10:38:18.090738,medium
10:38:18.369218,hard
10:38:19.585061,release
10:38:20.511883,medium
10:38:20.605643,hard
10:38:22.469562,release
10:38:23.025482,soft
10:38:23.122584,medium
10:38:23.403890,release
10:38:27.594463,soft
10:38:27.692467,medium
10:38:27.872736,hard
10:38:28.992074,release
10:38:44.266404,medium
10:38:44.456510,hard
10:38:47.248765,release
10:38:47.528975,soft
10:38:47.626953,hard
10:38:48.180453,release
10:38:49.112149,medium
10:38:49.203744,hard
10:38:50.882100,release
10:38:52.836533,medium
10:38:53.029787,hard
10:38:53.583045,release
10:38:54.887041,soft
10:38:54.976653,medium
10:38:55.258740,hard
10:38:56.467953,release
10:38:57.121381,soft
10:38:57.401432,release
10:39:04.574076,soft
10:39:04.671439,medium
10:39:04.759205,hard
10:39:06.621658,release
10:39:07.929011,medium
10:39:08.212174,hard
10:39:09.792398,release
10:39:10.721052,soft
10:39:10.825660,medium
10:39:10.994336,hard
10:39:12.036633,release
10:39:12.493048,soft
10:39:12.770086,medium
10:39:13.237253,hard
10:39:14.080223,release
10:39:15.288285,soft
10:39:15.387997,release
10:39:17.243534,medium
10:39:17.429518,hard
10:39:18.084666,release
10:39:18.359448,soft
10:39:18.454387,medium
10:39:18.827215,release
10:39:19.662275,medium
10:39:19.756920,hard
10:39:20.318969,release
10:39:20.878013,medium
10:39:21.159539,hard
10:39:21.807736,release
10:39:22.088868,soft
10:39:22.192045,medium
10:39:22.296675,hard
10:39:22.554247,release
10:39:25.999126,medium
10:39:26.186487,hard
10:39:26.466101,release
10:39:26.867437,soft
10:39:26.933203,medium
10:39:27.214638,hard
10:39:27.583229,release
10:39:27.960883,soft
10:39:28.046418,medium
10:39:28.235893,hard
10:39:28.513952,release
10:39:30.195711,medium
10:39:30.375909,hard
10:39:30.660335,release
10:39:33.917245,soft
10:39:34.018491,medium
10:39:34.199738,hard
10:39:34.755533,release
10:39:37.832747,medium
10:39:38.015984,hard
10:39:38.482710,release
10:39:39.228343,soft
10:39:39.317624,medium
10:39:39.508805,hard
10:39:40.441098,release
10:39:45.653513,medium
10:39:45.839781,hard
10:39:46.493027,release
10:39:56.553494,medium
10:39:56.664493,hard
10:39:58.510993,release
10:39:58.601113,hard
10:39:58.797614,release
10:40:03.356869,medium
10:40:03.546535,hard
10:40:04.007121,release
10:40:09.599300,medium
10:40:09.688464,hard
10:40:10.251242,release
10:40:12.676134,medium
10:40:12.764955,hard
10:40:13.143487,release
10:40:17.239927,medium
10:40:17.330875,hard
10:40:18.729619,release
10:40:19.659546,medium
10:40:19.752497,hard
10:40:20.964305,release
10:40:21.342995,soft
10:40:21.430433,medium
10:40:21.522615,hard
10:40:22.364043,release
10:40:23.852257,soft
10:40:23.952346,medium
10:40:24.037695,hard
10:40:24.503848,release
10:40:24.973516,medium
10:40:25.065840,hard
10:40:25.527147,release
10:40:25.812693,medium
10:40:25.900806,hard
10:40:26.184296,release
10:40:26.370340,medium
10:40:26.461636,hard
10:40:26.741077,release
10:40:27.021955,medium
10:40:27.113418,hard
10:40:27.392160,release
10:40:27.579874,medium
10:40:27.669960,hard
10:40:29.160180,release
10:40:38.383324,medium
10:40:38.572794,hard
10:40:39.782091,release
10:40:40.992481,medium
10:40:41.086195,hard
10:40:41.643234,release
10:40:51.518573,medium
10:40:51.712659,hard
10:40:52.177475,release
10:40:53.386756,medium
10:40:53.475900,hard
10:40:53.948681,release
10:40:54.594366,medium
10:40:54.691197,hard
10:40:55.062539,release
10:40:55.158834,medium
10:41:01.958716,release
10:41:02.056628,medium
10:41:02.143736,hard
10:41:02.517195,release
10:41:17.330092,medium
10:41:17.421114,hard
10:41:18.354597,release
10:41:19.939081,medium
10:41:20.125118,hard
10:41:20.681739,release
12:31:31.721247,soft
12:31:31.814919,medium
12:31:32.003320,hard
12:31:32.090792,release
12:31:45.881720,soft
12:31:47.282598,release
12:32:08.239133,soft
12:32:08.421621,medium
12:32:14.579152,release
12:33:51.746182,soft
12:33:52.950018,medium
12:33:53.788844,release
12:34:27.144992,soft
12:34:27.332786,medium
12:34:37.858788,hard
12:34:39.814568,release
12:34:44.660307,soft
12:34:52.950047,release
12:35:52.482112,soft
12:35:53.413788,medium
12:35:53.690225,release
12:35:54.809278,soft
12:35:55.931298,release
12:36:40.645595,soft
12:36:45.120325,medium
12:36:45.871806,release
12:36:46.702601,soft
12:36:50.724444,medium
12:36:53.876888,release
12:37:09.713779,soft
12:37:09.813217,medium
12:37:09.976483,hard
12:37:10.552115,release
12:38:01.605565,medium
12:38:01.794259,hard
12:38:04.866222,release
12:38:07.010367,medium
12:38:23.871395,release
12:39:30.203670,soft
12:39:53.680111,release
12:40:56.193198,soft
12:41:27.775710,release
12:42:01.313859,medium
12:42:01.406740,hard
12:42:14.358594,release
12:42:16.591010,medium
12:42:18.365303,release
12:43:33.917775,soft
12:44:16.211997,release
12:45:18.911360,soft
12:45:21.426789,release
12:45:26.833686,soft
12:45:40.713228,release
12:47:12.957855,soft
12:47:19.374844,release
12:47:45.269739,soft
12:47:45.463642,medium
12:47:46.017148,hard
12:47:47.508099,release
12:47:48.996259,medium
12:47:51.793579,hard
12:47:52.409644,release
12:47:53.471402,soft
12:47:53.560431,medium
12:47:53.669186,hard
12:47:54.127243,release
12:47:54.867162,soft
12:47:54.962336,medium
12:47:55.144334,hard
12:47:55.519216,release
12:47:56.264068,soft
12:47:56.363350,medium
12:47:56.451481,hard
12:47:57.667464,release
12:47:58.619340,soft
12:47:58.909777,release
12:48:02.798321,soft
12:48:03.085181,release
12:48:20.764284,soft
12:48:20.863284,medium
12:48:21.695451,release
12:48:22.906621,soft
12:48:23.094725,medium
12:48:23.748427,release
12:48:28.128227,soft
12:48:30.080923,release
12:48:32.875699,soft
12:48:35.390785,release
12:48:36.234644,soft
12:48:36.320171,hard
12:48:37.254721,release
12:48:37.442559,soft
12:48:37.907016,release
12:48:51.136992,soft
12:48:51.225641,hard
12:48:51.886303,release
12:31:31.721247,soft
12:31:31.814919,medium
12:31:32.003320,hard
12:31:32.090792,release
12:31:45.881720,soft
12:31:47.282598,release
12:32:08.239133,soft
12:32:08.421621,medium
12:32:14.579152,release
12:33:51.746182,soft
12:33:52.950018,medium
12:33:53.788844,release
12:34:27.144992,soft
12:34:27.332786,medium
12:34:37.858788,hard
12:34:39.814568,release
12:34:44.660307,soft
12:34:52.950047,release
12:35:52.482112,soft
12:35:53.413788,medium
12:35:53.690225,release
12:35:54.809278,soft
12:35:55.931298,release
12:36:40.645595,soft
12:36:45.120325,medium
12:36:45.871806,release
12:36:46.702601,soft
12:36:50.724444,medium
12:36:53.876888,release
12:37:09.713779,soft
12:37:09.813217,medium
12:37:09.976483,hard
12:37:10.552115,release
12:38:01.605565,medium
12:38:01.794259,hard
12:38:04.866222,release
12:38:07.010367,medium
12:38:23.871395,release
12:39:30.203670,soft
12:39:53.680111,release
12:40:56.193198,soft
12:41:27.775710,release
12:42:01.313859,medium
12:42:01.406740,hard
12:42:14.358594,release
12:42:16.591010,medium
12:42:18.365303,release
12:43:33.917775,soft
12:44:16.211997,release
12:45:18.911360,soft
12:45:21.426789,release
12:45:26.833686,soft
12:45:40.713228,release
12:47:12.957855,soft
12:47:19.374844,release
12:47:45.269739,soft
12:47:45.463642,medium
12:47:46.017148,hard
12:47:47.508099,release
12:47:48.996259,medium
12:47:51.793579,hard
12:47:52.409644,release
12:47:53.471402,soft
12:47:53.560431,medium
12:47:53.669186,hard
12:47:54.127243,release
12:47:54.867162,soft
12:47:54.962336,medium
12:47:55.144334,hard
12:47:55.519216,release
12:47:56.264068,soft
12:47:56.363350,medium
12:47:56.451481,hard
12:47:57.667464,release
12:47:58.619340,soft
12:47:58.909777,release
12:48:02.798321,soft
12:48:03.085181,release
12:48:20.764284,soft
12:48:20.863284,medium
12:48:21.695451,release
12:48:22.906621,soft
12:48:23.094725,medium
12:48:23.748427,release
12:48:28.128227,soft
12:48:30.080923,release
12:48:32.875699,soft
12:48:35.390785,release
12:48:36.234644,soft
12:48:36.320171,hard
12:48:37.254721,release
12:48:37.442559,soft
12:48:37.907016,release
12:48:51.136992,soft
12:48:51.225641,hard
12:48:51.886303,release
18:23:17.197795,soft
18:23:17.289779,medium
18:23:17.391269,hard
18:23:18.314929,release
18:23:17.197795,soft
18:23:17.289779,medium
18:23:17.391269,hard
18:23:18.314929,release
15:30:25.665237,soft
15:30:26.130454,medium
15:30:26.516300,release
15:31:26.866238,soft
15:31:27.893087,release
15:32:04.033795,soft
15:32:05.522618,release
15:32:23.966189,soft
15:32:24.249118,medium
15:32:26.856587,release
15:32:36.725466,soft
15:32:36.831083,medium
15:32:37.008252,hard
15:32:38.214311,release
15:32:38.403466,medium
15:32:40.173577,release
15:33:15.396455,soft
15:33:15.606909,release
15:34:33.816387,soft
15:34:33.940695,medium
15:34:34.193803,hard
15:34:36.333784,release
15:34:41.082885,soft
15:34:41.271618,medium
15:34:42.031732,release
15:34:42.483705,soft
15:34:42.586351,release
15:34:42.763327,soft
15:34:43.133523,release
15:34:44.156657,soft
15:34:47.232079,release
15:34:51.328553,soft
15:34:51.611610,release
15:34:58.973666,soft
15:35:00.276592,release
15:35:12.667378,soft
15:35:12.785525,medium
15:35:13.038363,release
15:35:13.222721,soft
15:35:13.415087,medium
15:35:13.875853,release
15:35:13.969835,medium
15:35:14.154387,release
15:35:14.530976,soft
15:35:14.808289,release
15:35:16.675003,soft
15:35:18.261177,release
15:35:21.050811,soft
15:35:23.386144,release
15:35:23.852366,soft
15:35:24.587279,release
15:35:24.688488,soft
15:35:25.053045,release
15:35:26.171546,soft
15:35:26.455838,release
15:35:27.663679,soft
15:35:32.972329,release
15:35:34.196254,soft
15:35:34.650302,release
15:35:35.580937,soft
15:35:37.817490,release
15:35:38.938968,soft
15:35:39.307496,release
15:35:40.521764,soft
15:35:41.169750,release
15:36:13.409321,soft
15:36:14.988816,release
15:38:04.635457,soft
15:38:04.822701,medium
15:38:05.662252,release
15:38:05.838045,soft
15:38:05.849588,medium
15:38:07.337864,release
15:38:07.526732,soft
15:38:18.054208,release
15:38:18.611346,soft
15:38:18.798047,release
15:38:18.984547,soft
15:38:30.348764,release
15:38:31.473444,soft
15:38:32.308260,release
15:38:33.142877,soft
15:38:42.926117,release
15:40:14.226226,soft
15:40:14.779547,release
15:40:16.178482,soft
15:40:16.368039,release
15:40:18.133644,soft
15:40:20.926223,release
15:42:13.742878,soft
15:42:14.581945,release
15:42:52.498335,soft
15:42:55.010471,release
15:43:01.810012,soft
15:43:01.997075,medium
15:43:02.282964,release
15:43:08.518361,medium
15:43:08.616802,release
15:43:08.904696,soft
15:43:09.235854,release
15:43:09.242615,soft
15:43:09.391639,release
15:43:09.576323,medium
15:43:09.730216,release
15:43:09.826603,medium
15:43:09.921760,hard
15:43:11.688098,release
15:43:14.295028,soft
15:43:14.391408,medium
15:43:15.324460,release
15:43:16.210802,soft
15:43:16.237044,medium
15:43:17.376861,release
15:43:18.676413,medium
15:43:19.606407,release
15:43:19.896415,soft
15:43:20.444881,release
15:43:22.229273,soft
15:43:22.397989,release
15:43:29.855399,medium
15:43:30.614542,release
15:43:32.742880,medium
15:43:32.836794,hard
15:43:36.280383,release
15:43:37.961220,medium
15:43:38.429003,release
15:43:50.165113,soft
15:43:50.444890,medium
15:43:51.107404,release
15:43:54.544965,soft
15:43:54.730538,medium
15:43:55.099587,release
15:43:56.966265,soft
15:43:57.064394,medium
15:43:57.521057,release
15:43:57.988325,soft
15:43:58.082024,medium
15:43:58.549735,release
15:44:00.506386,soft
15:44:00.692588,medium
15:44:00.975182,hard
15:44:01.069515,release
15:44:13.097020,soft
15:44:13.294913,medium
15:44:13.564927,release
15:44:14.665693,soft
15:44:14.854903,medium
15:44:15.503361,hard
15:44:15.690678,release
15:44:19.879536,soft
15:44:20.162063,release
15:44:20.445481,soft
15:44:20.814581,release
15:44:43.545563,medium
15:44:44.384296,hard
15:44:44.481364,release
15:44:45.780884,soft
15:44:46.616392,release
15:44:46.990409,soft
15:44:48.765073,release
15:44:50.535042,soft
15:44:50.624123,medium
15:44:52.396022,hard
15:44:53.154950,release
15:44:55.005653,soft
15:44:55.096896,medium
15:44:55.562226,hard
15:44:56.680466,release
15:44:58.359799,soft
15:44:58.729739,medium
15:45:00.801764,release
15:45:05.906245,soft
15:45:06.088209,medium
15:45:08.977834,hard
15:45:09.351214,release
15:45:10.934223,medium
15:45:14.479191,release
15:30:25.665237,soft
15:30:26.130454,medium
15:30:26.516300,release
15:31:26.866238,soft
15:31:27.893087,release
15:32:04.033795,soft
15:32:05.522618,release
15:32:23.966189,soft
15:32:24.249118,medium
15:32:26.856587,release
15:32:36.725466,soft
15:32:36.831083,medium
15:32:37.008252,hard
15:32:38.214311,release
15:32:38.403466,medium
15:32:40.173577,release
15:33:15.396455,soft
15:33:15.606909,release
15:34:33.816387,soft
15:34:33.940695,medium
15:34:34.193803,hard
15:34:36.333784,release
15:34:41.082885,soft
15:34:41.271618,medium
15:34:42.031732,release
15:34:42.483705,soft
15:34:42.586351,release
15:34:42.763327,soft
15:34:43.133523,release
15:34:44.156657,soft
15:34:47.232079,release
15:34:51.328553,soft
15:34:51.611610,release
15:34:58.973666,soft
15:35:00.276592,release
15:35:12.667378,soft
15:35:12.785525,medium
15:35:13.038363,release
15:35:13.222721,soft
15:35:13.415087,medium
15:35:13.875853,release
15:35:13.969835,medium
15:35:14.154387,release
15:35:14.530976,soft
15:35:14.808289,release
15:35:16.675003,soft
15:35:18.261177,release
15:35:21.050811,soft
15:35:23.386144,release
15:35:23.852366,soft
15:35:24.587279,release
15:35:24.688488,soft
15:35:25.053045,release
15:35:26.171546,soft
15:35:26.455838,release
15:35:27.663679,soft
15:35:32.972329,release
15:35:34.196254,soft
15:35:34.650302,release
15:35:35.580937,soft
15:35:37.817490,release
15:35:38.938968,soft
15:35:39.307496,release
15:35:40.521764,soft
15:35:41.169750,release
15:36:13.409321,soft
15:36:14.988816,release
15:38:04.635457,soft
15:38:04.822701,medium
15:38:05.662252,release
15:38:05.838045,soft
15:38:05.849588,medium
15:38:07.337864,release
15:38:07.526732,soft
15:38:18.054208,release
15:38:18.611346,soft
15:38:18.798047,release
15:38:18.984547,soft
15:38:30.348764,release
15:38:31.473444,soft
15:38:32.308260,release
15:38:33.142877,soft
15:38:42.926117,release
15:40:14.226226,soft
15:40:14.779547,release
15:40:16.178482,soft
15:40:16.368039,release
15:40:18.133644,soft
15:40:20.926223,release
15:42:13.742878,soft
15:42:14.581945,release
15:42:52.498335,soft
15:42:55.010471,release
15:43:01.810012,soft
15:43:01.997075,medium
15:43:02.282964,release
15:43:08.518361,medium
15:43:08.616802,release
15:43:08.904696,soft
15:43:09.235854,release
15:43:09.242615,soft
15:43:09.391639,release
15:43:09.576323,medium
15:43:09.730216,release
15:43:09.826603,medium
15:43:09.921760,hard
15:43:11.688098,release
15:43:14.295028,soft
15:43:14.391408,medium
15:43:15.324460,release
15:43:16.210802,soft
15:43:16.237044,medium
15:43:17.376861,release
15:43:18.676413,medium
15:43:19.606407,release
15:43:19.896415,soft
15:43:20.444881,release
15:43:22.229273,soft
15:43:22.397989,release
15:43:29.855399,medium
15:43:30.614542,release
15:43:32.742880,medium
15:43:32.836794,hard
15:43:36.280383,release
15:43:37.961220,medium
15:43:38.429003,release
15:43:50.165113,soft
15:43:50.444890,medium
15:43:51.107404,release
15:43:54.544965,soft
15:43:54.730538,medium
15:43:55.099587,release
15:43:56.966265,soft
15:43:57.064394,medium
15:43:57.521057,release
15:43:57.988325,soft
15:43:58.082024,medium
15:43:58.549735,release
15:44:00.506386,soft
15:44:00.692588,medium
15:44:00.975182,hard
15:44:01.069515,release
15:44:13.097020,soft
15:44:13.294913,medium
15:44:13.564927,release
15:44:14.665693,soft
15:44:14.854903,medium
15:44:15.503361,hard
15:44:15.690678,release
15:44:19.879536,soft
15:44:20.162063,release
15:44:20.445481,soft
15:44:20.814581,release
15:44:43.545563,medium
15:44:44.384296,hard
15:44:44.481364,release
15:44:45.780884,soft
15:44:46.616392,release
15:44:46.990409,soft
15:44:48.765073,release
15:44:50.535042,soft
15:44:50.624123,medium
15:44:52.396022,hard
15:44:53.154950,release
15:44:55.005653,soft
15:44:55.096896,medium
15:44:55.562226,hard
15:44:56.680466,release
15:44:58.359799,soft
15:44:58.729739,medium
15:45:00.801764,release
15:45:05.906245,soft
15:45:06.088209,medium
15:45:08.977834,hard
15:45:09.351214,release
15:45:10.934223,medium
15:45:14.479191,release
