12:28:40,34.39
12:28:40.250000,34.39
12:28:40.500000,34.39
12:28:40.750000,34.39
12:28:41,34.39
12:28:41.250000,34.39
12:28:41.500000,34.39
12:28:41.750000,34.39
12:28:42,34.39
12:28:42.250000,34.39
12:28:42.500000,34.39
12:28:42.750000,34.39
12:28:43,34.41
12:28:43.250000,34.41
12:28:43.500000,34.41
12:28:43.750000,34.41
12:28:44,34.41
12:28:44.250000,34.41
12:28:44.500000,34.41
12:28:44.750000,34.41
12:28:45,34.39
12:28:45.250000,34.39
12:28:45.500000,34.39
12:28:45.750000,34.39
12:28:46,34.39
12:28:46.250000,34.39
12:28:46.500000,34.39
12:28:46.750000,34.39
12:28:47,34.39
12:28:47.250000,34.39
12:28:47.500000,34.39
12:28:47.750000,34.39
12:28:48,34.37
12:28:48.250000,34.37
12:28:48.500000,34.37
12:28:48.750000,34.37
12:28:49,34.34
12:28:49.250000,34.34
12:28:49.500000,34.34
12:28:49.750000,34.34
12:28:50,34.37
12:28:50.250000,34.37
12:28:50.500000,34.37
12:28:50.750000,34.37
12:28:51,34.34
12:28:51.250000,34.34
12:28:51.500000,34.34
12:28:51.750000,34.34
12:28:52,34.34
12:28:52.250000,34.34
12:28:52.500000,34.34
12:28:52.750000,34.34
12:28:53,34.31
12:28:53.250000,34.31
12:28:53.500000,34.31
12:28:53.750000,34.31
12:28:54,34.31
12:28:54.250000,34.31
12:28:54.500000,34.31
12:28:54.750000,34.31
12:28:55,34.33
12:28:55.250000,34.33
12:28:55.500000,34.33
12:28:55.750000,34.33
12:28:56,34.33
12:28:56.250000,34.33
12:28:56.500000,34.33
12:28:56.750000,34.33
12:28:57,34.33
12:28:57.250000,34.33
12:28:57.500000,34.33
12:28:57.750000,34.33
12:28:58,34.33
12:28:58.250000,34.33
12:28:58.500000,34.33
12:28:58.750000,34.33
12:28:59,34.33
12:28:59.250000,34.33
12:28:59.500000,34.33
12:28:59.750000,34.33
12:29:00,34.33
12:29:00.250000,34.33
12:29:00.500000,34.33
12:29:00.750000,34.33
12:29:01,34.33
12:29:01.250000,34.33
12:29:01.500000,34.33
12:29:01.750000,34.33
12:29:02,34.31
12:29:02.250000,34.31
12:29:02.500000,34.31
12:29:02.750000,34.31
12:29:03,34.31
12:29:03.250000,34.31
12:29:03.500000,34.31
12:29:03.750000,34.31
12:29:04,34.31
12:29:04.250000,34.31
12:29:04.500000,34.31
12:29:04.750000,34.31
12:29:05,34.33
12:29:05.250000,34.33
12:29:05.500000,34.33
12:29:05.750000,34.33
12:29:06,34.33
12:29:06.250000,34.33
12:29:06.500000,34.33
12:29:06.750000,34.33
12:29:07,34.33
12:29:07.250000,34.33
12:29:07.500000,34.33
12:29:07.750000,34.33
12:29:08,34.31
12:29:08.250000,34.31
12:29:08.500000,34.31
12:29:08.750000,34.31
12:29:09,34.29
12:29:09.250000,34.29
12:29:09.500000,34.29
12:29:09.750000,34.29
12:29:10,34.25
12:29:10.250000,34.25
12:29:10.500000,34.25
12:29:10.750000,34.25
12:29:11,34.23
12:29:11.250000,34.23
12:29:11.500000,34.23
12:29:11.750000,34.23
12:29:12,34.25
12:29:12.250000,34.25
12:29:12.500000,34.25
12:29:12.750000,34.25
12:29:13,34.25
12:29:13.250000,34.25
12:29:13.500000,34.25
12:29:13.750000,34.25
12:29:14,34.25
12:29:14.250000,34.25
12:29:14.500000,34.25
12:29:14.750000,34.25
12:29:15,34.25
12:29:15.250000,34.25
12:29:15.500000,34.25
12:29:15.750000,34.25
12:29:16,34.23
12:29:16.250000,34.23
12:29:16.500000,34.23
12:29:16.750000,34.23
12:29:17,34.27
12:29:17.250000,34.27
12:29:17.500000,34.27
12:29:17.750000,34.27
12:29:18,34.29
12:29:18.250000,34.29
12:29:18.500000,34.29
12:29:18.750000,34.29
12:29:19,34.29
12:29:19.250000,34.29
12:29:19.500000,34.29
12:29:19.750000,34.29
12:29:20,34.27
12:29:20.250000,34.27
12:29:20.500000,34.27
12:29:20.750000,34.27
12:29:21,34.29
12:29:21.250000,34.29
12:29:21.500000,34.29
12:29:21.750000,34.29
12:29:22,34.27
12:29:22.250000,34.27
12:29:22.500000,34.27
12:29:22.750000,34.27
12:29:23,34.27
12:29:23.250000,34.27
12:29:23.500000,34.27
12:29:23.750000,34.27
12:29:24,34.27
12:29:24.250000,34.27
12:29:24.500000,34.27
12:29:24.750000,34.27
12:29:25,34.25
12:29:25.250000,34.25
12:29:25.500000,34.25
12:29:25.750000,34.25
12:29:26,34.27
12:29:26.250000,34.27
12:29:26.500000,34.27
12:29:26.750000,34.27
12:29:27,34.29
12:29:27.250000,34.29
12:29:27.500000,34.29
12:29:27.750000,34.29
12:29:28,34.31
12:29:28.250000,34.31
12:29:28.500000,34.31
12:29:28.750000,34.31
12:29:29,34.31
12:29:29.250000,34.31
12:29:29.500000,34.31
12:29:29.750000,34.31
12:29:30,34.31
12:29:30.250000,34.31
12:29:30.500000,34.31
12:29:30.750000,34.31
12:29:31,34.31
12:29:31.250000,34.31
12:29:31.500000,34.31
12:29:31.750000,34.31
12:29:32,34.31
12:29:32.250000,34.31
12:29:32.500000,34.31
12:29:32.750000,34.31
12:29:33,34.29
12:29:33.250000,34.29
12:29:33.500000,34.29
12:29:33.750000,34.29
12:29:34,34.27
12:29:34.250000,34.27
12:29:34.500000,34.27
12:29:34.750000,34.27
12:29:35,34.29
12:29:35.250000,34.29
12:29:35.500000,34.29
12:29:35.750000,34.29
12:29:36,34.29
12:29:36.250000,34.29
12:29:36.500000,34.29
12:29:36.750000,34.29
12:29:37,34.27
12:29:37.250000,34.27
12:29:37.500000,34.27
12:29:37.750000,34.27
12:29:38,34.27
12:29:38.250000,34.27
12:29:38.500000,34.27
12:29:38.750000,34.27
12:29:39,34.27
12:29:39.250000,34.27
12:29:39.500000,34.27
12:29:39.750000,34.27
12:29:40,34.29
12:29:40.250000,34.29
12:29:40.500000,34.29
12:29:40.750000,34.29
12:29:41,34.29
12:29:41.250000,34.29
12:29:41.500000,34.29
12:29:41.750000,34.29
12:29:42,34.31
12:29:42.250000,34.31
12:29:42.500000,34.31
12:29:42.750000,34.31
12:29:43,34.29
12:29:43.250000,34.29
12:29:43.500000,34.29
12:29:43.750000,34.29
12:29:44,34.31
12:29:44.250000,34.31
12:29:44.500000,34.31
12:29:44.750000,34.31
12:29:45,34.29
12:29:45.250000,34.29
12:29:45.500000,34.29
12:29:45.750000,34.29
12:29:46,34.29
12:29:46.250000,34.29
12:29:46.500000,34.29
12:29:46.750000,34.29
12:29:47,34.31
12:29:47.250000,34.31
12:29:47.500000,34.31
12:29:47.750000,34.31
12:29:48,34.33
12:29:48.250000,34.33
12:29:48.500000,34.33
12:29:48.750000,34.33
12:29:49,34.31
12:29:49.250000,34.31
12:29:49.500000,34.31
12:29:49.750000,34.31
12:29:50,34.31
12:29:50.250000,34.31
12:29:50.500000,34.31
12:29:50.750000,34.31
12:29:51,34.29
12:29:51.250000,34.29
12:29:51.500000,34.29
12:29:51.750000,34.29
12:29:52,34.29
12:29:52.250000,34.29
12:29:52.500000,34.29
12:29:52.750000,34.29
12:29:53,34.33
12:29:53.250000,34.33
12:29:53.500000,34.33
12:29:53.750000,34.33
12:29:54,34.31
12:29:54.250000,34.31
12:29:54.500000,34.31
12:29:54.750000,34.31
12:29:55,34.33
12:29:55.250000,34.33
12:29:55.500000,34.33
12:29:55.750000,34.33
12:29:56,34.33
12:29:56.250000,34.33
12:29:56.500000,34.33
12:29:56.750000,34.33
12:29:57,34.33
12:29:57.250000,34.33
12:29:57.500000,34.33
12:29:57.750000,34.33
12:29:58,34.33
12:29:58.250000,34.33
12:29:58.500000,34.33
12:29:58.750000,34.33
12:29:59,34.33
12:29:59.250000,34.33
12:29:59.500000,34.33
12:29:59.750000,34.33
12:30:00,34.29
12:30:00.250000,34.29
12:30:00.500000,34.29
12:30:00.750000,34.29
12:30:01,34.31
12:30:01.250000,34.31
12:30:01.500000,34.31
12:30:01.750000,34.31
12:30:02,34.31
12:30:02.250000,34.31
12:30:02.500000,34.31
12:30:02.750000,34.31
12:30:03,34.29
12:30:03.250000,34.29
12:30:03.500000,34.29
12:30:03.750000,34.29
12:30:04,34.31
12:30:04.250000,34.31
12:30:04.500000,34.31
12:30:04.750000,34.31
12:30:05,34.29
12:30:05.250000,34.29
12:30:05.500000,34.29
12:30:05.750000,34.29
12:30:06,34.33
12:30:06.250000,34.33
12:30:06.500000,34.33
12:30:06.750000,34.33
12:30:07,34.29
12:30:07.250000,34.29
12:30:07.500000,34.29
12:30:07.750000,34.29
12:30:08,34.29
12:30:08.250000,34.29
12:30:08.500000,34.29
12:30:08.750000,34.29
12:30:09,34.29
12:30:09.250000,34.29
12:30:09.500000,34.29
12:30:09.750000,34.29
12:30:10,34.31
12:30:10.250000,34.31
12:30:10.500000,34.31
12:30:10.750000,34.31
12:30:11,34.31
12:30:11.250000,34.31
12:30:11.500000,34.31
12:30:11.750000,34.31
12:30:12,34.31
12:30:12.250000,34.31
12:30:12.500000,34.31
12:30:12.750000,34.31
12:30:13,34.31
12:30:13.250000,34.31
12:30:13.500000,34.31
12:30:13.750000,34.31
12:30:14,34.29
12:30:14.250000,34.29
12:30:14.500000,34.29
12:30:14.750000,34.29
12:30:15,34.29
12:30:15.250000,34.29
12:30:15.500000,34.29
12:30:15.750000,34.29
12:30:16,34.31
12:30:16.250000,34.31
12:30:16.500000,34.31
12:30:16.750000,34.31
12:30:17,34.27
12:30:17.250000,34.27
12:30:17.500000,34.27
12:30:17.750000,34.27
12:30:18,34.27
12:30:18.250000,34.27
12:30:18.500000,34.27
12:30:18.750000,34.27
12:30:19,34.31
12:30:19.250000,34.31
12:30:19.500000,34.31
12:30:19.750000,34.31
12:30:20,34.31
12:30:20.250000,34.31
12:30:20.500000,34.31
12:30:20.750000,34.31
12:30:21,34.27
12:30:21.250000,34.27
12:30:21.500000,34.27
12:30:21.750000,34.27
12:30:22,34.31
12:30:22.250000,34.31
12:30:22.500000,34.31
12:30:22.750000,34.31
12:30:23,34.29
12:30:23.250000,34.29
12:30:23.500000,34.29
12:30:23.750000,34.29
12:30:24,34.31
12:30:24.250000,34.31
12:30:24.500000,34.31
12:30:24.750000,34.31
12:30:25,34.29
12:30:25.250000,34.29
12:30:25.500000,34.29
12:30:25.750000,34.29
12:30:26,34.31
12:30:26.250000,34.31
12:30:26.500000,34.31
12:30:26.750000,34.31
12:30:27,34.31
12:30:27.250000,34.31
12:30:27.500000,34.31
12:30:27.750000,34.31
12:30:28,34.29
12:30:28.250000,34.29
12:30:28.500000,34.29
12:30:28.750000,34.29
12:30:29,34.29
12:30:29.250000,34.29
12:30:29.500000,34.29
12:30:29.750000,34.29
12:30:30,34.29
12:30:30.250000,34.29
12:30:30.500000,34.29
12:30:30.750000,34.29
12:30:31,34.27
12:30:31.250000,34.27
12:30:31.500000,34.27
12:30:31.750000,34.27
12:30:32,34.29
12:30:32.250000,34.29
12:30:32.500000,34.29
12:30:32.750000,34.29
12:30:33,34.31
12:30:33.250000,34.31
12:30:33.500000,34.31
12:30:33.750000,34.31
12:30:34,34.29
12:30:34.250000,34.29
12:30:34.500000,34.29
12:30:34.750000,34.29
12:30:35,34.27
12:30:35.250000,34.27
12:30:35.500000,34.27
12:30:35.750000,34.27
12:30:36,34.29
12:30:36.250000,34.29
12:30:36.500000,34.29
12:30:36.750000,34.29
12:30:37,34.29
12:30:37.250000,34.29
12:30:37.500000,34.29
12:30:37.750000,34.29
12:30:38,34.31
12:30:38.250000,34.31
12:30:38.500000,34.31
12:30:38.750000,34.31
12:30:39,34.27
12:30:39.250000,34.27
12:30:39.500000,34.27
12:30:39.750000,34.27
12:30:40,34.29
12:30:40.250000,34.29
12:30:40.500000,34.29
12:30:40.750000,34.29
12:30:41,34.27
12:30:41.250000,34.27
12:30:41.500000,34.27
12:30:41.750000,34.27
12:30:42,34.27
12:30:42.250000,34.27
12:30:42.500000,34.27
12:30:42.750000,34.27
12:30:43,34.31
12:30:43.250000,34.31
12:30:43.500000,34.31
12:30:43.750000,34.31
12:30:44,34.29
12:30:44.250000,34.29
12:30:44.500000,34.29
12:30:44.750000,34.29
12:30:45,34.29
12:30:45.250000,34.29
12:30:45.500000,34.29
12:30:45.750000,34.29
12:30:46,34.31
12:30:46.250000,34.31
12:30:46.500000,34.31
12:30:46.750000,34.31
12:30:47,34.27
12:30:47.250000,34.27
12:30:47.500000,34.27
12:30:47.750000,34.27
12:30:48,34.27
12:30:48.250000,34.27
12:30:48.500000,34.27
12:30:48.750000,34.27
12:30:49,34.29
12:30:49.250000,34.29
12:30:49.500000,34.29
12:30:49.750000,34.29
12:30:50,34.29
12:30:50.250000,34.29
12:30:50.500000,34.29
12:30:50.750000,34.29
12:30:51,34.25
12:30:51.250000,34.25
12:30:51.500000,34.25
12:30:51.750000,34.25
12:30:52,34.25
12:30:52.250000,34.25
12:30:52.500000,34.25
12:30:52.750000,34.25
12:30:53,34.25
12:30:53.250000,34.25
12:30:53.500000,34.25
12:30:53.750000,34.25
12:30:54,34.27
12:30:54.250000,34.27
12:30:54.500000,34.27
12:30:54.750000,34.27
12:30:55,34.27
12:30:55.250000,34.27
12:30:55.500000,34.27
12:30:55.750000,34.27
12:30:56,34.25
12:30:56.250000,34.25
12:30:56.500000,34.25
12:30:56.750000,34.25
12:30:57,34.25
12:30:57.250000,34.25
12:30:57.500000,34.25
12:30:57.750000,34.25
12:30:58,34.27
12:30:58.250000,34.27
12:30:58.500000,34.27
12:30:58.750000,34.27
12:30:59,34.29
12:30:59.250000,34.29
12:30:59.500000,34.29
12:30:59.750000,34.29
12:31:00,34.29
12:31:00.250000,34.29
12:31:00.500000,34.29
12:31:00.750000,34.29
12:31:01,34.27
12:31:01.250000,34.27
12:31:01.500000,34.27
12:31:01.750000,34.27
12:31:02,34.25
12:31:02.250000,34.25
12:31:02.500000,34.25
12:31:02.750000,34.25
12:31:03,34.27
12:31:03.250000,34.27
12:31:03.500000,34.27
12:31:03.750000,34.27
12:31:04,34.23
12:31:04.250000,34.23
12:31:04.500000,34.23
12:31:04.750000,34.23
12:31:05,34.25
12:31:05.250000,34.25
12:31:05.500000,34.25
12:31:05.750000,34.25
12:31:06,34.23
12:31:06.250000,34.23
12:31:06.500000,34.23
12:31:06.750000,34.23
12:31:07,34.23
12:31:07.250000,34.23
12:31:07.500000,34.23
12:31:07.750000,34.23
12:31:08,34.23
12:31:08.250000,34.23
12:31:08.500000,34.23
12:31:08.750000,34.23
12:31:09,34.23
12:31:09.250000,34.23
12:31:09.500000,34.23
12:31:09.750000,34.23
12:31:10,34.23
12:31:10.250000,34.23
12:31:10.500000,34.23
12:31:10.750000,34.23
12:31:11,34.27
12:31:11.250000,34.27
12:31:11.500000,34.27
12:31:11.750000,34.27
12:31:12,34.25
12:31:12.250000,34.25
12:31:12.500000,34.25
12:31:12.750000,34.25
12:31:13,34.27
12:31:13.250000,34.27
12:31:13.500000,34.27
12:31:13.750000,34.27
12:31:14,34.23
12:31:14.250000,34.23
12:31:14.500000,34.23
12:31:14.750000,34.23
12:31:15,34.27
12:31:15.250000,34.27
12:31:15.500000,34.27
12:31:15.750000,34.27
12:31:16,34.25
12:31:16.250000,34.25
12:31:16.500000,34.25
12:31:16.750000,34.25
12:31:17,34.25
12:31:17.250000,34.25
12:31:17.500000,34.25
12:31:17.750000,34.25
12:31:18,34.23
12:31:18.250000,34.23
12:31:18.500000,34.23
12:31:18.750000,34.23
12:31:19,34.23
12:31:19.250000,34.23
12:31:19.500000,34.23
12:31:19.750000,34.23
12:31:20,34.25
12:31:20.250000,34.25
12:31:20.500000,34.25
12:31:20.750000,34.25
12:31:21,34.23
12:31:21.250000,34.23
12:31:21.500000,34.23
12:31:21.750000,34.23
12:31:22,34.23
12:31:22.250000,34.23
12:31:22.500000,34.23
12:31:22.750000,34.23
12:31:23,34.23
12:31:23.250000,34.23
12:31:23.500000,34.23
12:31:23.750000,34.23
12:31:24,34.23
12:31:24.250000,34.23
12:31:24.500000,34.23
12:31:24.750000,34.23
12:31:25,34.21
12:31:25.250000,34.21
12:31:25.500000,34.21
12:31:25.750000,34.21
12:31:26,34.25
12:31:26.250000,34.25
12:31:26.500000,34.25
12:31:26.750000,34.25
12:31:27,34.21
12:31:27.250000,34.21
12:31:27.500000,34.21
12:31:27.750000,34.21
12:31:28,34.23
12:31:28.250000,34.23
12:31:28.500000,34.23
12:31:28.750000,34.23
12:31:29,34.23
12:31:29.250000,34.23
12:31:29.500000,34.23
12:31:29.750000,34.23
12:31:30,34.25
12:31:30.250000,34.25
12:31:30.500000,34.25
12:31:30.750000,34.25
12:31:31,34.25
12:31:31.250000,34.25
12:31:31.500000,34.25
12:31:31.750000,34.25
12:31:32,34.21
12:31:32.250000,34.21
12:31:32.500000,34.21
12:31:32.750000,34.21
12:31:33,34.25
12:31:33.250000,34.25
12:31:33.500000,34.25
12:31:33.750000,34.25
12:31:34,34.23
12:31:34.250000,34.23
12:31:34.500000,34.23
12:31:34.750000,34.23
12:31:35,34.25
12:31:35.250000,34.25
12:31:35.500000,34.25
12:31:35.750000,34.25
12:31:36,34.23
12:31:36.250000,34.23
12:31:36.500000,34.23
12:31:36.750000,34.23
12:31:37,34.21
12:31:37.250000,34.21
12:31:37.500000,34.21
12:31:37.750000,34.21
12:31:38,34.21
12:31:38.250000,34.21
12:31:38.500000,34.21
12:31:38.750000,34.21
12:31:39,34.23
12:31:39.250000,34.23
12:31:39.500000,34.23
12:31:39.750000,34.23
12:31:40,34.21
12:31:40.250000,34.21
12:31:40.500000,34.21
12:31:40.750000,34.21
12:31:41,34.21
12:31:41.250000,34.21
12:31:41.500000,34.21
12:31:41.750000,34.21
12:31:42,34.21
12:31:42.250000,34.21
12:31:42.500000,34.21
12:31:42.750000,34.21
12:31:43,34.21
12:31:43.250000,34.21
12:31:43.500000,34.21
12:31:43.750000,34.21
12:31:44,34.21
12:31:44.250000,34.21
12:31:44.500000,34.21
12:31:44.750000,34.21
12:31:45,34.25
12:31:45.250000,34.25
12:31:45.500000,34.25
12:31:45.750000,34.25
12:31:46,34.25
12:31:46.250000,34.25
12:31:46.500000,34.25
12:31:46.750000,34.25
12:31:47,34.23
12:31:47.250000,34.23
12:31:47.500000,34.23
12:31:47.750000,34.23
12:31:48,34.25
12:31:48.250000,34.25
12:31:48.500000,34.25
12:31:48.750000,34.25
12:31:49,34.23
12:31:49.250000,34.23
12:31:49.500000,34.23
12:31:49.750000,34.23
12:31:50,34.25
12:31:50.250000,34.25
12:31:50.500000,34.25
12:31:50.750000,34.25
12:31:51,34.23
12:31:51.250000,34.23
12:31:51.500000,34.23
12:31:51.750000,34.23
12:31:52,34.18
12:31:52.250000,34.18
12:31:52.500000,34.18
12:31:52.750000,34.18
12:31:53,34.25
12:31:53.250000,34.25
12:31:53.500000,34.25
12:31:53.750000,34.25
12:31:54,34.29
12:31:54.250000,34.29
12:31:54.500000,34.29
12:31:54.750000,34.29
12:31:55,34.27
12:31:55.250000,34.27
12:31:55.500000,34.27
12:31:55.750000,34.27
12:31:56,34.25
12:31:56.250000,34.25
12:31:56.500000,34.25
12:31:56.750000,34.25
12:31:57,34.25
12:31:57.250000,34.25
12:31:57.500000,34.25
12:31:57.750000,34.25
12:31:58,34.25
12:31:58.250000,34.25
12:31:58.500000,34.25
12:31:58.750000,34.25
12:31:59,34.21
12:31:59.250000,34.21
12:31:59.500000,34.21
12:31:59.750000,34.21
12:32:00,34.21
12:32:00.250000,34.21
12:32:00.500000,34.21
12:32:00.750000,34.21
12:32:01,34.21
12:32:01.250000,34.21
12:32:01.500000,34.21
12:32:01.750000,34.21
12:32:02,34.25
12:32:02.250000,34.25
12:32:02.500000,34.25
12:32:02.750000,34.25
12:32:03,34.27
12:32:03.250000,34.27
12:32:03.500000,34.27
12:32:03.750000,34.27
12:32:04,34.25
12:32:04.250000,34.25
12:32:04.500000,34.25
12:32:04.750000,34.25
12:32:05,34.27
12:32:05.250000,34.27
12:32:05.500000,34.27
12:32:05.750000,34.27
12:32:06,34.23
12:32:06.250000,34.23
12:32:06.500000,34.23
12:32:06.750000,34.23
12:32:07,34.23
12:32:07.250000,34.23
12:32:07.500000,34.23
12:32:07.750000,34.23
12:32:08,34.21
12:32:08.250000,34.21
12:32:08.500000,34.21
12:32:08.750000,34.21
12:32:09,34.23
12:32:09.250000,34.23
12:32:09.500000,34.23
12:32:09.750000,34.23
12:32:10,34.18
12:32:10.250000,34.18
12:32:10.500000,34.18
12:32:10.750000,34.18
12:32:11,34.16
12:32:11.250000,34.16
12:32:11.500000,34.16
12:32:11.750000,34.16
12:32:12,34.18
12:32:12.250000,34.18
12:32:12.500000,34.18
12:32:12.750000,34.18
12:32:13,34.18
12:32:13.250000,34.18
12:32:13.500000,34.18
12:32:13.750000,34.18
12:32:14,34.21
12:32:14.250000,34.21
12:32:14.500000,34.21
12:32:14.750000,34.21
12:32:15,34.23
12:32:15.250000,34.23
12:32:15.500000,34.23
12:32:15.750000,34.23
12:32:16,34.21
12:32:16.250000,34.21
12:32:16.500000,34.21
12:32:16.750000,34.21
12:32:17,34.23
12:32:17.250000,34.23
12:32:17.500000,34.23
12:32:17.750000,34.23
12:32:18,34.25
12:32:18.250000,34.25
12:32:18.500000,34.25
12:32:18.750000,34.25
12:32:19,34.25
12:32:19.250000,34.25
12:32:19.500000,34.25
12:32:19.750000,34.25
12:32:20,34.21
12:32:20.250000,34.21
12:32:20.500000,34.21
12:32:20.750000,34.21
12:32:21,34.21
12:32:21.250000,34.21
12:32:21.500000,34.21
12:32:21.750000,34.21
12:32:22,34.21
12:32:22.250000,34.21
12:32:22.500000,34.21
12:32:22.750000,34.21
12:32:23,34.23
12:32:23.250000,34.23
12:32:23.500000,34.23
12:32:23.750000,34.23
12:32:24,34.21
12:32:24.250000,34.21
12:32:24.500000,34.21
12:32:24.750000,34.21
12:32:25,34.23
12:32:25.250000,34.23
12:32:25.500000,34.23
12:32:25.750000,34.23
12:32:26,34.23
12:32:26.250000,34.23
12:32:26.500000,34.23
12:32:26.750000,34.23
12:32:27,34.21
12:32:27.250000,34.21
12:32:27.500000,34.21
12:32:27.750000,34.21
12:32:28,34.23
12:32:28.250000,34.23
12:32:28.500000,34.23
12:32:28.750000,34.23
12:32:29,34.23
12:32:29.250000,34.23
12:32:29.500000,34.23
12:32:29.750000,34.23
12:32:30,34.21
12:32:30.250000,34.21
12:32:30.500000,34.21
12:32:30.750000,34.21
12:32:31,34.21
12:32:31.250000,34.21
12:32:31.500000,34.21
12:32:31.750000,34.21
12:32:32,34.25
12:32:32.250000,34.25
12:32:32.500000,34.25
12:32:32.750000,34.25
12:32:33,34.27
12:32:33.250000,34.27
12:32:33.500000,34.27
12:32:33.750000,34.27
12:32:34,34.27
12:32:34.250000,34.27
12:32:34.500000,34.27
12:32:34.750000,34.27
12:32:35,34.25
12:32:35.250000,34.25
12:32:35.500000,34.25
12:32:35.750000,34.25
12:32:36,34.29
12:32:36.250000,34.29
12:32:36.500000,34.29
12:32:36.750000,34.29
12:32:37,34.31
12:32:37.250000,34.31
12:32:37.500000,34.31
12:32:37.750000,34.31
12:32:38,34.27
12:32:38.250000,34.27
12:32:38.500000,34.27
12:32:38.750000,34.27
12:32:39,34.29
12:32:39.250000,34.29
12:32:39.500000,34.29
12:32:39.750000,34.29
12:32:40,34.29
12:32:40.250000,34.29
12:32:40.500000,34.29
12:32:40.750000,34.29
12:32:41,34.31
12:32:41.250000,34.31
12:32:41.500000,34.31
12:32:41.750000,34.31
12:32:42,34.31
12:32:42.250000,34.31
12:32:42.500000,34.31
12:32:42.750000,34.31
12:32:43,34.27
12:32:43.250000,34.27
12:32:43.500000,34.27
12:32:43.750000,34.27
12:32:44,34.31
12:32:44.250000,34.31
12:32:44.500000,34.31
12:32:44.750000,34.31
12:32:45,34.29
12:32:45.250000,34.29
12:32:45.500000,34.29
12:32:45.750000,34.29
12:32:46,34.27
12:32:46.250000,34.27
12:32:46.500000,34.27
12:32:46.750000,34.27
12:32:47,34.31
12:32:47.250000,34.31
12:32:47.500000,34.31
12:32:47.750000,34.31
12:32:48,34.31
12:32:48.250000,34.31
12:32:48.500000,34.31
12:32:48.750000,34.31
12:32:49,34.31
12:32:49.250000,34.31
12:32:49.500000,34.31
12:32:49.750000,34.31
12:32:50,34.29
12:32:50.250000,34.29
12:32:50.500000,34.29
12:32:50.750000,34.29
12:32:51,34.31
12:32:51.250000,34.31
12:32:51.500000,34.31
12:32:51.750000,34.31
12:32:52,34.29
12:32:52.250000,34.29
12:32:52.500000,34.29
12:32:52.750000,34.29
12:32:53,34.29
12:32:53.250000,34.29
12:32:53.500000,34.29
12:32:53.750000,34.29
12:32:54,34.29
12:32:54.250000,34.29
12:32:54.500000,34.29
12:32:54.750000,34.29
12:32:55,34.27
12:32:55.250000,34.27
12:32:55.500000,34.27
12:32:55.750000,34.27
12:32:56,34.27
12:32:56.250000,34.27
12:32:56.500000,34.27
12:32:56.750000,34.27
12:32:57,34.25
12:32:57.250000,34.25
12:32:57.500000,34.25
12:32:57.750000,34.25
12:32:58,34.23
12:32:58.250000,34.23
12:32:58.500000,34.23
12:32:58.750000,34.23
12:32:59,34.25
12:32:59.250000,34.25
12:32:59.500000,34.25
12:32:59.750000,34.25
12:33:00,34.29
12:33:00.250000,34.29
12:33:00.500000,34.29
12:33:00.750000,34.29
12:33:01,34.27
12:33:01.250000,34.27
12:33:01.500000,34.27
12:33:01.750000,34.27
12:33:02,34.29
12:33:02.250000,34.29
12:33:02.500000,34.29
12:33:02.750000,34.29
12:33:03,34.27
12:33:03.250000,34.27
12:33:03.500000,34.27
12:33:03.750000,34.27
12:33:04,34.25
12:33:04.250000,34.25
12:33:04.500000,34.25
12:33:04.750000,34.25
12:33:05,34.25
12:33:05.250000,34.25
12:33:05.500000,34.25
12:33:05.750000,34.25
12:33:06,34.27
12:33:06.250000,34.27
12:33:06.500000,34.27
12:33:06.750000,34.27
12:33:07,34.25
12:33:07.250000,34.25
12:33:07.500000,34.25
12:33:07.750000,34.25
12:33:08,34.23
12:33:08.250000,34.23
12:33:08.500000,34.23
12:33:08.750000,34.23
12:33:09,34.25
12:33:09.250000,34.25
12:33:09.500000,34.25
12:33:09.750000,34.25
12:33:10,34.27
12:33:10.250000,34.27
12:33:10.500000,34.27
12:33:10.750000,34.27
12:33:11,34.25
12:33:11.250000,34.25
12:33:11.500000,34.25
12:33:11.750000,34.25
12:33:12,34.31
12:33:12.250000,34.31
12:33:12.500000,34.31
12:33:12.750000,34.31
12:33:13,34.27
12:33:13.250000,34.27
12:33:13.500000,34.27
12:33:13.750000,34.27
12:33:14,34.25
12:33:14.250000,34.25
12:33:14.500000,34.25
12:33:14.750000,34.25
12:33:15,34.23
12:33:15.250000,34.23
12:33:15.500000,34.23
12:33:15.750000,34.23
12:33:16,34.21
12:33:16.250000,34.21
12:33:16.500000,34.21
12:33:16.750000,34.21
12:33:17,34.18
12:33:17.250000,34.18
12:33:17.500000,34.18
12:33:17.750000,34.18
12:33:18,34.18
12:33:18.250000,34.18
12:33:18.500000,34.18
12:33:18.750000,34.18
12:33:19,34.18
12:33:19.250000,34.18
12:33:19.500000,34.18
12:33:19.750000,34.18
12:33:20,34.21
12:33:20.250000,34.21
12:33:20.500000,34.21
12:33:20.750000,34.21
12:33:21,34.21
12:33:21.250000,34.21
12:33:21.500000,34.21
12:33:21.750000,34.21
12:33:22,34.21
12:33:22.250000,34.21
12:33:22.500000,34.21
12:33:22.750000,34.21
12:33:23,34.21
12:33:23.250000,34.21
12:33:23.500000,34.21
12:33:23.750000,34.21
12:33:24,34.21
12:33:24.250000,34.21
12:33:24.500000,34.21
12:33:24.750000,34.21
12:33:25,34.16
12:33:25.250000,34.16
12:33:25.500000,34.16
12:33:25.750000,34.16
12:33:26,34.15
12:33:26.250000,34.15
12:33:26.500000,34.15
12:33:26.750000,34.15
12:33:27,34.15
12:33:27.250000,34.15
12:33:27.500000,34.15
12:33:27.750000,34.15
12:33:28,34.15
12:33:28.250000,34.15
12:33:28.500000,34.15
12:33:28.750000,34.15
12:33:29,34.11
12:33:29.250000,34.11
12:33:29.500000,34.11
12:33:29.750000,34.11
12:33:30,34.13
12:33:30.250000,34.13
12:33:30.500000,34.13
12:33:30.750000,34.13
12:33:31,34.15
12:33:31.250000,34.15
12:33:31.500000,34.15
12:33:31.750000,34.15
12:33:32,34.11
12:33:32.250000,34.11
12:33:32.500000,34.11
12:33:32.750000,34.11
12:33:33,34.15
12:33:33.250000,34.15
12:33:33.500000,34.15
12:33:33.750000,34.15
12:33:34,34.11
12:33:34.250000,34.11
12:33:34.500000,34.11
12:33:34.750000,34.11
12:33:35,34.07
12:33:35.250000,34.07
12:33:35.500000,34.07
12:33:35.750000,34.07
12:33:36,34.09
12:33:36.250000,34.09
12:33:36.500000,34.09
12:33:36.750000,34.09
12:33:37,34.11
12:33:37.250000,34.11
12:33:37.500000,34.11
12:33:37.750000,34.11
12:33:38,34.07
12:33:38.250000,34.07
12:33:38.500000,34.07
12:33:38.750000,34.07
12:33:39,34.05
12:33:39.250000,34.05
12:33:39.500000,34.05
12:33:39.750000,34.05
12:33:40,34.09
12:33:40.250000,34.09
12:33:40.500000,34.09
12:33:40.750000,34.09
12:33:41,34.07
12:33:41.250000,34.07
12:33:41.500000,34.07
12:33:41.750000,34.07
12:33:42,34.05
12:33:42.250000,34.05
12:33:42.500000,34.05
12:33:42.750000,34.05
12:33:43,34.09
12:33:43.250000,34.09
12:33:43.500000,34.09
12:33:43.750000,34.09
12:33:44,34.07
12:33:44.250000,34.07
12:33:44.500000,34.07
12:33:44.750000,34.07
12:33:45,34.05
12:33:45.250000,34.05
12:33:45.500000,34.05
12:33:45.750000,34.05
12:33:46,34.05
12:33:46.250000,34.05
12:33:46.500000,34.05
12:33:46.750000,34.05
12:33:47,34.05
12:33:47.250000,34.05
12:33:47.500000,34.05
12:33:47.750000,34.05
12:33:48,34.03
12:33:48.250000,34.03
12:33:48.500000,34.03
12:33:48.750000,34.03
12:33:49,34.05
12:33:49.250000,34.05
12:33:49.500000,34.05
12:33:49.750000,34.05
12:33:50,34.11
12:33:50.250000,34.11
12:33:50.500000,34.11
12:33:50.750000,34.11
12:33:51,34.09
12:33:51.250000,34.09
12:33:51.500000,34.09
12:33:51.750000,34.09
12:33:52,34.07
12:33:52.250000,34.07
12:33:52.500000,34.07
12:33:52.750000,34.07
12:33:53,34.09
12:33:53.250000,34.09
12:33:53.500000,34.09
12:33:53.750000,34.09
12:33:54,34.11
12:33:54.250000,34.11
12:33:54.500000,34.11
12:33:54.750000,34.11
12:33:55,34.11
12:33:55.250000,34.11
12:33:55.500000,34.11
12:33:55.750000,34.11
12:33:56,34.09
12:33:56.250000,34.09
12:33:56.500000,34.09
12:33:56.750000,34.09
12:33:57,34.15
12:33:57.250000,34.15
12:33:57.500000,34.15
12:33:57.750000,34.15
12:33:58,34.13
12:33:58.250000,34.13
12:33:58.500000,34.13
12:33:58.750000,34.13
12:33:59,34.13
12:33:59.250000,34.13
12:33:59.500000,34.13
12:33:59.750000,34.13
12:34:00,34.13
12:34:00.250000,34.13
12:34:00.500000,34.13
12:34:00.750000,34.13
12:34:01,34.13
12:34:01.250000,34.13
12:34:01.500000,34.13
12:34:01.750000,34.13
12:34:02,34.15
12:34:02.250000,34.15
12:34:02.500000,34.15
12:34:02.750000,34.15
12:34:03,34.13
12:34:03.250000,34.13
12:34:03.500000,34.13
12:34:03.750000,34.13
12:34:04,34.13
12:34:04.250000,34.13
12:34:04.500000,34.13
12:34:04.750000,34.13
12:34:05,34.13
12:34:05.250000,34.13
12:34:05.500000,34.13
12:34:05.750000,34.13
12:34:06,34.11
12:34:06.250000,34.11
12:34:06.500000,34.11
12:34:06.750000,34.11
12:34:07,34.13
12:34:07.250000,34.13
12:34:07.500000,34.13
12:34:07.750000,34.13
12:34:08,34.13
12:34:08.250000,34.13
12:34:08.500000,34.13
12:34:08.750000,34.13
12:34:09,34.11
12:34:09.250000,34.11
12:34:09.500000,34.11
12:34:09.750000,34.11
12:34:10,34.11
12:34:10.250000,34.11
12:34:10.500000,34.11
12:34:10.750000,34.11
12:34:11,34.15
12:34:11.250000,34.15
12:34:11.500000,34.15
12:34:11.750000,34.15
12:34:12,34.13
12:34:12.250000,34.13
12:34:12.500000,34.13
12:34:12.750000,34.13
12:34:13,34.13
12:34:13.250000,34.13
12:34:13.500000,34.13
12:34:13.750000,34.13
12:34:14,34.11
12:34:14.250000,34.11
12:34:14.500000,34.11
12:34:14.750000,34.11
12:34:15,34.13
12:34:15.250000,34.13
12:34:15.500000,34.13
12:34:15.750000,34.13
12:34:16,34.16
12:34:16.250000,34.16
12:34:16.500000,34.16
12:34:16.750000,34.16
12:34:17,34.15
12:34:17.250000,34.15
12:34:17.500000,34.15
12:34:17.750000,34.15
12:34:18,34.16
12:34:18.250000,34.16
12:34:18.500000,34.16
12:34:18.750000,34.16
12:34:19,34.18
12:34:19.250000,34.18
12:34:19.500000,34.18
12:34:19.750000,34.18
12:34:20,34.16
12:34:20.250000,34.16
12:34:20.500000,34.16
12:34:20.750000,34.16
12:34:21,34.18
12:34:21.250000,34.18
12:34:21.500000,34.18
12:34:21.750000,34.18
12:34:22,34.16
12:34:22.250000,34.16
12:34:22.500000,34.16
12:34:22.750000,34.16
12:34:23,34.16
12:34:23.250000,34.16
12:34:23.500000,34.16
12:34:23.750000,34.16
12:34:24,34.16
12:34:24.250000,34.16
12:34:24.500000,34.16
12:34:24.750000,34.16
12:34:25,34.16
12:34:25.250000,34.16
12:34:25.500000,34.16
12:34:25.750000,34.16
12:34:26,34.15
12:34:26.250000,34.15
12:34:26.500000,34.15
12:34:26.750000,34.15
12:34:27,34.15
12:34:27.250000,34.15
12:34:27.500000,34.15
12:34:27.750000,34.15
12:34:28,34.16
12:34:28.250000,34.16
12:34:28.500000,34.16
12:34:28.750000,34.16
12:34:29,34.18
12:34:29.250000,34.18
12:34:29.500000,34.18
12:34:29.750000,34.18
12:34:30,34.18
12:34:30.250000,34.18
12:34:30.500000,34.18
12:34:30.750000,34.18
12:34:31,34.16
12:34:31.250000,34.16
12:34:31.500000,34.16
12:34:31.750000,34.16
12:34:32,34.16
12:34:32.250000,34.16
12:34:32.500000,34.16
12:34:32.750000,34.16
12:34:33,34.16
12:34:33.250000,34.16
12:34:33.500000,34.16
12:34:33.750000,34.16
12:34:34,34.21
12:34:34.250000,34.21
12:34:34.500000,34.21
12:34:34.750000,34.21
12:34:35,34.18
12:34:35.250000,34.18
12:34:35.500000,34.18
12:34:35.750000,34.18
12:34:36,34.21
12:34:36.250000,34.21
12:34:36.500000,34.21
12:34:36.750000,34.21
12:34:37,34.18
12:34:37.250000,34.18
12:34:37.500000,34.18
12:34:37.750000,34.18
12:34:38,34.16
12:34:38.250000,34.16
12:34:38.500000,34.16
12:34:38.750000,34.16
12:34:39,34.21
12:34:39.250000,34.21
12:34:39.500000,34.21
12:34:39.750000,34.21
12:34:40,34.21
12:34:40.250000,34.21
12:34:40.500000,34.21
12:34:40.750000,34.21
12:34:41,34.18
12:34:41.250000,34.18
12:34:41.500000,34.18
12:34:41.750000,34.18
12:34:42,34.18
12:34:42.250000,34.18
12:34:42.500000,34.18
12:34:42.750000,34.18
12:34:43,34.18
12:34:43.250000,34.18
12:34:43.500000,34.18
12:34:43.750000,34.18
12:34:44,34.18
12:34:44.250000,34.18
12:34:44.500000,34.18
12:34:44.750000,34.18
12:34:45,34.18
12:34:45.250000,34.18
12:34:45.500000,34.18
12:34:45.750000,34.18
12:34:46,34.21
12:34:46.250000,34.21
12:34:46.500000,34.21
12:34:46.750000,34.21
12:34:47,34.21
12:34:47.250000,34.21
12:34:47.500000,34.21
12:34:47.750000,34.21
12:34:48,34.21
12:34:48.250000,34.21
12:34:48.500000,34.21
12:34:48.750000,34.21
12:34:49,34.21
12:34:49.250000,34.21
12:34:49.500000,34.21
12:34:49.750000,34.21
12:34:50,34.21
12:34:50.250000,34.21
12:34:50.500000,34.21
12:34:50.750000,34.21
12:34:51,34.21
12:34:51.250000,34.21
12:34:51.500000,34.21
12:34:51.750000,34.21
12:34:52,34.23
12:34:52.250000,34.23
12:34:52.500000,34.23
12:34:52.750000,34.23
12:34:53,34.18
12:34:53.250000,34.18
12:34:53.500000,34.18
12:34:53.750000,34.18
12:34:54,34.18
12:34:54.250000,34.18
12:34:54.500000,34.18
12:34:54.750000,34.18
12:34:55,34.18
12:34:55.250000,34.18
12:34:55.500000,34.18
12:34:55.750000,34.18
12:34:56,34.21
12:34:56.250000,34.21
12:34:56.500000,34.21
12:34:56.750000,34.21
12:34:57,34.18
12:34:57.250000,34.18
12:34:57.500000,34.18
12:34:57.750000,34.18
12:34:58,34.18
12:34:58.250000,34.18
12:34:58.500000,34.18
12:34:58.750000,34.18
12:34:59,34.16
12:34:59.250000,34.16
12:34:59.500000,34.16
12:34:59.750000,34.16
12:35:00,34.16
12:35:00.250000,34.16
12:35:00.500000,34.16
12:35:00.750000,34.16
12:35:01,34.16
12:35:01.250000,34.16
12:35:01.500000,34.16
12:35:01.750000,34.16
12:35:02,34.18
12:35:02.250000,34.18
12:35:02.500000,34.18
12:35:02.750000,34.18
12:35:03,34.21
12:35:03.250000,34.21
12:35:03.500000,34.21
12:35:03.750000,34.21
12:35:04,34.16
12:35:04.250000,34.16
12:35:04.500000,34.16
12:35:04.750000,34.16
12:35:05,34.21
12:35:05.250000,34.21
12:35:05.500000,34.21
12:35:05.750000,34.21
12:35:06,34.21
12:35:06.250000,34.21
12:35:06.500000,34.21
12:35:06.750000,34.21
12:35:07,34.21
12:35:07.250000,34.21
12:35:07.500000,34.21
12:35:07.750000,34.21
12:35:08,34.21
12:35:08.250000,34.21
12:35:08.500000,34.21
12:35:08.750000,34.21
12:35:09,34.18
12:35:09.250000,34.18
12:35:09.500000,34.18
12:35:09.750000,34.18
12:35:10,34.21
12:35:10.250000,34.21
12:35:10.500000,34.21
12:35:10.750000,34.21
12:35:11,34.16
12:35:11.250000,34.16
12:35:11.500000,34.16
12:35:11.750000,34.16
12:35:12,34.15
12:35:12.250000,34.15
12:35:12.500000,34.15
12:35:12.750000,34.15
12:35:13,34.16
12:35:13.250000,34.16
12:35:13.500000,34.16
12:35:13.750000,34.16
12:35:14,34.15
12:35:14.250000,34.15
12:35:14.500000,34.15
12:35:14.750000,34.15
12:35:15,34.15
12:35:15.250000,34.15
12:35:15.500000,34.15
12:35:15.750000,34.15
12:35:16,34.13
12:35:16.250000,34.13
12:35:16.500000,34.13
12:35:16.750000,34.13
12:35:17,34.11
12:35:17.250000,34.11
12:35:17.500000,34.11
12:35:17.750000,34.11
12:35:18,34.09
12:35:18.250000,34.09
12:35:18.500000,34.09
12:35:18.750000,34.09
12:35:19,34.09
12:35:19.250000,34.09
12:35:19.500000,34.09
12:35:19.750000,34.09
12:35:20,34.11
12:35:20.250000,34.11
12:35:20.500000,34.11
12:35:20.750000,34.11
12:35:21,34.15
12:35:21.250000,34.15
12:35:21.500000,34.15
12:35:21.750000,34.15
12:35:22,34.15
12:35:22.250000,34.15
12:35:22.500000,34.15
12:35:22.750000,34.15
12:35:23,34.09
12:35:23.250000,34.09
12:35:23.500000,34.09
12:35:23.750000,34.09
12:35:24,34.11
12:35:24.250000,34.11
12:35:24.500000,34.11
12:35:24.750000,34.11
12:35:25,34.11
12:35:25.250000,34.11
12:35:25.500000,34.11
12:35:25.750000,34.11
12:35:26,34.05
12:35:26.250000,34.05
12:35:26.500000,34.05
12:35:26.750000,34.05
12:35:27,34.05
12:35:27.250000,34.05
12:35:27.500000,34.05
12:35:27.750000,34.05
12:35:28,34.05
12:35:28.250000,34.05
12:35:28.500000,34.05
12:35:28.750000,34.05
12:35:29,34.07
12:35:29.250000,34.07
12:35:29.500000,34.07
12:35:29.750000,34.07
12:35:30,34.03
12:35:30.250000,34.03
12:35:30.500000,34.03
12:35:30.750000,34.03
12:35:31,34.05
12:35:31.250000,34.05
12:35:31.500000,34.05
12:35:31.750000,34.05
12:35:32,34.07
12:35:32.250000,34.07
12:35:32.500000,34.07
12:35:32.750000,34.07
12:35:33,34.11
12:35:33.250000,34.11
12:35:33.500000,34.11
12:35:33.750000,34.11
12:35:34,34.11
12:35:34.250000,34.11
12:35:34.500000,34.11
12:35:34.750000,34.11
12:35:35,34.11
12:35:35.250000,34.11
12:35:35.500000,34.11
12:35:35.750000,34.11
12:35:36,34.11
12:35:36.250000,34.11
12:35:36.500000,34.11
12:35:36.750000,34.11
12:35:37,34.11
12:35:37.250000,34.11
12:35:37.500000,34.11
12:35:37.750000,34.11
12:35:38,34.11
12:35:38.250000,34.11
12:35:38.500000,34.11
12:35:38.750000,34.11
12:35:39,34.11
12:35:39.250000,34.11
12:35:39.500000,34.11
12:35:39.750000,34.11
12:35:40,34.13
12:35:40.250000,34.13
12:35:40.500000,34.13
12:35:40.750000,34.13
12:35:41,34.09
12:35:41.250000,34.09
12:35:41.500000,34.09
12:35:41.750000,34.09
12:35:42,34.11
12:35:42.250000,34.11
12:35:42.500000,34.11
12:35:42.750000,34.11
12:35:43,34.09
12:35:43.250000,34.09
12:35:43.500000,34.09
12:35:43.750000,34.09
12:35:44,34.07
12:35:44.250000,34.07
12:35:44.500000,34.07
12:35:44.750000,34.07
12:35:45,34.05
12:35:45.250000,34.05
12:35:45.500000,34.05
12:35:45.750000,34.05
12:35:46,34.07
12:35:46.250000,34.07
12:35:46.500000,34.07
12:35:46.750000,34.07
12:35:47,34.11
12:35:47.250000,34.11
12:35:47.500000,34.11
12:35:47.750000,34.11
12:35:48,34.13
12:35:48.250000,34.13
12:35:48.500000,34.13
12:35:48.750000,34.13
12:35:49,34.11
12:35:49.250000,34.11
12:35:49.500000,34.11
12:35:49.750000,34.11
12:35:50,34.13
12:35:50.250000,34.13
12:35:50.500000,34.13
12:35:50.750000,34.13
12:35:51,34.09
12:35:51.250000,34.09
12:35:51.500000,34.09
12:35:51.750000,34.09
12:35:52,34.11
12:35:52.250000,34.11
12:35:52.500000,34.11
12:35:52.750000,34.11
12:35:53,34.13
12:35:53.250000,34.13
12:35:53.500000,34.13
12:35:53.750000,34.13
12:35:54,34.13
12:35:54.250000,34.13
12:35:54.500000,34.13
12:35:54.750000,34.13
12:35:55,34.13
12:35:55.250000,34.13
12:35:55.500000,34.13
12:35:55.750000,34.13
12:35:56,34.16
12:35:56.250000,34.16
12:35:56.500000,34.16
12:35:56.750000,34.16
12:35:57,34.11
12:35:57.250000,34.11
12:35:57.500000,34.11
12:35:57.750000,34.11
12:35:58,34.11
12:35:58.250000,34.11
12:35:58.500000,34.11
12:35:58.750000,34.11
12:35:59,34.09
12:35:59.250000,34.09
12:35:59.500000,34.09
12:35:59.750000,34.09
12:36:00,34.11
12:36:00.250000,34.11
12:36:00.500000,34.11
12:36:00.750000,34.11
12:36:01,34.07
12:36:01.250000,34.07
12:36:01.500000,34.07
12:36:01.750000,34.07
12:36:02,34.07
12:36:02.250000,34.07
12:36:02.500000,34.07
12:36:02.750000,34.07
12:36:03,34.03
12:36:03.250000,34.03
12:36:03.500000,34.03
12:36:03.750000,34.03
12:36:04,34.07
12:36:04.250000,34.07
12:36:04.500000,34.07
12:36:04.750000,34.07
12:36:05,34.11
12:36:05.250000,34.11
12:36:05.500000,34.11
12:36:05.750000,34.11
12:36:06,34.11
12:36:06.250000,34.11
12:36:06.500000,34.11
12:36:06.750000,34.11
12:36:07,34.09
12:36:07.250000,34.09
12:36:07.500000,34.09
12:36:07.750000,34.09
12:36:08,34.11
12:36:08.250000,34.11
12:36:08.500000,34.11
12:36:08.750000,34.11
12:36:09,34.09
12:36:09.250000,34.09
12:36:09.500000,34.09
12:36:09.750000,34.09
12:36:10,34.07
12:36:10.250000,34.07
12:36:10.500000,34.07
12:36:10.750000,34.07
12:36:11,34.07
12:36:11.250000,34.07
12:36:11.500000,34.07
12:36:11.750000,34.07
12:36:12,34.07
12:36:12.250000,34.07
12:36:12.500000,34.07
12:36:12.750000,34.07
12:36:13,34.05
12:36:13.250000,34.05
12:36:13.500000,34.05
12:36:13.750000,34.05
12:36:14,34.05
12:36:14.250000,34.05
12:36:14.500000,34.05
12:36:14.750000,34.05
12:36:15,34.05
12:36:15.250000,34.05
12:36:15.500000,34.05
12:36:15.750000,34.05
12:36:16,34.07
12:36:16.250000,34.07
12:36:16.500000,34.07
12:36:16.750000,34.07
12:36:17,34.05
12:36:17.250000,34.05
12:36:17.500000,34.05
12:36:17.750000,34.05
12:36:18,34.05
12:36:18.250000,34.05
12:36:18.500000,34.05
12:36:18.750000,34.05
12:36:19,34.05
12:36:19.250000,34.05
12:36:19.500000,34.05
12:36:19.750000,34.05
12:36:20,34.05
12:36:20.250000,34.05
12:36:20.500000,34.05
12:36:20.750000,34.05
12:36:21,34.07
12:36:21.250000,34.07
12:36:21.500000,34.07
12:36:21.750000,34.07
12:36:22,34.07
12:36:22.250000,34.07
12:36:22.500000,34.07
12:36:22.750000,34.07
12:36:23,34.00
12:36:23.250000,34.00
12:36:23.500000,34.00
12:36:23.750000,34.00
12:36:24,34.03
12:36:24.250000,34.03
12:36:24.500000,34.03
12:36:24.750000,34.03
12:36:25,34.03
12:36:25.250000,34.03
12:36:25.500000,34.03
12:36:25.750000,34.03
12:36:26,34.03
12:36:26.250000,34.03
12:36:26.500000,34.03
12:36:26.750000,34.03
12:36:27,34.00
12:36:27.250000,34.00
12:36:27.500000,34.00
12:36:27.750000,34.00
12:36:28,34.05
12:36:28.250000,34.05
12:36:28.500000,34.05
12:36:28.750000,34.05
12:36:29,34.05
12:36:29.250000,34.05
12:36:29.500000,34.05
12:36:29.750000,34.05
12:36:30,34.03
12:36:30.250000,34.03
12:36:30.500000,34.03
12:36:30.750000,34.03
12:36:31,34.05
12:36:31.250000,34.05
12:36:31.500000,34.05
12:36:31.750000,34.05
12:36:32,34.03
12:36:32.250000,34.03
12:36:32.500000,34.03
12:36:32.750000,34.03
12:36:33,34.03
12:36:33.250000,34.03
12:36:33.500000,34.03
12:36:33.750000,34.03
12:36:34,34.03
12:36:34.250000,34.03
12:36:34.500000,34.03
12:36:34.750000,34.03
12:36:35,34.07
12:36:35.250000,34.07
12:36:35.500000,34.07
12:36:35.750000,34.07
12:36:36,34.07
12:36:36.250000,34.07
12:36:36.500000,34.07
12:36:36.750000,34.07
12:36:37,34.03
12:36:37.250000,34.03
12:36:37.500000,34.03
12:36:37.750000,34.03
12:36:38,34.03
12:36:38.250000,34.03
12:36:38.500000,34.03
12:36:38.750000,34.03
12:36:39,34.05
12:36:39.250000,34.05
12:36:39.500000,34.05
12:36:39.750000,34.05
12:36:40,34.07
12:36:40.250000,34.07
12:36:40.500000,34.07
12:36:40.750000,34.07
12:36:41,34.07
12:36:41.250000,34.07
12:36:41.500000,34.07
12:36:41.750000,34.07
12:36:42,34.09
12:36:42.250000,34.09
12:36:42.500000,34.09
12:36:42.750000,34.09
12:36:43,34.07
12:36:43.250000,34.07
12:36:43.500000,34.07
12:36:43.750000,34.07
12:36:44,34.09
12:36:44.250000,34.09
12:36:44.500000,34.09
12:36:44.750000,34.09
12:36:45,34.09
12:36:45.250000,34.09
12:36:45.500000,34.09
12:36:45.750000,34.09
12:36:46,34.09
12:36:46.250000,34.09
12:36:46.500000,34.09
12:36:46.750000,34.09
12:36:47,34.11
12:36:47.250000,34.11
12:36:47.500000,34.11
12:36:47.750000,34.11
12:36:48,34.09
12:36:48.250000,34.09
12:36:48.500000,34.09
12:36:48.750000,34.09
12:36:49,34.11
12:36:49.250000,34.11
12:36:49.500000,34.11
12:36:49.750000,34.11
12:36:50,34.11
12:36:50.250000,34.11
12:36:50.500000,34.11
12:36:50.750000,34.11
12:36:51,34.07
12:36:51.250000,34.07
12:36:51.500000,34.07
12:36:51.750000,34.07
12:36:52,34.09
12:36:52.250000,34.09
12:36:52.500000,34.09
12:36:52.750000,34.09
12:36:53,34.11
12:36:53.250000,34.11
12:36:53.500000,34.11
12:36:53.750000,34.11
12:36:54,34.09
12:36:54.250000,34.09
12:36:54.500000,34.09
12:36:54.750000,34.09
12:36:55,34.13
12:36:55.250000,34.13
12:36:55.500000,34.13
12:36:55.750000,34.13
12:36:56,34.13
12:36:56.250000,34.13
12:36:56.500000,34.13
12:36:56.750000,34.13
12:36:57,34.13
12:36:57.250000,34.13
12:36:57.500000,34.13
12:36:57.750000,34.13
12:36:58,34.13
12:36:58.250000,34.13
12:36:58.500000,34.13
12:36:58.750000,34.13
12:36:59,34.16
12:36:59.250000,34.16
12:36:59.500000,34.16
12:36:59.750000,34.16
12:37:00,34.13
12:37:00.250000,34.13
12:37:00.500000,34.13
12:37:00.750000,34.13
12:37:01,34.13
12:37:01.250000,34.13
12:37:01.500000,34.13
12:37:01.750000,34.13
12:37:02,34.13
12:37:02.250000,34.13
12:37:02.500000,34.13
12:37:02.750000,34.13
12:37:03,34.15
12:37:03.250000,34.15
12:37:03.500000,34.15
12:37:03.750000,34.15
12:37:04,34.13
12:37:04.250000,34.13
12:37:04.500000,34.13
12:37:04.750000,34.13
12:37:05,34.13
12:37:05.250000,34.13
12:37:05.500000,34.13
12:37:05.750000,34.13
12:37:06,34.13
12:37:06.250000,34.13
12:37:06.500000,34.13
12:37:06.750000,34.13
12:37:07,34.15
12:37:07.250000,34.15
12:37:07.500000,34.15
12:37:07.750000,34.15
12:37:08,34.13
12:37:08.250000,34.13
12:37:08.500000,34.13
12:37:08.750000,34.13
12:37:09,34.15
12:37:09.250000,34.15
12:37:09.500000,34.15
12:37:09.750000,34.15
12:37:10,34.13
12:37:10.250000,34.13
12:37:10.500000,34.13
12:37:10.750000,34.13
12:37:11,34.16
12:37:11.250000,34.16
12:37:11.500000,34.16
12:37:11.750000,34.16
12:37:12,34.16
12:37:12.250000,34.16
12:37:12.500000,34.16
12:37:12.750000,34.16
12:37:13,34.15
12:37:13.250000,34.15
12:37:13.500000,34.15
12:37:13.750000,34.15
12:37:14,34.15
12:37:14.250000,34.15
12:37:14.500000,34.15
12:37:14.750000,34.15
12:37:15,34.16
12:37:15.250000,34.16
12:37:15.500000,34.16
12:37:15.750000,34.16
12:37:16,34.16
12:37:16.250000,34.16
12:37:16.500000,34.16
12:37:16.750000,34.16
12:37:17,34.15
12:37:17.250000,34.15
12:37:17.500000,34.15
12:37:17.750000,34.15
12:37:18,34.15
12:37:18.250000,34.15
12:37:18.500000,34.15
12:37:18.750000,34.15
12:37:19,34.15
12:37:19.250000,34.15
12:37:19.500000,34.15
12:37:19.750000,34.15
12:37:20,34.15
12:37:20.250000,34.15
12:37:20.500000,34.15
12:37:20.750000,34.15
12:37:21,34.15
12:37:21.250000,34.15
12:37:21.500000,34.15
12:37:21.750000,34.15
12:37:22,34.16
12:37:22.250000,34.16
12:37:22.500000,34.16
12:37:22.750000,34.16
12:37:23,34.18
12:37:23.250000,34.18
12:37:23.500000,34.18
12:37:23.750000,34.18
12:37:24,34.18
12:37:24.250000,34.18
12:37:24.500000,34.18
12:37:24.750000,34.18
12:37:25,34.18
12:37:25.250000,34.18
12:37:25.500000,34.18
12:37:25.750000,34.18
12:37:26,34.16
12:37:26.250000,34.16
12:37:26.500000,34.16
12:37:26.750000,34.16
12:37:27,34.15
12:37:27.250000,34.15
12:37:27.500000,34.15
12:37:27.750000,34.15
12:37:28,34.15
12:37:28.250000,34.15
12:37:28.500000,34.15
12:37:28.750000,34.15
12:37:29,34.15
12:37:29.250000,34.15
12:37:29.500000,34.15
12:37:29.750000,34.15
12:37:30,34.18
12:37:30.250000,34.18
12:37:30.500000,34.18
12:37:30.750000,34.18
12:37:31,34.16
12:37:31.250000,34.16
12:37:31.500000,34.16
12:37:31.750000,34.16
12:37:32,34.16
12:37:32.250000,34.16
12:37:32.500000,34.16
12:37:32.750000,34.16
12:37:33,34.16
12:37:33.250000,34.16
12:37:33.500000,34.16
12:37:33.750000,34.16
12:37:34,34.15
12:37:34.250000,34.15
12:37:34.500000,34.15
12:37:34.750000,34.15
12:37:35,34.16
12:37:35.250000,34.16
12:37:35.500000,34.16
12:37:35.750000,34.16
12:37:36,34.16
12:37:36.250000,34.16
12:37:36.500000,34.16
12:37:36.750000,34.16
12:37:37,34.15
12:37:37.250000,34.15
12:37:37.500000,34.15
12:37:37.750000,34.15
12:37:38,34.18
12:37:38.250000,34.18
12:37:38.500000,34.18
12:37:38.750000,34.18
12:37:39,34.16
12:37:39.250000,34.16
12:37:39.500000,34.16
12:37:39.750000,34.16
12:37:40,34.15
12:37:40.250000,34.15
12:37:40.500000,34.15
12:37:40.750000,34.15
12:37:41,34.16
12:37:41.250000,34.16
12:37:41.500000,34.16
12:37:41.750000,34.16
12:37:42,34.16
12:37:42.250000,34.16
12:37:42.500000,34.16
12:37:42.750000,34.16
12:37:43,34.15
12:37:43.250000,34.15
12:37:43.500000,34.15
12:37:43.750000,34.15
12:37:44,34.18
12:37:44.250000,34.18
12:37:44.500000,34.18
12:37:44.750000,34.18
12:37:45,34.16
12:37:45.250000,34.16
12:37:45.500000,34.16
12:37:45.750000,34.16
12:37:46,34.16
12:37:46.250000,34.16
12:37:46.500000,34.16
12:37:46.750000,34.16
12:37:47,34.16
12:37:47.250000,34.16
12:37:47.500000,34.16
12:37:47.750000,34.16
12:37:48,34.15
12:37:48.250000,34.15
12:37:48.500000,34.15
12:37:48.750000,34.15
12:37:49,34.13
12:37:49.250000,34.13
12:37:49.500000,34.13
12:37:49.750000,34.13
12:37:50,34.13
12:37:50.250000,34.13
12:37:50.500000,34.13
12:37:50.750000,34.13
12:37:51,34.15
12:37:51.250000,34.15
12:37:51.500000,34.15
12:37:51.750000,34.15
12:37:52,34.13
12:37:52.250000,34.13
12:37:52.500000,34.13
12:37:52.750000,34.13
12:37:53,34.13
12:37:53.250000,34.13
12:37:53.500000,34.13
12:37:53.750000,34.13
12:37:54,34.13
12:37:54.250000,34.13
12:37:54.500000,34.13
12:37:54.750000,34.13
12:37:55,34.13
12:37:55.250000,34.13
12:37:55.500000,34.13
12:37:55.750000,34.13
12:37:56,34.16
12:37:56.250000,34.16
12:37:56.500000,34.16
12:37:56.750000,34.16
12:37:57,34.13
12:37:57.250000,34.13
12:37:57.500000,34.13
12:37:57.750000,34.13
12:37:58,34.15
12:37:58.250000,34.15
12:37:58.500000,34.15
12:37:58.750000,34.15
12:37:59,34.13
12:37:59.250000,34.13
12:37:59.500000,34.13
12:37:59.750000,34.13
12:38:00,34.13
12:38:00.250000,34.13
12:38:00.500000,34.13
12:38:00.750000,34.13
12:38:01,34.13
12:38:01.250000,34.13
12:38:01.500000,34.13
12:38:01.750000,34.13
12:38:02,34.15
12:38:02.250000,34.15
12:38:02.500000,34.15
12:38:02.750000,34.15
12:38:03,34.13
12:38:03.250000,34.13
12:38:03.500000,34.13
12:38:03.750000,34.13
12:38:04,34.15
12:38:04.250000,34.15
12:38:04.500000,34.15
12:38:04.750000,34.15
12:38:05,34.13
12:38:05.250000,34.13
12:38:05.500000,34.13
12:38:05.750000,34.13
12:38:06,34.09
12:38:06.250000,34.09
12:38:06.500000,34.09
12:38:06.750000,34.09
12:38:07,34.11
12:38:07.250000,34.11
12:38:07.500000,34.11
12:38:07.750000,34.11
12:38:08,34.11
12:38:08.250000,34.11
12:38:08.500000,34.11
12:38:08.750000,34.11
12:38:09,34.13
12:38:09.250000,34.13
12:38:09.500000,34.13
12:38:09.750000,34.13
12:38:10,34.11
12:38:10.250000,34.11
12:38:10.500000,34.11
12:38:10.750000,34.11
12:38:11,34.13
12:38:11.250000,34.13
12:38:11.500000,34.13
12:38:11.750000,34.13
12:38:12,34.11
12:38:12.250000,34.11
12:38:12.500000,34.11
12:38:12.750000,34.11
12:38:13,34.09
12:38:13.250000,34.09
12:38:13.500000,34.09
12:38:13.750000,34.09
12:38:14,34.11
12:38:14.250000,34.11
12:38:14.500000,34.11
12:38:14.750000,34.11
12:38:15,34.09
12:38:15.250000,34.09
12:38:15.500000,34.09
12:38:15.750000,34.09
12:38:16,34.07
12:38:16.250000,34.07
12:38:16.500000,34.07
12:38:16.750000,34.07
12:38:17,34.03
12:38:17.250000,34.03
12:38:17.500000,34.03
12:38:17.750000,34.03
12:38:18,34.05
12:38:18.250000,34.05
12:38:18.500000,34.05
12:38:18.750000,34.05
12:38:19,34.03
12:38:19.250000,34.03
12:38:19.500000,34.03
12:38:19.750000,34.03
12:38:20,34.00
12:38:20.250000,34.00
12:38:20.500000,34.00
12:38:20.750000,34.00
12:38:21,34.05
12:38:21.250000,34.05
12:38:21.500000,34.05
12:38:21.750000,34.05
12:38:22,34.05
12:38:22.250000,34.05
12:38:22.500000,34.05
12:38:22.750000,34.05
12:38:23,34.09
12:38:23.250000,34.09
12:38:23.500000,34.09
12:38:23.750000,34.09
12:38:24,34.11
12:38:24.250000,34.11
12:38:24.500000,34.11
12:38:24.750000,34.11
12:38:25,34.11
12:38:25.250000,34.11
12:38:25.500000,34.11
12:38:25.750000,34.11
12:38:26,34.13
12:38:26.250000,34.13
12:38:26.500000,34.13
12:38:26.750000,34.13
12:38:27,34.09
12:38:27.250000,34.09
12:38:27.500000,34.09
12:38:27.750000,34.09
12:38:28,34.11
12:38:28.250000,34.11
12:38:28.500000,34.11
12:38:28.750000,34.11
12:38:29,34.11
12:38:29.250000,34.11
12:38:29.500000,34.11
12:38:29.750000,34.11
12:38:30,34.11
12:38:30.250000,34.11
12:38:30.500000,34.11
12:38:30.750000,34.11
12:38:31,34.13
12:38:31.250000,34.13
12:38:31.500000,34.13
12:38:31.750000,34.13
12:38:32,34.09
12:38:32.250000,34.09
12:38:32.500000,34.09
12:38:32.750000,34.09
12:38:33,34.11
12:38:33.250000,34.11
12:38:33.500000,34.11
12:38:33.750000,34.11
12:38:34,34.11
12:38:34.250000,34.11
12:38:34.500000,34.11
12:38:34.750000,34.11
12:38:35,34.13
12:38:35.250000,34.13
12:38:35.500000,34.13
12:38:35.750000,34.13
12:38:36,34.13
12:38:36.250000,34.13
12:38:36.500000,34.13
12:38:36.750000,34.13
12:38:37,34.11
12:38:37.250000,34.11
12:38:37.500000,34.11
12:38:37.750000,34.11
12:38:38,34.13
12:38:38.250000,34.13
12:38:38.500000,34.13
12:38:38.750000,34.13
12:38:39,34.13
12:38:39.250000,34.13
12:38:39.500000,34.13
12:38:39.750000,34.13
12:38:40,34.13
12:38:40.250000,34.13
12:38:40.500000,34.13
12:38:40.750000,34.13
12:38:41,34.15
12:38:41.250000,34.15
12:38:41.500000,34.15
12:38:41.750000,34.15
12:38:42,34.13
12:38:42.250000,34.13
12:38:42.500000,34.13
12:38:42.750000,34.13
12:38:43,34.13
12:38:43.250000,34.13
12:38:43.500000,34.13
12:38:43.750000,34.13
12:38:44,34.13
12:38:44.250000,34.13
12:38:44.500000,34.13
12:38:44.750000,34.13
12:38:45,34.13
12:38:45.250000,34.13
12:38:45.500000,34.13
12:38:45.750000,34.13
12:38:46,34.11
12:38:46.250000,34.11
12:38:46.500000,34.11
12:38:46.750000,34.11
12:38:47,34.13
12:38:47.250000,34.13
12:38:47.500000,34.13
12:38:47.750000,34.13
12:38:48,34.11
12:38:48.250000,34.11
12:38:48.500000,34.11
12:38:48.750000,34.11
12:38:49,34.15
12:38:49.250000,34.15
12:38:49.500000,34.15
12:38:49.750000,34.15
12:38:50,34.13
12:38:50.250000,34.13
12:38:50.500000,34.13
12:38:50.750000,34.13
12:38:51,34.13
12:38:51.250000,34.13
12:38:51.500000,34.13
12:38:51.750000,34.13
12:38:52,34.13
12:38:52.250000,34.13
12:38:52.500000,34.13
12:38:52.750000,34.13
12:38:53,34.13
12:38:53.250000,34.13
12:38:53.500000,34.13
12:38:53.750000,34.13
12:38:54,34.15
12:38:54.250000,34.15
12:38:54.500000,34.15
12:38:54.750000,34.15
12:38:55,34.15
12:38:55.250000,34.15
12:38:55.500000,34.15
12:38:55.750000,34.15
12:38:56,34.15
12:38:56.250000,34.15
12:38:56.500000,34.15
12:38:56.750000,34.15
12:38:57,34.16
12:38:57.250000,34.16
12:38:57.500000,34.16
12:38:57.750000,34.16
12:38:58,34.16
12:38:58.250000,34.16
12:38:58.500000,34.16
12:38:58.750000,34.16
12:38:59,34.13
12:38:59.250000,34.13
12:38:59.500000,34.13
12:38:59.750000,34.13
12:39:00,34.13
12:39:00.250000,34.13
12:39:00.500000,34.13
12:39:00.750000,34.13
12:39:01,34.09
12:39:01.250000,34.09
12:39:01.500000,34.09
12:39:01.750000,34.09
12:39:02,34.09
12:39:02.250000,34.09
12:39:02.500000,34.09
12:39:02.750000,34.09
12:39:03,34.11
12:39:03.250000,34.11
12:39:03.500000,34.11
12:39:03.750000,34.11
12:39:04,34.13
12:39:04.250000,34.13
12:39:04.500000,34.13
12:39:04.750000,34.13
12:39:05,34.15
12:39:05.250000,34.15
12:39:05.500000,34.15
12:39:05.750000,34.15
12:39:06,34.13
12:39:06.250000,34.13
12:39:06.500000,34.13
12:39:06.750000,34.13
12:39:07,34.16
12:39:07.250000,34.16
12:39:07.500000,34.16
12:39:07.750000,34.16
12:39:08,34.15
12:39:08.250000,34.15
12:39:08.500000,34.15
12:39:08.750000,34.15
12:39:09,34.15
12:39:09.250000,34.15
12:39:09.500000,34.15
12:39:09.750000,34.15
12:39:10,34.15
12:39:10.250000,34.15
12:39:10.500000,34.15
12:39:10.750000,34.15
12:39:11,34.15
12:39:11.250000,34.15
12:39:11.500000,34.15
12:39:11.750000,34.15
12:39:12,34.15
12:39:12.250000,34.15
12:39:12.500000,34.15
12:39:12.750000,34.15
12:39:13,34.16
12:39:13.250000,34.16
12:39:13.500000,34.16
12:39:13.750000,34.16
12:39:14,34.16
12:39:14.250000,34.16
12:39:14.500000,34.16
12:39:14.750000,34.16
12:39:15,34.16
12:39:15.250000,34.16
12:39:15.500000,34.16
12:39:15.750000,34.16
12:39:16,34.16
12:39:16.250000,34.16
12:39:16.500000,34.16
12:39:16.750000,34.16
12:39:17,34.16
12:39:17.250000,34.16
12:39:17.500000,34.16
12:39:17.750000,34.16
12:39:18,34.15
12:39:18.250000,34.15
12:39:18.500000,34.15
12:39:18.750000,34.15
12:39:19,34.16
12:39:19.250000,34.16
12:39:19.500000,34.16
12:39:19.750000,34.16
12:39:20,34.16
12:39:20.250000,34.16
12:39:20.500000,34.16
12:39:20.750000,34.16
12:39:21,34.15
12:39:21.250000,34.15
12:39:21.500000,34.15
12:39:21.750000,34.15
12:39:22,34.16
12:39:22.250000,34.16
12:39:22.500000,34.16
12:39:22.750000,34.16
12:39:23,34.16
12:39:23.250000,34.16
12:39:23.500000,34.16
12:39:23.750000,34.16
12:39:24,34.16
12:39:24.250000,34.16
12:39:24.500000,34.16
12:39:24.750000,34.16
12:39:25,34.18
12:39:25.250000,34.18
12:39:25.500000,34.18
12:39:25.750000,34.18
12:39:26,34.21
12:39:26.250000,34.21
12:39:26.500000,34.21
12:39:26.750000,34.21
12:39:27,34.18
12:39:27.250000,34.18
12:39:27.500000,34.18
12:39:27.750000,34.18
12:39:28,34.21
12:39:28.250000,34.21
12:39:28.500000,34.21
12:39:28.750000,34.21
12:39:29,34.15
12:39:29.250000,34.15
12:39:29.500000,34.15
12:39:29.750000,34.15
12:39:30,34.13
12:39:30.250000,34.13
12:39:30.500000,34.13
12:39:30.750000,34.13
12:39:31,34.13
12:39:31.250000,34.13
12:39:31.500000,34.13
12:39:31.750000,34.13
12:39:32,34.13
12:39:32.250000,34.13
12:39:32.500000,34.13
12:39:32.750000,34.13
12:39:33,34.13
12:39:33.250000,34.13
12:39:33.500000,34.13
12:39:33.750000,34.13
12:39:34,34.15
12:39:34.250000,34.15
12:39:34.500000,34.15
12:39:34.750000,34.15
12:39:35,34.11
12:39:35.250000,34.11
12:39:35.500000,34.11
12:39:35.750000,34.11
12:39:36,34.11
12:39:36.250000,34.11
12:39:36.500000,34.11
12:39:36.750000,34.11
12:39:37,34.15
12:39:37.250000,34.15
12:39:37.500000,34.15
12:39:37.750000,34.15
12:39:38,34.13
12:39:38.250000,34.13
12:39:38.500000,34.13
12:39:38.750000,34.13
12:39:39,34.13
12:39:39.250000,34.13
12:39:39.500000,34.13
12:39:39.750000,34.13
12:39:40,34.13
12:39:40.250000,34.13
12:39:40.500000,34.13
12:39:40.750000,34.13
12:39:41,34.11
12:39:41.250000,34.11
12:39:41.500000,34.11
12:39:41.750000,34.11
12:39:42,34.13
12:39:42.250000,34.13
12:39:42.500000,34.13
12:39:42.750000,34.13
12:39:43,34.11
12:39:43.250000,34.11
12:39:43.500000,34.11
12:39:43.750000,34.11
12:39:44,34.15
12:39:44.250000,34.15
12:39:44.500000,34.15
12:39:44.750000,34.15
12:39:45,34.13
12:39:45.250000,34.13
12:39:45.500000,34.13
12:39:45.750000,34.13
12:39:46,34.15
12:39:46.250000,34.15
12:39:46.500000,34.15
12:39:46.750000,34.15
12:39:47,34.16
12:39:47.250000,34.16
12:39:47.500000,34.16
12:39:47.750000,34.16
12:39:48,34.16
12:39:48.250000,34.16
12:39:48.500000,34.16
12:39:48.750000,34.16
12:39:49,34.16
12:39:49.250000,34.16
12:39:49.500000,34.16
12:39:49.750000,34.16
12:39:50,34.15
12:39:50.250000,34.15
12:39:50.500000,34.15
12:39:50.750000,34.15
12:39:51,34.18
12:39:51.250000,34.18
12:39:51.500000,34.18
12:39:51.750000,34.18
12:39:52,34.16
12:39:52.250000,34.16
12:39:52.500000,34.16
12:39:52.750000,34.16
12:39:53,34.15
12:39:53.250000,34.15
12:39:53.500000,34.15
12:39:53.750000,34.15
12:39:54,34.15
12:39:54.250000,34.15
12:39:54.500000,34.15
12:39:54.750000,34.15
12:39:55,34.15
12:39:55.250000,34.15
12:39:55.500000,34.15
12:39:55.750000,34.15
12:39:56,34.15
12:39:56.250000,34.15
12:39:56.500000,34.15
12:39:56.750000,34.15
12:39:57,34.16
12:39:57.250000,34.16
12:39:57.500000,34.16
12:39:57.750000,34.16
12:39:58,34.16
12:39:58.250000,34.16
12:39:58.500000,34.16
12:39:58.750000,34.16
12:39:59,34.18
12:39:59.250000,34.18
12:39:59.500000,34.18
12:39:59.750000,34.18
12:40:00,34.18
12:40:00.250000,34.18
12:40:00.500000,34.18
12:40:00.750000,34.18
12:40:01,34.18
12:40:01.250000,34.18
12:40:01.500000,34.18
12:40:01.750000,34.18
12:40:02,34.16
12:40:02.250000,34.16
12:40:02.500000,34.16
12:40:02.750000,34.16
12:40:03,34.16
12:40:03.250000,34.16
12:40:03.500000,34.16
12:40:03.750000,34.16
12:40:04,34.15
12:40:04.250000,34.15
12:40:04.500000,34.15
12:40:04.750000,34.15
12:40:05,34.18
12:40:05.250000,34.18
12:40:05.500000,34.18
12:40:05.750000,34.18
12:40:06,34.16
12:40:06.250000,34.16
12:40:06.500000,34.16
12:40:06.750000,34.16
12:40:07,34.18
12:40:07.250000,34.18
12:40:07.500000,34.18
12:40:07.750000,34.18
12:40:08,34.18
12:40:08.250000,34.18
12:40:08.500000,34.18
12:40:08.750000,34.18
12:40:09,34.18
12:40:09.250000,34.18
12:40:09.500000,34.18
12:40:09.750000,34.18
12:40:10,34.16
12:40:10.250000,34.16
12:40:10.500000,34.16
12:40:10.750000,34.16
12:40:11,34.16
12:40:11.250000,34.16
12:40:11.500000,34.16
12:40:11.750000,34.16
12:40:12,34.16
12:40:12.250000,34.16
12:40:12.500000,34.16
12:40:12.750000,34.16
12:40:13,34.16
12:40:13.250000,34.16
12:40:13.500000,34.16
12:40:13.750000,34.16
12:40:14,34.16
12:40:14.250000,34.16
12:40:14.500000,34.16
12:40:14.750000,34.16
12:40:15,34.16
12:40:15.250000,34.16
12:40:15.500000,34.16
12:40:15.750000,34.16
12:40:16,34.16
12:40:16.250000,34.16
12:40:16.500000,34.16
12:40:16.750000,34.16
12:40:17,34.18
12:40:17.250000,34.18
12:40:17.500000,34.18
12:40:17.750000,34.18
12:40:18,34.15
12:40:18.250000,34.15
12:40:18.500000,34.15
12:40:18.750000,34.15
12:40:19,34.16
12:40:19.250000,34.16
12:40:19.500000,34.16
12:40:19.750000,34.16
12:40:20,34.15
12:40:20.250000,34.15
12:40:20.500000,34.15
12:40:20.750000,34.15
12:40:21,34.16
12:40:21.250000,34.16
12:40:21.500000,34.16
12:40:21.750000,34.16
12:40:22,34.16
12:40:22.250000,34.16
12:40:22.500000,34.16
12:40:22.750000,34.16
12:40:23,34.16
12:40:23.250000,34.16
12:40:23.500000,34.16
12:40:23.750000,34.16
12:40:24,34.16
12:40:24.250000,34.16
12:40:24.500000,34.16
12:40:24.750000,34.16
12:40:25,34.16
12:40:25.250000,34.16
12:40:25.500000,34.16
12:40:25.750000,34.16
12:40:26,34.16
12:40:26.250000,34.16
12:40:26.500000,34.16
12:40:26.750000,34.16
12:40:27,34.16
12:40:27.250000,34.16
12:40:27.500000,34.16
12:40:27.750000,34.16
12:40:28,34.18
12:40:28.250000,34.18
12:40:28.500000,34.18
12:40:28.750000,34.18
12:40:29,34.18
12:40:29.250000,34.18
12:40:29.500000,34.18
12:40:29.750000,34.18
12:40:30,34.18
12:40:30.250000,34.18
12:40:30.500000,34.18
12:40:30.750000,34.18
12:40:31,34.16
12:40:31.250000,34.16
12:40:31.500000,34.16
12:40:31.750000,34.16
12:40:32,34.18
12:40:32.250000,34.18
12:40:32.500000,34.18
12:40:32.750000,34.18
12:40:33,34.18
12:40:33.250000,34.18
12:40:33.500000,34.18
12:40:33.750000,34.18
12:40:34,34.16
12:40:34.250000,34.16
12:40:34.500000,34.16
12:40:34.750000,34.16
12:40:35,34.16
12:40:35.250000,34.16
12:40:35.500000,34.16
12:40:35.750000,34.16
12:40:36,34.16
12:40:36.250000,34.16
12:40:36.500000,34.16
12:40:36.750000,34.16
12:40:37,34.16
12:40:37.250000,34.16
12:40:37.500000,34.16
12:40:37.750000,34.16
12:40:38,34.16
12:40:38.250000,34.16
12:40:38.500000,34.16
12:40:38.750000,34.16
12:40:39,34.16
12:40:39.250000,34.16
12:40:39.500000,34.16
12:40:39.750000,34.16
12:40:40,34.16
12:40:40.250000,34.16
12:40:40.500000,34.16
12:40:40.750000,34.16
12:40:41,34.18
12:40:41.250000,34.18
12:40:41.500000,34.18
12:40:41.750000,34.18
12:40:42,34.18
12:40:42.250000,34.18
12:40:42.500000,34.18
12:40:42.750000,34.18
12:40:43,34.18
12:40:43.250000,34.18
12:40:43.500000,34.18
12:40:43.750000,34.18
12:40:44,34.16
12:40:44.250000,34.16
12:40:44.500000,34.16
12:40:44.750000,34.16
12:40:45,34.15
12:40:45.250000,34.15
12:40:45.500000,34.15
12:40:45.750000,34.15
12:40:46,34.16
12:40:46.250000,34.16
12:40:46.500000,34.16
12:40:46.750000,34.16
12:40:47,34.15
12:40:47.250000,34.15
12:40:47.500000,34.15
12:40:47.750000,34.15
12:40:48,34.15
12:40:48.250000,34.15
12:40:48.500000,34.15
12:40:48.750000,34.15
12:40:49,34.15
12:40:49.250000,34.15
12:40:49.500000,34.15
12:40:49.750000,34.15
12:40:50,34.16
12:40:50.250000,34.16
12:40:50.500000,34.16
12:40:50.750000,34.16
12:40:51,34.16
12:40:51.250000,34.16
12:40:51.500000,34.16
12:40:51.750000,34.16
12:40:52,34.15
12:40:52.250000,34.15
12:40:52.500000,34.15
12:40:52.750000,34.15
12:40:53,34.15
12:40:53.250000,34.15
12:40:53.500000,34.15
12:40:53.750000,34.15
12:40:54,34.16
12:40:54.250000,34.16
12:40:54.500000,34.16
12:40:54.750000,34.16
12:40:55,34.16
12:40:55.250000,34.16
12:40:55.500000,34.16
12:40:55.750000,34.16
12:40:56,34.18
12:40:56.250000,34.18
12:40:56.500000,34.18
12:40:56.750000,34.18
12:40:57,34.18
12:40:57.250000,34.18
12:40:57.500000,34.18
12:40:57.750000,34.18
12:40:58,34.18
12:40:58.250000,34.18
12:40:58.500000,34.18
12:40:58.750000,34.18
12:40:59,34.18
12:40:59.250000,34.18
12:40:59.500000,34.18
12:40:59.750000,34.18
12:41:00,34.16
12:41:00.250000,34.16
12:41:00.500000,34.16
12:41:00.750000,34.16
12:41:01,34.16
12:41:01.250000,34.16
12:41:01.500000,34.16
12:41:01.750000,34.16
12:41:02,34.16
12:41:02.250000,34.16
12:41:02.500000,34.16
12:41:02.750000,34.16
12:41:03,34.18
12:41:03.250000,34.18
12:41:03.500000,34.18
12:41:03.750000,34.18
12:41:04,34.15
12:41:04.250000,34.15
12:41:04.500000,34.15
12:41:04.750000,34.15
12:41:05,34.16
12:41:05.250000,34.16
12:41:05.500000,34.16
12:41:05.750000,34.16
12:41:06,34.16
12:41:06.250000,34.16
12:41:06.500000,34.16
12:41:06.750000,34.16
12:41:07,34.16
12:41:07.250000,34.16
12:41:07.500000,34.16
12:41:07.750000,34.16
12:41:08,34.18
12:41:08.250000,34.18
12:41:08.500000,34.18
12:41:08.750000,34.18
12:41:09,34.15
12:41:09.250000,34.15
12:41:09.500000,34.15
12:41:09.750000,34.15
12:41:10,34.16
12:41:10.250000,34.16
12:41:10.500000,34.16
12:41:10.750000,34.16
12:41:11,34.18
12:41:11.250000,34.18
12:41:11.500000,34.18
12:41:11.750000,34.18
12:41:12,34.16
12:41:12.250000,34.16
12:41:12.500000,34.16
12:41:12.750000,34.16
12:41:13,34.18
12:41:13.250000,34.18
12:41:13.500000,34.18
12:41:13.750000,34.18
12:41:14,34.18
12:41:14.250000,34.18
12:41:14.500000,34.18
12:41:14.750000,34.18
12:41:15,34.18
12:41:15.250000,34.18
12:41:15.500000,34.18
12:41:15.750000,34.18
12:41:16,34.15
12:41:16.250000,34.15
12:41:16.500000,34.15
12:41:16.750000,34.15
12:41:17,34.16
12:41:17.250000,34.16
12:41:17.500000,34.16
12:41:17.750000,34.16
12:41:18,34.18
12:41:18.250000,34.18
12:41:18.500000,34.18
12:41:18.750000,34.18
12:41:19,34.15
12:41:19.250000,34.15
12:41:19.500000,34.15
12:41:19.750000,34.15
12:41:20,34.15
12:41:20.250000,34.15
12:41:20.500000,34.15
12:41:20.750000,34.15
12:41:21,34.16
12:41:21.250000,34.16
12:41:21.500000,34.16
12:41:21.750000,34.16
12:41:22,34.13
12:41:22.250000,34.13
12:41:22.500000,34.13
12:41:22.750000,34.13
12:41:23,34.15
12:41:23.250000,34.15
12:41:23.500000,34.15
12:41:23.750000,34.15
12:41:24,34.15
12:41:24.250000,34.15
12:41:24.500000,34.15
12:41:24.750000,34.15
12:41:25,34.15
12:41:25.250000,34.15
12:41:25.500000,34.15
12:41:25.750000,34.15
12:41:26,34.15
12:41:26.250000,34.15
12:41:26.500000,34.15
12:41:26.750000,34.15
12:41:27,34.11
12:41:27.250000,34.11
12:41:27.500000,34.11
12:41:27.750000,34.11
12:41:28,34.09
12:41:28.250000,34.09
12:41:28.500000,34.09
12:41:28.750000,34.09
12:41:29,34.13
12:41:29.250000,34.13
12:41:29.500000,34.13
12:41:29.750000,34.13
12:41:30,34.11
12:41:30.250000,34.11
12:41:30.500000,34.11
12:41:30.750000,34.11
12:41:31,34.11
12:41:31.250000,34.11
12:41:31.500000,34.11
12:41:31.750000,34.11
12:41:32,34.09
12:41:32.250000,34.09
12:41:32.500000,34.09
12:41:32.750000,34.09
12:41:33,34.09
12:41:33.250000,34.09
12:41:33.500000,34.09
12:41:33.750000,34.09
12:41:34,34.09
12:41:34.250000,34.09
12:41:34.500000,34.09
12:41:34.750000,34.09
12:41:35,34.09
12:41:35.250000,34.09
12:41:35.500000,34.09
12:41:35.750000,34.09
12:41:36,34.11
12:41:36.250000,34.11
12:41:36.500000,34.11
12:41:36.750000,34.11
12:41:37,34.11
12:41:37.250000,34.11
12:41:37.500000,34.11
12:41:37.750000,34.11
12:41:38,34.11
12:41:38.250000,34.11
12:41:38.500000,34.11
12:41:38.750000,34.11
12:41:39,34.07
12:41:39.250000,34.07
12:41:39.500000,34.07
12:41:39.750000,34.07
12:41:40,34.09
12:41:40.250000,34.09
12:41:40.500000,34.09
12:41:40.750000,34.09
12:41:41,34.11
12:41:41.250000,34.11
12:41:41.500000,34.11
12:41:41.750000,34.11
12:41:42,34.07
12:41:42.250000,34.07
12:41:42.500000,34.07
12:41:42.750000,34.07
12:41:43,34.09
12:41:43.250000,34.09
12:41:43.500000,34.09
12:41:43.750000,34.09
12:41:44,34.13
12:41:44.250000,34.13
12:41:44.500000,34.13
12:41:44.750000,34.13
12:41:45,34.09
12:41:45.250000,34.09
12:41:45.500000,34.09
12:41:45.750000,34.09
12:41:46,34.15
12:41:46.250000,34.15
12:41:46.500000,34.15
12:41:46.750000,34.15
12:41:47,34.13
12:41:47.250000,34.13
12:41:47.500000,34.13
12:41:47.750000,34.13
12:41:48,34.15
12:41:48.250000,34.15
12:41:48.500000,34.15
12:41:48.750000,34.15
12:41:49,34.15
12:41:49.250000,34.15
12:41:49.500000,34.15
12:41:49.750000,34.15
12:41:50,34.15
12:41:50.250000,34.15
12:41:50.500000,34.15
12:41:50.750000,34.15
12:41:51,34.13
12:41:51.250000,34.13
12:41:51.500000,34.13
12:41:51.750000,34.13
12:41:52,34.13
12:41:52.250000,34.13
12:41:52.500000,34.13
12:41:52.750000,34.13
12:41:53,34.11
12:41:53.250000,34.11
12:41:53.500000,34.11
12:41:53.750000,34.11
12:41:54,34.11
12:41:54.250000,34.11
12:41:54.500000,34.11
12:41:54.750000,34.11
12:41:55,34.09
12:41:55.250000,34.09
12:41:55.500000,34.09
12:41:55.750000,34.09
12:41:56,34.11
12:41:56.250000,34.11
12:41:56.500000,34.11
12:41:56.750000,34.11
12:41:57,34.09
12:41:57.250000,34.09
12:41:57.500000,34.09
12:41:57.750000,34.09
12:41:58,34.11
12:41:58.250000,34.11
12:41:58.500000,34.11
12:41:58.750000,34.11
12:41:59,34.11
12:41:59.250000,34.11
12:41:59.500000,34.11
12:41:59.750000,34.11
12:42:00,34.09
12:42:00.250000,34.09
12:42:00.500000,34.09
12:42:00.750000,34.09
12:42:01,34.11
12:42:01.250000,34.11
12:42:01.500000,34.11
12:42:01.750000,34.11
12:42:02,34.13
12:42:02.250000,34.13
12:42:02.500000,34.13
12:42:02.750000,34.13
12:42:03,34.16
12:42:03.250000,34.16
12:42:03.500000,34.16
12:42:03.750000,34.16
12:42:04,34.15
12:42:04.250000,34.15
12:42:04.500000,34.15
12:42:04.750000,34.15
12:42:05,34.15
12:42:05.250000,34.15
12:42:05.500000,34.15
12:42:05.750000,34.15
12:42:06,34.16
12:42:06.250000,34.16
12:42:06.500000,34.16
12:42:06.750000,34.16
12:42:07,34.13
12:42:07.250000,34.13
12:42:07.500000,34.13
12:42:07.750000,34.13
12:42:08,34.15
12:42:08.250000,34.15
12:42:08.500000,34.15
12:42:08.750000,34.15
12:42:09,34.16
12:42:09.250000,34.16
12:42:09.500000,34.16
12:42:09.750000,34.16
12:42:10,34.16
12:42:10.250000,34.16
12:42:10.500000,34.16
12:42:10.750000,34.16
12:42:11,34.16
12:42:11.250000,34.16
12:42:11.500000,34.16
12:42:11.750000,34.16
12:42:12,34.16
12:42:12.250000,34.16
12:42:12.500000,34.16
12:42:12.750000,34.16
12:42:13,34.16
12:42:13.250000,34.16
12:42:13.500000,34.16
12:42:13.750000,34.16
12:42:14,34.13
12:42:14.250000,34.13
12:42:14.500000,34.13
12:42:14.750000,34.13
12:42:15,34.15
12:42:15.250000,34.15
12:42:15.500000,34.15
12:42:15.750000,34.15
12:42:16,34.15
12:42:16.250000,34.15
12:42:16.500000,34.15
12:42:16.750000,34.15
12:42:17,34.15
12:42:17.250000,34.15
12:42:17.500000,34.15
12:42:17.750000,34.15
12:42:18,34.13
12:42:18.250000,34.13
12:42:18.500000,34.13
12:42:18.750000,34.13
12:42:19,34.11
12:42:19.250000,34.11
12:42:19.500000,34.11
12:42:19.750000,34.11
12:42:20,34.11
12:42:20.250000,34.11
12:42:20.500000,34.11
12:42:20.750000,34.11
12:42:21,34.11
12:42:21.250000,34.11
12:42:21.500000,34.11
12:42:21.750000,34.11
12:42:22,34.13
12:42:22.250000,34.13
12:42:22.500000,34.13
12:42:22.750000,34.13
12:42:23,34.11
12:42:23.250000,34.11
12:42:23.500000,34.11
12:42:23.750000,34.11
12:42:24,34.13
12:42:24.250000,34.13
12:42:24.500000,34.13
12:42:24.750000,34.13
12:42:25,34.11
12:42:25.250000,34.11
12:42:25.500000,34.11
12:42:25.750000,34.11
12:42:26,34.13
12:42:26.250000,34.13
12:42:26.500000,34.13
12:42:26.750000,34.13
12:42:27,34.13
12:42:27.250000,34.13
12:42:27.500000,34.13
12:42:27.750000,34.13
12:42:28,34.15
12:42:28.250000,34.15
12:42:28.500000,34.15
12:42:28.750000,34.15
12:42:29,34.13
12:42:29.250000,34.13
12:42:29.500000,34.13
12:42:29.750000,34.13
12:42:30,34.11
12:42:30.250000,34.11
12:42:30.500000,34.11
12:42:30.750000,34.11
12:42:31,34.09
12:42:31.250000,34.09
12:42:31.500000,34.09
12:42:31.750000,34.09
12:42:32,34.11
12:42:32.250000,34.11
12:42:32.500000,34.11
12:42:32.750000,34.11
12:42:33,34.11
12:42:33.250000,34.11
12:42:33.500000,34.11
12:42:33.750000,34.11
12:42:34,34.11
12:42:34.250000,34.11
12:42:34.500000,34.11
12:42:34.750000,34.11
12:42:35,34.09
12:42:35.250000,34.09
12:42:35.500000,34.09
12:42:35.750000,34.09
12:42:36,34.09
12:42:36.250000,34.09
12:42:36.500000,34.09
12:42:36.750000,34.09
12:42:37,34.07
12:42:37.250000,34.07
12:42:37.500000,34.07
12:42:37.750000,34.07
12:42:38,34.05
12:42:38.250000,34.05
12:42:38.500000,34.05
12:42:38.750000,34.05
12:42:39,34.11
12:42:39.250000,34.11
12:42:39.500000,34.11
12:42:39.750000,34.11
12:42:40,34.09
12:42:40.250000,34.09
12:42:40.500000,34.09
12:42:40.750000,34.09
12:42:41,34.09
12:42:41.250000,34.09
12:42:41.500000,34.09
12:42:41.750000,34.09
12:42:42,34.09
12:42:42.250000,34.09
12:42:42.500000,34.09
12:42:42.750000,34.09
12:42:43,34.09
12:42:43.250000,34.09
12:42:43.500000,34.09
12:42:43.750000,34.09
12:42:44,34.09
12:42:44.250000,34.09
12:42:44.500000,34.09
12:42:44.750000,34.09
12:42:45,34.11
12:42:45.250000,34.11
12:42:45.500000,34.11
12:42:45.750000,34.11
12:42:46,34.13
12:42:46.250000,34.13
12:42:46.500000,34.13
12:42:46.750000,34.13
12:42:47,34.09
12:42:47.250000,34.09
12:42:47.500000,34.09
12:42:47.750000,34.09
12:42:48,34.07
12:42:48.250000,34.07
12:42:48.500000,34.07
12:42:48.750000,34.07
12:42:49,34.07
12:42:49.250000,34.07
12:42:49.500000,34.07
12:42:49.750000,34.07
12:42:50,34.09
12:42:50.250000,34.09
12:42:50.500000,34.09
12:42:50.750000,34.09
12:42:51,34.11
12:42:51.250000,34.11
12:42:51.500000,34.11
12:42:51.750000,34.11
12:42:52,34.07
12:42:52.250000,34.07
12:42:52.500000,34.07
12:42:52.750000,34.07
12:42:53,34.09
12:42:53.250000,34.09
12:42:53.500000,34.09
12:42:53.750000,34.09
12:42:54,34.09
12:42:54.250000,34.09
12:42:54.500000,34.09
12:42:54.750000,34.09
12:42:55,34.13
12:42:55.250000,34.13
12:42:55.500000,34.13
12:42:55.750000,34.13
12:42:56,34.13
12:42:56.250000,34.13
12:42:56.500000,34.13
12:42:56.750000,34.13
12:42:57,34.13
12:42:57.250000,34.13
12:42:57.500000,34.13
12:42:57.750000,34.13
12:42:58,34.09
12:42:58.250000,34.09
12:42:58.500000,34.09
12:42:58.750000,34.09
12:42:59,34.09
12:42:59.250000,34.09
12:42:59.500000,34.09
12:42:59.750000,34.09
12:43:00,34.09
12:43:00.250000,34.09
12:43:00.500000,34.09
12:43:00.750000,34.09
12:43:01,34.07
12:43:01.250000,34.07
12:43:01.500000,34.07
12:43:01.750000,34.07
12:43:02,34.09
12:43:02.250000,34.09
12:43:02.500000,34.09
12:43:02.750000,34.09
12:43:03,34.09
12:43:03.250000,34.09
12:43:03.500000,34.09
12:43:03.750000,34.09
12:43:04,34.09
12:43:04.250000,34.09
12:43:04.500000,34.09
12:43:04.750000,34.09
12:43:05,34.07
12:43:05.250000,34.07
12:43:05.500000,34.07
12:43:05.750000,34.07
12:43:06,34.09
12:43:06.250000,34.09
12:43:06.500000,34.09
12:43:06.750000,34.09
12:43:07,34.09
12:43:07.250000,34.09
12:43:07.500000,34.09
12:43:07.750000,34.09
12:43:08,34.11
12:43:08.250000,34.11
12:43:08.500000,34.11
12:43:08.750000,34.11
12:43:09,34.11
12:43:09.250000,34.11
12:43:09.500000,34.11
12:43:09.750000,34.11
12:43:10,34.13
12:43:10.250000,34.13
12:43:10.500000,34.13
12:43:10.750000,34.13
12:43:11,34.15
12:43:11.250000,34.15
12:43:11.500000,34.15
12:43:11.750000,34.15
12:43:12,34.13
12:43:12.250000,34.13
12:43:12.500000,34.13
12:43:12.750000,34.13
12:43:13,34.13
12:43:13.250000,34.13
12:43:13.500000,34.13
12:43:13.750000,34.13
12:43:14,34.11
12:43:14.250000,34.11
12:43:14.500000,34.11
12:43:14.750000,34.11
12:43:15,34.09
12:43:15.250000,34.09
12:43:15.500000,34.09
12:43:15.750000,34.09
12:43:16,34.09
12:43:16.250000,34.09
12:43:16.500000,34.09
12:43:16.750000,34.09
12:43:17,34.09
12:43:17.250000,34.09
12:43:17.500000,34.09
12:43:17.750000,34.09
12:43:18,34.07
12:43:18.250000,34.07
12:43:18.500000,34.07
12:43:18.750000,34.07
12:43:19,34.09
12:43:19.250000,34.09
12:43:19.500000,34.09
12:43:19.750000,34.09
12:43:20,34.09
12:43:20.250000,34.09
12:43:20.500000,34.09
12:43:20.750000,34.09
12:43:21,34.09
12:43:21.250000,34.09
12:43:21.500000,34.09
12:43:21.750000,34.09
12:43:22,34.07
12:43:22.250000,34.07
12:43:22.500000,34.07
12:43:22.750000,34.07
12:43:23,34.07
12:43:23.250000,34.07
12:43:23.500000,34.07
12:43:23.750000,34.07
12:43:24,34.05
12:43:24.250000,34.05
12:43:24.500000,34.05
12:43:24.750000,34.05
12:43:25,34.07
12:43:25.250000,34.07
12:43:25.500000,34.07
12:43:25.750000,34.07
12:43:26,34.07
12:43:26.250000,34.07
12:43:26.500000,34.07
12:43:26.750000,34.07
12:43:27,34.05
12:43:27.250000,34.05
12:43:27.500000,34.05
12:43:27.750000,34.05
12:43:28,34.07
12:43:28.250000,34.07
12:43:28.500000,34.07
12:43:28.750000,34.07
12:43:29,34.07
12:43:29.250000,34.07
12:43:29.500000,34.07
12:43:29.750000,34.07
12:43:30,34.05
12:43:30.250000,34.05
12:43:30.500000,34.05
12:43:30.750000,34.05
12:43:31,34.05
12:43:31.250000,34.05
12:43:31.500000,34.05
12:43:31.750000,34.05
12:43:32,34.00
12:43:32.250000,34.00
12:43:32.500000,34.00
12:43:32.750000,34.00
12:43:33,34.05
12:43:33.250000,34.05
12:43:33.500000,34.05
12:43:33.750000,34.05
12:43:34,34.09
12:43:34.250000,34.09
12:43:34.500000,34.09
12:43:34.750000,34.09
12:43:35,34.09
12:43:35.250000,34.09
12:43:35.500000,34.09
12:43:35.750000,34.09
12:43:36,34.11
12:43:36.250000,34.11
12:43:36.500000,34.11
12:43:36.750000,34.11
12:43:37,34.07
12:43:37.250000,34.07
12:43:37.500000,34.07
12:43:37.750000,34.07
12:43:38,34.09
12:43:38.250000,34.09
12:43:38.500000,34.09
12:43:38.750000,34.09
12:43:39,34.07
12:43:39.250000,34.07
12:43:39.500000,34.07
12:43:39.750000,34.07
12:43:40,34.05
12:43:40.250000,34.05
12:43:40.500000,34.05
12:43:40.750000,34.05
12:43:41,34.05
12:43:41.250000,34.05
12:43:41.500000,34.05
12:43:41.750000,34.05
12:43:42,34.03
12:43:42.250000,34.03
12:43:42.500000,34.03
12:43:42.750000,34.03
12:43:43,34.07
12:43:43.250000,34.07
12:43:43.500000,34.07
12:43:43.750000,34.07
12:43:44,34.05
12:43:44.250000,34.05
12:43:44.500000,34.05
12:43:44.750000,34.05
12:43:45,34.05
12:43:45.250000,34.05
12:43:45.500000,34.05
12:43:45.750000,34.05
12:43:46,34.05
12:43:46.250000,34.05
12:43:46.500000,34.05
12:43:46.750000,34.05
12:43:47,34.07
12:43:47.250000,34.07
12:43:47.500000,34.07
12:43:47.750000,34.07
12:43:48,34.07
12:43:48.250000,34.07
12:43:48.500000,34.07
12:43:48.750000,34.07
12:43:49,34.07
12:43:49.250000,34.07
12:43:49.500000,34.07
12:43:49.750000,34.07
12:43:50,34.05
12:43:50.250000,34.05
12:43:50.500000,34.05
12:43:50.750000,34.05
12:43:51,34.07
12:43:51.250000,34.07
12:43:51.500000,34.07
12:43:51.750000,34.07
12:43:52,34.05
12:43:52.250000,34.05
12:43:52.500000,34.05
12:43:52.750000,34.05
12:43:53,34.05
12:43:53.250000,34.05
12:43:53.500000,34.05
12:43:53.750000,34.05
12:43:54,34.07
12:43:54.250000,34.07
12:43:54.500000,34.07
12:43:54.750000,34.07
12:43:55,34.07
12:43:55.250000,34.07
12:43:55.500000,34.07
12:43:55.750000,34.07
12:43:56,34.07
12:43:56.250000,34.07
12:43:56.500000,34.07
12:43:56.750000,34.07
12:43:57,34.07
12:43:57.250000,34.07
12:43:57.500000,34.07
12:43:57.750000,34.07
12:43:58,34.05
12:43:58.250000,34.05
12:43:58.500000,34.05
12:43:58.750000,34.05
12:43:59,34.00
12:43:59.250000,34.00
12:43:59.500000,34.00
12:43:59.750000,34.00
12:44:00,34.05
12:44:00.250000,34.05
12:44:00.500000,34.05
12:44:00.750000,34.05
12:44:01,34.05
12:44:01.250000,34.05
12:44:01.500000,34.05
12:44:01.750000,34.05
12:44:02,34.09
12:44:02.250000,34.09
12:44:02.500000,34.09
12:44:02.750000,34.09
12:44:03,34.07
12:44:03.250000,34.07
12:44:03.500000,34.07
12:44:03.750000,34.07
12:44:04,34.07
12:44:04.250000,34.07
12:44:04.500000,34.07
12:44:04.750000,34.07
12:44:05,34.05
12:44:05.250000,34.05
12:44:05.500000,34.05
12:44:05.750000,34.05
12:44:06,34.07
12:44:06.250000,34.07
12:44:06.500000,34.07
12:44:06.750000,34.07
12:44:07,34.00
12:44:07.250000,34.00
12:44:07.500000,34.00
12:44:07.750000,34.00
12:44:08,34.05
12:44:08.250000,34.05
12:44:08.500000,34.05
12:44:08.750000,34.05
12:44:09,34.05
12:44:09.250000,34.05
12:44:09.500000,34.05
12:44:09.750000,34.05
12:44:10,34.05
12:44:10.250000,34.05
12:44:10.500000,34.05
12:44:10.750000,34.05
12:44:11,34.07
12:44:11.250000,34.07
12:44:11.500000,34.07
12:44:11.750000,34.07
12:44:12,34.07
12:44:12.250000,34.07
12:44:12.500000,34.07
12:44:12.750000,34.07
12:44:13,34.07
12:44:13.250000,34.07
12:44:13.500000,34.07
12:44:13.750000,34.07
12:44:14,34.05
12:44:14.250000,34.05
12:44:14.500000,34.05
12:44:14.750000,34.05
12:44:15,34.07
12:44:15.250000,34.07
12:44:15.500000,34.07
12:44:15.750000,34.07
12:44:16,34.07
12:44:16.250000,34.07
12:44:16.500000,34.07
12:44:16.750000,34.07
12:44:17,34.07
12:44:17.250000,34.07
12:44:17.500000,34.07
12:44:17.750000,34.07
12:44:18,34.05
12:44:18.250000,34.05
12:44:18.500000,34.05
12:44:18.750000,34.05
12:44:19,34.05
12:44:19.250000,34.05
12:44:19.500000,34.05
12:44:19.750000,34.05
12:44:20,34.03
12:44:20.250000,34.03
12:44:20.500000,34.03
12:44:20.750000,34.03
12:44:21,34.05
12:44:21.250000,34.05
12:44:21.500000,34.05
12:44:21.750000,34.05
12:44:22,34.05
12:44:22.250000,34.05
12:44:22.500000,34.05
12:44:22.750000,34.05
12:44:23,34.07
12:44:23.250000,34.07
12:44:23.500000,34.07
12:44:23.750000,34.07
12:44:24,34.09
12:44:24.250000,34.09
12:44:24.500000,34.09
12:44:24.750000,34.09
12:44:25,34.09
12:44:25.250000,34.09
12:44:25.500000,34.09
12:44:25.750000,34.09
12:44:26,34.07
12:44:26.250000,34.07
12:44:26.500000,34.07
12:44:26.750000,34.07
12:44:27,34.07
12:44:27.250000,34.07
12:44:27.500000,34.07
12:44:27.750000,34.07
12:44:28,34.09
12:44:28.250000,34.09
12:44:28.500000,34.09
12:44:28.750000,34.09
12:44:29,34.07
12:44:29.250000,34.07
12:44:29.500000,34.07
12:44:29.750000,34.07
12:44:30,34.05
12:44:30.250000,34.05
12:44:30.500000,34.05
12:44:30.750000,34.05
12:44:31,34.05
12:44:31.250000,34.05
12:44:31.500000,34.05
12:44:31.750000,34.05
12:44:32,34.05
12:44:32.250000,34.05
12:44:32.500000,34.05
12:44:32.750000,34.05
12:44:33,34.03
12:44:33.250000,34.03
12:44:33.500000,34.03
12:44:33.750000,34.03
12:44:34,34.00
12:44:34.250000,34.00
12:44:34.500000,34.00
12:44:34.750000,34.00
12:44:35,33.97
12:44:35.250000,33.97
12:44:35.500000,33.97
12:44:35.750000,33.97
12:44:36,33.97
12:44:36.250000,33.97
12:44:36.500000,33.97
12:44:36.750000,33.97
12:44:37,33.95
12:44:37.250000,33.95
12:44:37.500000,33.95
12:44:37.750000,33.95
12:44:38,33.95
12:44:38.250000,33.95
12:44:38.500000,33.95
12:44:38.750000,33.95
12:44:39,33.95
12:44:39.250000,33.95
12:44:39.500000,33.95
12:44:39.750000,33.95
12:44:40,33.95
12:44:40.250000,33.95
12:44:40.500000,33.95
12:44:40.750000,33.95
12:44:41,33.99
12:44:41.250000,33.99
12:44:41.500000,33.99
12:44:41.750000,33.99
12:44:42,33.97
12:44:42.250000,33.97
12:44:42.500000,33.97
12:44:42.750000,33.97
12:44:43,33.97
12:44:43.250000,33.97
12:44:43.500000,33.97
12:44:43.750000,33.97
12:44:44,33.99
12:44:44.250000,33.99
12:44:44.500000,33.99
12:44:44.750000,33.99
12:44:45,34.03
12:44:45.250000,34.03
12:44:45.500000,34.03
12:44:45.750000,34.03
12:44:46,34.07
12:44:46.250000,34.07
12:44:46.500000,34.07
12:44:46.750000,34.07
12:44:47,34.07
12:44:47.250000,34.07
12:44:47.500000,34.07
12:44:47.750000,34.07
12:44:48,34.05
12:44:48.250000,34.05
12:44:48.500000,34.05
12:44:48.750000,34.05
12:44:49,34.07
12:44:49.250000,34.07
12:44:49.500000,34.07
12:44:49.750000,34.07
12:44:50,34.03
12:44:50.250000,34.03
12:44:50.500000,34.03
12:44:50.750000,34.03
12:44:51,34.03
12:44:51.250000,34.03
12:44:51.500000,34.03
12:44:51.750000,34.03
12:44:52,34.00
12:44:52.250000,34.00
12:44:52.500000,34.00
12:44:52.750000,34.00
12:44:53,34.00
12:44:53.250000,34.00
12:44:53.500000,34.00
12:44:53.750000,34.00
12:44:54,34.03
12:44:54.250000,34.03
12:44:54.500000,34.03
12:44:54.750000,34.03
12:44:55,34.03
12:44:55.250000,34.03
12:44:55.500000,34.03
12:44:55.750000,34.03
12:44:56,34.00
12:44:56.250000,34.00
12:44:56.500000,34.00
12:44:56.750000,34.00
12:44:57,33.97
12:44:57.250000,33.97
12:44:57.500000,33.97
12:44:57.750000,33.97
12:44:58,33.93
12:44:58.250000,33.93
12:44:58.500000,33.93
12:44:58.750000,33.93
12:44:59,33.95
12:44:59.250000,33.95
12:44:59.500000,33.95
12:44:59.750000,33.95
12:45:00,33.97
12:45:00.250000,33.97
12:45:00.500000,33.97
12:45:00.750000,33.97
12:45:01,33.95
12:45:01.250000,33.95
12:45:01.500000,33.95
12:45:01.750000,33.95
12:45:02,33.97
12:45:02.250000,33.97
12:45:02.500000,33.97
12:45:02.750000,33.97
12:45:03,34.00
12:45:03.250000,34.00
12:45:03.500000,34.00
12:45:03.750000,34.00
12:45:04,33.97
12:45:04.250000,33.97
12:45:04.500000,33.97
12:45:04.750000,33.97
12:45:05,33.97
12:45:05.250000,33.97
12:45:05.500000,33.97
12:45:05.750000,33.97
12:45:06,33.95
12:45:06.250000,33.95
12:45:06.500000,33.95
12:45:06.750000,33.95
12:45:07,33.99
12:45:07.250000,33.99
12:45:07.500000,33.99
12:45:07.750000,33.99
12:45:08,33.99
12:45:08.250000,33.99
12:45:08.500000,33.99
12:45:08.750000,33.99
12:45:09,33.95
12:45:09.250000,33.95
12:45:09.500000,33.95
12:45:09.750000,33.95
12:45:10,34.03
12:45:10.250000,34.03
12:45:10.500000,34.03
12:45:10.750000,34.03
12:45:11,33.99
12:45:11.250000,33.99
12:45:11.500000,33.99
12:45:11.750000,33.99
12:45:12,34.03
12:45:12.250000,34.03
12:45:12.500000,34.03
12:45:12.750000,34.03
12:45:13,34.00
12:45:13.250000,34.00
12:45:13.500000,34.00
12:45:13.750000,34.00
12:45:14,33.99
12:45:14.250000,33.99
12:45:14.500000,33.99
12:45:14.750000,33.99
12:45:15,33.99
12:45:15.250000,33.99
12:45:15.500000,33.99
12:45:15.750000,33.99
12:45:16,33.97
12:45:16.250000,33.97
12:45:16.500000,33.97
12:45:16.750000,33.97
12:45:17,33.99
12:45:17.250000,33.99
12:45:17.500000,33.99
12:45:17.750000,33.99
12:45:18,33.99
12:45:18.250000,33.99
12:45:18.500000,33.99
12:45:18.750000,33.99
12:45:19,33.95
12:45:19.250000,33.95
12:45:19.500000,33.95
12:45:19.750000,33.95
12:45:20,33.99
12:45:20.250000,33.99
12:45:20.500000,33.99
12:45:20.750000,33.99
12:45:21,33.97
12:45:21.250000,33.97
12:45:21.500000,33.97
12:45:21.750000,33.97
12:45:22,33.97
12:45:22.250000,33.97
12:45:22.500000,33.97
12:45:22.750000,33.97
12:45:23,33.95
12:45:23.250000,33.95
12:45:23.500000,33.95
12:45:23.750000,33.95
12:45:24,34.00
12:45:24.250000,34.00
12:45:24.500000,34.00
12:45:24.750000,34.00
12:45:25,33.97
12:45:25.250000,33.97
12:45:25.500000,33.97
12:45:25.750000,33.97
12:45:26,34.00
12:45:26.250000,34.00
12:45:26.500000,34.00
12:45:26.750000,34.00
12:45:27,33.97
12:45:27.250000,33.97
12:45:27.500000,33.97
12:45:27.750000,33.97
12:45:28,33.93
12:45:28.250000,33.93
12:45:28.500000,33.93
12:45:28.750000,33.93
12:45:29,33.97
12:45:29.250000,33.97
12:45:29.500000,33.97
12:45:29.750000,33.97
12:45:30,33.95
12:45:30.250000,33.95
12:45:30.500000,33.95
12:45:30.750000,33.95
12:45:31,33.93
12:45:31.250000,33.93
12:45:31.500000,33.93
12:45:31.750000,33.93
12:45:32,33.95
12:45:32.250000,33.95
12:45:32.500000,33.95
12:45:32.750000,33.95
12:45:33,33.95
12:45:33.250000,33.95
12:45:33.500000,33.95
12:45:33.750000,33.95
12:45:34,33.95
12:45:34.250000,33.95
12:45:34.500000,33.95
12:45:34.750000,33.95
12:45:35,33.93
12:45:35.250000,33.93
12:45:35.500000,33.93
12:45:35.750000,33.93
12:45:36,33.89
12:45:36.250000,33.89
12:45:36.500000,33.89
12:45:36.750000,33.89
12:45:37,33.95
12:45:37.250000,33.95
12:45:37.500000,33.95
12:45:37.750000,33.95
12:45:38,33.97
12:45:38.250000,33.97
12:45:38.500000,33.97
12:45:38.750000,33.97
12:45:39,33.95
12:45:39.250000,33.95
12:45:39.500000,33.95
12:45:39.750000,33.95
12:45:40,33.93
12:45:40.250000,33.93
12:45:40.500000,33.93
12:45:40.750000,33.93
12:45:41,33.93
12:45:41.250000,33.93
12:45:41.500000,33.93
12:45:41.750000,33.93
12:45:42,33.95
12:45:42.250000,33.95
12:45:42.500000,33.95
12:45:42.750000,33.95
12:45:43,33.95
12:45:43.250000,33.95
12:45:43.500000,33.95
12:45:43.750000,33.95
12:45:44,33.97
12:45:44.250000,33.97
12:45:44.500000,33.97
12:45:44.750000,33.97
12:45:45,33.91
12:45:45.250000,33.91
12:45:45.500000,33.91
12:45:45.750000,33.91
12:45:46,33.93
12:45:46.250000,33.93
12:45:46.500000,33.93
12:45:46.750000,33.93
12:45:47,33.91
12:45:47.250000,33.91
12:45:47.500000,33.91
12:45:47.750000,33.91
12:45:48,33.89
12:45:48.250000,33.89
12:45:48.500000,33.89
12:45:48.750000,33.89
12:45:49,33.93
12:45:49.250000,33.93
12:45:49.500000,33.93
12:45:49.750000,33.93
12:45:50,33.95
12:45:50.250000,33.95
12:45:50.500000,33.95
12:45:50.750000,33.95
12:45:51,33.93
12:45:51.250000,33.93
12:45:51.500000,33.93
12:45:51.750000,33.93
12:45:52,33.89
12:45:52.250000,33.89
12:45:52.500000,33.89
12:45:52.750000,33.89
12:45:53,33.89
12:45:53.250000,33.89
12:45:53.500000,33.89
12:45:53.750000,33.89
12:45:54,33.91
12:45:54.250000,33.91
12:45:54.500000,33.91
12:45:54.750000,33.91
12:45:55,33.89
12:45:55.250000,33.89
12:45:55.500000,33.89
12:45:55.750000,33.89
12:45:56,33.91
12:45:56.250000,33.91
12:45:56.500000,33.91
12:45:56.750000,33.91
12:45:57,33.89
12:45:57.250000,33.89
12:45:57.500000,33.89
12:45:57.750000,33.89
12:45:58,33.87
12:45:58.250000,33.87
12:45:58.500000,33.87
12:45:58.750000,33.87
12:45:59,33.87
12:45:59.250000,33.87
12:45:59.500000,33.87
12:45:59.750000,33.87
12:46:00,33.87
12:46:00.250000,33.87
12:46:00.500000,33.87
12:46:00.750000,33.87
12:46:01,33.87
12:46:01.250000,33.87
12:46:01.500000,33.87
12:46:01.750000,33.87
12:46:02,33.91
12:46:02.250000,33.91
12:46:02.500000,33.91
12:46:02.750000,33.91
12:46:03,33.89
12:46:03.250000,33.89
12:46:03.500000,33.89
12:46:03.750000,33.89
12:46:04,33.91
12:46:04.250000,33.91
12:46:04.500000,33.91
12:46:04.750000,33.91
12:46:05,33.93
12:46:05.250000,33.93
12:46:05.500000,33.93
12:46:05.750000,33.93
12:46:06,33.89
12:46:06.250000,33.89
12:46:06.500000,33.89
12:46:06.750000,33.89
12:46:07,33.93
12:46:07.250000,33.93
12:46:07.500000,33.93
12:46:07.750000,33.93
12:46:08,33.84
12:46:08.250000,33.84
12:46:08.500000,33.84
12:46:08.750000,33.84
12:46:09,33.91
12:46:09.250000,33.91
12:46:09.500000,33.91
12:46:09.750000,33.91
12:46:10,33.91
12:46:10.250000,33.91
12:46:10.500000,33.91
12:46:10.750000,33.91
12:46:11,33.91
12:46:11.250000,33.91
12:46:11.500000,33.91
12:46:11.750000,33.91
12:46:12,33.89
12:46:12.250000,33.89
12:46:12.500000,33.89
12:46:12.750000,33.89
12:46:13,33.87
12:46:13.250000,33.87
12:46:13.500000,33.87
12:46:13.750000,33.87
12:46:14,33.89
12:46:14.250000,33.89
12:46:14.500000,33.89
12:46:14.750000,33.89
12:46:15,33.87
12:46:15.250000,33.87
12:46:15.500000,33.87
12:46:15.750000,33.87
12:46:16,33.89
12:46:16.250000,33.89
12:46:16.500000,33.89
12:46:16.750000,33.89
12:46:17,33.89
12:46:17.250000,33.89
12:46:17.500000,33.89
12:46:17.750000,33.89
12:46:18,33.87
12:46:18.250000,33.87
12:46:18.500000,33.87
12:46:18.750000,33.87
12:46:19,33.83
12:46:19.250000,33.83
12:46:19.500000,33.83
12:46:19.750000,33.83
12:46:20,33.84
12:46:20.250000,33.84
12:46:20.500000,33.84
12:46:20.750000,33.84
12:46:21,33.84
12:46:21.250000,33.84
12:46:21.500000,33.84
12:46:21.750000,33.84
12:46:22,33.84
12:46:22.250000,33.84
12:46:22.500000,33.84
12:46:22.750000,33.84
12:46:23,33.84
12:46:23.250000,33.84
12:46:23.500000,33.84
12:46:23.750000,33.84
12:46:24,33.87
12:46:24.250000,33.87
12:46:24.500000,33.87
12:46:24.750000,33.87
12:46:25,33.84
12:46:25.250000,33.84
12:46:25.500000,33.84
12:46:25.750000,33.84
12:46:26,33.84
12:46:26.250000,33.84
12:46:26.500000,33.84
12:46:26.750000,33.84
12:46:27,33.87
12:46:27.250000,33.87
12:46:27.500000,33.87
12:46:27.750000,33.87
12:46:28,33.84
12:46:28.250000,33.84
12:46:28.500000,33.84
12:46:28.750000,33.84
12:46:29,33.83
12:46:29.250000,33.83
12:46:29.500000,33.83
12:46:29.750000,33.83
12:46:30,33.83
12:46:30.250000,33.83
12:46:30.500000,33.83
12:46:30.750000,33.83
12:46:31,33.79
12:46:31.250000,33.79
12:46:31.500000,33.79
12:46:31.750000,33.79
