Time,,Measurement
46:05.0,0,0
46:05.2,0.25,0.832765
46:05.5,0.5,1.178949
46:05.7,0.75,1.617181
46:06.0,1,2.095159
46:06.3,1.25,2.583487
46:06.5,1.5,3.085768
46:06.7,1.75,3.581714
46:07.0,2,3.919134
46:07.2,2.25,3.988667
46:07.5,2.5,4.015571
46:07.7,2.75,4.039914
46:08.0,3,4.059131
46:08.3,3.25,4.070662
46:08.5,3.5,4.087317
46:08.7,3.75,4.095004
46:09.0,4,4.102691
46:09.2,4.25,4.114222
46:09.5,4.5,4.125752
46:09.8,4.75,4.125752
46:10.0,5,4.137283
46:10.3,5.25,4.142408
46:10.5,5.5,4.148814
46:10.7,5.75,4.157782
46:11.0,6,4.168031
46:11.2,6.25,4.175718
46:11.5,6.5,4.175718
46:11.8,6.75,4.173156
46:12.0,7,4.184687
46:12.3,7.25,4.185968
46:12.5,7.5,4.189811
46:12.7,7.75,4.193655
46:13.0,8,4.193655
46:13.2,8.25,4.196217
46:13.5,8.5,4.200061
46:13.7,8.75,4.211591
46:14.0,9,4.206467
46:14.3,9.25,4.203904
46:14.5,9.5,4.209029
46:14.7,9.75,4.209029
46:15.0,10,4.205185
46:15.2,10.25,4.209029
46:15.5,10.5,4.209029
46:15.8,10.75,4.21031
46:16.0,11,4.216716
46:16.2,11.25,4.228247
46:16.5,11.5,4.223122
46:16.7,11.75,4.223122
46:17.0,12,4.226965
46:17.2,12.25,4.225684
46:17.5,12.5,4.228247
46:17.8,12.75,4.238496
46:18.0,13,4.237215
46:18.2,13.25,4.230809
46:18.5,13.5,4.238496
46:18.7,13.75,4.234653
46:19.0,14,4.241058
46:19.2,14.25,4.244902
46:19.5,14.5,4.251308
46:19.8,14.75,4.248745
46:20.0,15,4.25387
46:20.2,15.25,4.257714
46:20.5,15.5,4.261557
46:20.7,15.75,4.265401
46:21.0,16,4.276931
46:21.3,16.25,4.282056
46:21.5,16.5,4.287181
46:21.8,16.75,4.283337
46:22.0,17,4.289743
46:22.2,17.25,4.29743
46:22.5,17.5,4.302555
46:22.7,17.75,4.302555
46:23.0,18,4.312804
46:23.2,18.25,4.31921
46:23.5,18.5,4.337147
46:23.8,18.75,4.344834
46:24.0,19,4.353802
46:24.2,19.25,4.355083
46:24.5,19.5,4.347396
46:24.7,19.75,4.342271
46:25.0,20,4.325616
46:25.3,20.25,4.369176
46:25.5,20.5,4.412736
46:25.7,20.75,4.405049
46:26.0,21,4.419142
46:26.2,21.25,4.430187
46:26.5,21.5,4.434031
46:26.7,21.75,4.435311
46:27.0,22,4.437874
46:27.3,22.25,4.437874
46:27.5,22.5,4.432749
46:27.7,22.75,4.440436
46:28.0,23,4.440436
46:28.2,23.25,4.434031
46:28.5,23.5,4.437874
46:28.7,23.75,4.439155
46:29.0,24,4.434031
46:29.3,24.25,4.435311
46:29.5,24.5,4.435311
46:29.7,24.75,4.436593
46:30.0,25,4.435311
46:30.2,25.25,4.435311
46:30.5,25.5,4.436593
46:30.8,25.75,4.439155
46:31.0,26,4.439155
46:31.3,26.25,4.435311
46:31.5,26.5,4.437874
46:31.7,26.75,4.427625
46:32.0,27,4.431468
46:32.2,27.25,4.441718
46:32.5,27.5,4.441718
46:32.7,27.75,4.436593
46:33.0,28,4.436593
46:33.3,28.25,4.44428
46:33.5,28.5,4.440436
46:33.7,28.75,4.436593
46:34.0,29,4.436593
46:34.2,29.25,4.440436
46:34.5,29.5,4.432749
46:34.8,29.75,4.428905
46:35.0,30,4.425062
46:35.2,30.25,4.419938
46:35.5,30.5,4.4225
46:35.7,30.75,4.419938
46:36.0,31,4.4225
46:36.2,31.25,4.4225
46:36.5,31.5,4.421218
46:36.8,31.75,4.4225
46:37.0,32,4.417375
46:37.2,32.25,4.414813
46:37.5,32.5,4.417375
46:37.7,32.75,4.426343
46:38.0,33,4.427625
46:38.2,33.25,4.425062
46:38.5,33.5,4.4225
46:38.8,33.75,4.419938
46:39.0,34,4.421218
46:39.2,34.25,4.414813
46:39.5,34.5,4.414813
46:39.7,34.75,4.416094
46:40.0,35,4.408407
46:40.3,35.25,4.405845
46:40.5,35.5,4.402001
46:40.8,35.75,4.398158
46:41.0,36,4.40072
46:41.2,36.25,4.391752
46:41.5,36.5,4.395595
46:41.7,36.75,4.387908
46:42.0,37,4.394314
46:42.2,37.25,4.396876
46:42.5,37.5,4.393033
46:42.8,37.75,4.389189
46:43.0,38,4.390471
46:43.2,38.25,4.386627
46:43.5,38.5,4.382783
46:43.7,38.75,4.382783
46:44.0,39,4.384065
46:44.3,39.25,4.386627
46:44.5,39.5,4.389189
46:44.7,39.75,4.381502
46:45.0,40,4.376378
46:45.2,40.25,4.372534
46:45.5,40.5,4.390471
46:45.7,40.75,4.386627
46:46.0,41,4.387908
46:46.3,41.25,4.389189
46:46.5,41.5,4.37894
46:46.8,41.75,4.375096
46:47.0,42,4.369972
46:47.2,42.25,4.36869
46:47.5,42.5,4.373815
46:47.7,42.75,4.372534
46:48.0,43,4.373815
46:48.3,43.25,4.37894
46:48.5,43.5,4.36869
46:48.7,43.75,4.366128
46:49.0,44,4.367409
46:49.2,44.25,4.36869
46:49.5,44.5,4.36869
46:49.7,44.75,4.36869
46:50.0,45,4.359722
46:50.3,45.25,4.359722
46:50.5,45.5,4.359722
46:50.7,45.75,4.364847
46:51.0,46,4.36869
46:51.2,46.25,4.36869
46:51.5,46.5,4.359722
46:51.7,46.75,4.362285
46:52.0,47,4.35716
46:52.3,47.25,4.35716
46:52.5,47.5,4.362285
46:52.7,47.75,4.355878
46:53.0,48,4.350754
46:53.2,48.25,4.350754
46:53.5,48.5,4.35716
46:53.8,48.75,4.362285
46:54.0,49,4.358441
46:54.2,49.25,4.353316
46:54.5,49.5,4.350754
46:54.7,49.75,4.349473
46:55.0,50,4.35716
46:55.2,50.25,4.359722
46:55.5,50.5,4.352035
46:55.8,50.75,4.348192
46:56.0,51,4.349473
46:56.3,51.25,4.348192
46:56.5,51.5,4.349473
46:56.7,51.75,4.337942
46:57.0,52,4.33538
46:57.2,52.25,4.332818
46:57.5,52.5,4.330255
46:57.8,52.75,4.337942
46:58.0,53,4.343067
46:58.2,53.25,4.344348
46:58.5,53.5,4.355878
46:58.7,53.75,4.363565
46:59.0,54,4.372534
46:59.2,54.25,4.380221
46:59.5,54.5,4.389189
46:59.8,54.75,4.389189
47:00.0,55,4.389189
47:00.2,55.25,4.384065
47:00.5,55.5,4.373815
47:00.7,55.75,4.382783
47:01.0,56,4.376378
47:01.2,56.25,4.371253
47:01.5,56.5,4.372534
47:01.8,56.75,4.369972
47:02.0,57,4.377658
47:02.2,57.25,4.37894
47:02.5,57.5,4.377658
47:02.7,57.75,4.380221
47:03.0,58,4.37894
47:03.3,58.25,4.372534
47:03.5,58.5,4.384065
47:03.7,58.75,4.380221
47:04.0,59,4.376378
47:04.2,59.25,4.385345
47:04.5,59.5,4.386627
47:04.7,59.75,4.382783
47:05.0,60,4.380221
47:05.3,60.25,4.371253
47:05.5,60.5,4.384065
47:05.8,60.75,4.371253
47:06.0,61,4.366128
47:06.2,61.25,4.364847
47:06.5,61.5,4.366128
47:06.7,61.75,4.362285
47:07.0,62,4.361003
47:07.3,62.25,4.353316
47:07.5,62.5,4.348192
47:07.8,62.75,4.352035
47:08.0,63,4.362285
47:08.2,63.25,4.36869
47:08.5,63.5,4.372534
47:08.7,63.75,4.376378
47:09.0,64,4.387908
47:09.3,64.25,4.385345
47:09.5,64.5,4.381502
47:09.7,64.75,4.380221
47:10.0,65,4.382783
47:10.2,65.25,4.375096
47:10.5,65.5,4.376378
47:10.7,65.75,4.371253
47:11.0,66,4.364847
47:11.3,66.25,4.367409
47:11.5,66.5,4.364847
47:11.7,66.75,4.363565
47:12.0,67,4.359722
47:12.2,67.25,4.352035
47:12.5,67.5,4.354598
47:12.8,67.75,4.359722
47:13.0,68,4.355878
47:13.2,68.25,4.350754
47:13.5,68.5,4.353316
47:13.7,68.75,4.353316
47:14.0,69,4.355878
47:14.2,69.25,4.350754
47:14.5,69.5,4.352035
47:14.8,69.75,4.354598
47:15.0,70,4.349473
47:15.3,70.25,4.352035
47:15.5,70.5,4.350754
47:15.7,70.75,4.34691
47:16.0,71,4.350754
47:16.2,71.25,4.34691
47:16.5,71.5,4.345629
47:16.8,71.75,4.345629
47:17.0,72,4.349473
47:17.3,72.25,4.348192
47:17.5,72.5,4.352035
47:17.7,72.75,4.344348
47:18.0,73,4.34691
47:18.2,73.25,4.353316
47:18.5,73.5,4.355878
47:18.8,73.75,4.352035
47:19.0,74,4.354598
47:19.2,74.25,4.353316
47:19.5,74.5,4.353316
47:19.7,74.75,4.352035
47:20.0,75,4.349473
47:20.2,75.25,4.341785
47:20.5,75.5,4.341785
47:20.8,75.75,4.337942
47:21.0,76,4.33538
47:21.2,76.25,4.33538
47:21.5,76.5,4.328974
47:21.7,76.75,4.330255
47:22.0,77,4.323849
47:22.3,77.25,4.322568
47:22.5,77.5,4.326412
47:22.7,77.75,4.331536
47:23.0,78,4.327693
47:23.2,78.25,4.330255
47:23.5,78.5,4.32513
47:23.7,78.75,4.328974
47:24.0,79,4.327693
47:24.3,79.25,4.328974
47:24.5,79.5,4.327693
47:24.8,79.75,4.330255
47:25.0,80,4.323849
47:25.2,80.25,4.323849
47:25.5,80.5,4.341785
47:25.7,80.75,4.330255
47:26.0,81,4.326412
47:26.3,81.25,4.317443
47:26.5,81.5,4.318725
47:26.8,81.75,4.314881
47:27.0,82,4.3136
47:27.2,82.25,4.311038
47:27.5,82.5,4.307194
47:27.7,82.75,4.312319
47:28.0,83,4.304632
47:28.3,83.25,4.308475
47:28.5,83.5,4.302069
47:28.7,83.75,4.305912
47:29.0,84,4.296945
47:29.2,84.25,4.296945
47:29.5,84.5,4.294382
47:29.7,84.75,4.293101
47:30.0,85,4.293101
47:30.3,85.25,4.290539
47:30.5,85.5,4.296945
47:30.7,85.75,4.29182
47:31.0,86,4.286695
47:31.2,86.25,4.287976
47:31.5,86.5,4.282852
47:31.8,86.75,4.277727
47:32.0,87,4.279008
47:32.2,87.25,4.277727
47:32.5,87.5,4.275165
47:32.7,87.75,4.27004
47:33.0,88,4.271321
47:33.2,88.25,4.27004
47:33.5,88.5,4.276445
47:33.8,88.75,4.277727
47:34.0,89,4.275165
47:34.3,89.25,4.272602
47:34.5,89.5,4.266196
47:34.7,89.75,4.268759
47:35.0,90,4.262352
47:35.2,90.25,4.264915
47:35.5,90.5,4.263634
47:35.8,90.75,4.254666
47:36.0,91,4.255947
47:36.3,91.25,4.255947
47:36.5,91.5,4.263634
47:36.7,91.75,4.255947
47:37.0,92,4.255947
47:37.2,92.25,4.255947
47:37.5,92.5,4.246979
47:37.8,92.75,4.250822
47:38.0,93,4.245697
47:38.3,93.25,4.246979
47:38.5,93.5,4.246979
47:38.7,93.75,4.246979
47:39.0,94,4.240572
47:39.2,94.25,4.243135
47:39.5,94.5,4.245697
47:39.8,94.75,4.240572
47:40.0,95,4.244416
47:40.2,95.25,4.235448
47:40.5,95.5,4.229042
47:40.7,95.75,4.236729
47:41.0,96,4.236729
47:41.2,96.25,4.231605
47:41.5,96.5,4.231605
47:41.7,96.75,4.232886
47:42.0,97,4.244416
47:42.2,97.25,4.239292
47:42.5,97.5,4.236729
47:42.7,97.75,4.235448
47:43.0,98,4.240572
47:43.3,98.25,4.236729
47:43.5,98.5,4.236729
47:43.8,98.75,4.236729
47:44.0,99,4.234167
47:44.2,99.25,4.236729
47:44.5,99.5,4.225199
47:44.7,99.75,4.232886
47:45.0,100,4.227761
47:45.3,100.25,4.232886
47:45.5,100.5,4.239292
47:45.8,100.75,4.234167
47:46.0,101,4.230323
47:46.2,101.25,4.22648
47:46.5,101.5,4.229042
47:46.7,101.75,4.222636
47:47.0,102,4.221355
47:47.3,102.25,4.222636
47:47.5,102.5,4.222636
47:47.8,102.75,4.221355
47:48.0,103,4.21623
47:48.2,103.25,4.21623
47:48.5,103.5,4.214949
47:48.7,103.75,4.213668
47:49.0,104,4.214949
47:49.3,104.25,4.213668
47:49.5,104.5,4.208543
47:49.7,104.75,4.212387
47:50.0,105,4.209825
47:50.2,105.25,4.222636
47:50.5,105.5,4.217512
47:50.7,105.75,4.211106
47:51.0,106,4.212387
47:51.2,106.25,4.212387
47:51.5,106.5,4.211106
47:51.7,106.75,4.212387
47:52.0,107,4.211106
47:52.2,107.25,4.209825
47:52.5,107.5,4.212387
47:52.8,107.75,4.213668
47:53.0,108,4.212387
47:53.3,108.25,4.209825
47:53.5,108.5,4.2047
47:53.7,108.75,4.207262
47:54.0,109,4.208543
47:54.2,109.25,4.207262
47:54.5,109.5,4.202137
47:54.8,109.75,4.2047
47:55.0,110,4.199575
47:55.3,110.25,4.199575
47:55.5,110.5,4.197013
47:55.7,110.75,4.191888
47:56.0,111,4.200856
47:56.2,111.25,4.195732
47:56.5,111.5,4.190607
47:56.8,111.75,4.191888
47:57.0,112,4.185482
47:57.3,112.25,4.191888
47:57.5,112.5,4.191888
47:57.7,112.75,4.189326
47:58.0,113,4.190607
47:58.2,113.25,4.197013
47:58.5,113.5,4.199575
47:58.8,113.75,4.202137
47:59.0,114,4.198294
47:59.2,114.25,4.197013
47:59.5,114.5,4.199575
47:59.7,114.75,4.19445
48:00.0,115,4.191888
48:00.2,115.25,4.197013
48:00.5,115.5,4.189326
48:00.7,115.75,4.188045
48:01.0,116,4.184201
48:01.2,116.25,4.185482
48:01.5,116.5,4.180357
48:01.7,116.75,4.186763
48:02.0,117,4.175233
48:02.3,117.25,4.175233
48:02.5,117.5,4.17267
48:02.8,117.75,4.17267
48:03.0,118,4.173952
48:03.2,118.25,4.17267
48:03.5,118.5,4.171389
48:03.7,118.75,4.164983
48:04.0,119,4.163702
48:04.3,119.25,4.164983
48:04.5,119.5,4.164983
48:04.8,119.75,4.161139
48:05.0,120,4.163702
48:05.2,120.25,4.162421
48:05.5,120.5,4.175233
48:05.7,120.75,4.167546
48:06.0,121,4.167546
48:06.3,121.25,4.164983
48:06.5,121.5,4.167546
48:06.8,121.75,4.170108
48:07.0,122,4.166265
48:07.2,122.25,4.167546
48:07.5,122.5,4.168827
48:07.7,122.75,4.166265
48:08.0,123,4.161139
48:08.3,123.25,4.157296
48:08.5,123.5,4.154734
48:08.8,123.75,4.157296
48:09.0,124,4.153453
48:09.2,124.25,4.149609
48:09.5,124.5,4.149609
48:09.7,124.75,4.147047
48:10.0,125,4.148328
48:10.2,125.25,4.147047
48:10.5,125.5,4.149609
48:10.7,125.75,4.141922
48:11.0,126,4.145766
48:11.2,126.25,4.144485
48:11.5,126.5,4.141922
48:11.7,126.75,4.145766
48:12.0,127,4.147047
48:12.3,127.25,4.148328
48:12.5,127.5,4.144485
48:12.7,127.75,4.145766
48:13.0,128,4.139359
48:13.2,128.25,4.139359
48:13.5,128.5,4.132954
48:13.8,128.75,4.131673
48:14.0,129,4.135516
48:14.3,129.25,4.134235
48:14.5,129.5,4.141922
48:14.7,129.75,4.145766
48:15.0,130,4.134235
48:15.2,130.25,4.134235
48:15.5,130.5,4.131673
48:15.8,130.75,4.126548
48:16.0,131,4.127829
48:16.3,131.25,4.122705
48:16.5,131.5,4.125267
48:16.7,131.75,4.123986
48:17.0,132,4.126548
48:17.2,132.25,4.11758
48:17.5,132.5,4.113736
48:17.8,132.75,4.125267
48:18.0,133,4.116299
48:18.3,133.25,4.115017
48:18.5,133.5,4.118861
48:18.7,133.75,4.120142
48:19.0,134,4.11758
48:19.2,134.25,4.112455
48:19.5,134.5,4.113736
48:19.7,134.75,4.109893
48:20.0,135,4.111174
48:20.2,135.25,4.109893
48:20.5,135.5,4.108612
48:20.7,135.75,4.108612
48:21.0,136,4.10733
48:21.2,136.25,4.106049
48:21.5,136.5,4.10733
48:21.8,136.75,4.102206
48:22.0,137,4.0958
48:22.2,137.25,4.104768
48:22.5,137.5,4.106049
48:22.7,137.75,4.097081
48:23.0,138,4.097081
48:23.3,138.25,4.106049
48:23.5,138.5,4.102206
48:23.8,138.75,4.098362
48:24.0,139,4.103487
48:24.2,139.25,4.098362
48:24.5,139.5,4.097081
48:24.7,139.75,4.099643
48:25.0,140,4.0958
48:25.3,140.25,4.093237
48:25.5,140.5,4.108612
48:25.8,140.75,4.100924
48:26.0,141,4.100924
48:26.2,141.25,4.091956
48:26.5,141.5,4.094519
48:26.7,141.75,4.089394
48:27.0,142,4.090675
48:27.3,142.25,4.089394
48:27.5,142.5,4.091956
48:27.8,142.75,4.089394
48:28.0,143,4.086832
48:28.2,143.25,4.086832
48:28.5,143.5,4.082988
48:28.7,143.75,4.093237
48:29.0,144,4.090675
48:29.2,144.25,4.080426
48:29.5,144.5,4.081707
48:29.7,144.75,4.081707
48:30.0,145,4.076582
48:30.2,145.25,4.077863
48:30.5,145.5,4.080426
48:30.7,145.75,4.075301
48:31.0,146,4.079144
48:31.3,146.25,4.079144
48:31.5,146.5,4.080426
48:31.7,146.75,4.077863
48:32.0,147,4.07402
48:32.2,147.25,4.075301
48:32.5,147.5,4.072739
48:32.8,147.75,4.072739
48:33.0,148,4.071457
48:33.3,148.25,4.065052
48:33.5,148.5,4.072739
48:33.7,148.75,4.071457
48:34.0,149,4.070176
48:34.2,149.25,4.067614
48:34.5,149.5,4.071457
48:34.8,149.75,4.071457
48:35.0,150,4.065052
48:35.3,150.25,4.065052
48:35.5,150.5,4.057364
48:35.7,150.75,4.068895
48:36.0,151,4.066333
48:36.2,151.25,4.065052
48:36.5,151.5,4.06377
48:36.8,151.75,4.065052
48:37.0,152,4.068895
48:37.3,152.25,4.075301
48:37.5,152.5,4.067614
48:37.7,152.75,4.062489
48:38.0,153,4.065052
48:38.2,153.25,4.059927
48:38.5,153.5,4.061208
48:38.7,153.75,4.059927
48:39.0,154,4.058646
48:39.3,154.25,4.062489
48:39.5,154.5,4.061208
48:39.7,154.75,4.058646
48:40.0,155,4.059927
48:40.2,155.25,4.065052
48:40.5,155.5,4.062489
48:40.8,155.75,4.061208
48:41.0,156,4.056083
48:41.2,156.25,4.053521
48:41.5,156.5,4.059927
48:41.7,156.75,4.058646
48:42.0,157,4.057364
48:42.2,157.25,4.057364
48:42.5,157.5,4.065052
48:42.8,157.75,4.058646
48:43.0,158,4.059927
48:43.2,158.25,4.054802
48:43.5,158.5,4.048396
48:43.7,158.75,4.05224
48:44.0,159,4.056083
48:44.3,159.25,4.054802
48:44.5,159.5,4.048396
48:44.8,159.75,4.054802
48:45.0,160,4.050959
48:45.2,160.25,4.056083
48:45.5,160.5,4.06377
48:45.7,160.75,4.057364
48:46.0,161,4.059927
48:46.3,161.25,4.053521
48:46.5,161.5,4.050959
48:46.8,161.75,4.05224
48:47.0,162,4.053521
48:47.2,162.25,4.050959
48:47.5,162.5,4.049677
48:47.7,162.75,4.043272
48:48.0,163,4.053521
48:48.2,163.25,4.048396
48:48.5,163.5,4.045834
48:48.8,163.75,4.038147
48:49.0,164,4.040709
48:49.2,164.25,4.043272
48:49.5,164.5,4.04199
48:49.7,164.75,4.045834
48:50.0,165,4.049677
48:50.3,165.25,4.048396
48:50.5,165.5,4.049677
48:50.7,165.75,4.047115
48:51.0,166,4.05224
48:51.2,166.25,4.053521
48:51.5,166.5,4.048396
48:51.7,166.75,4.049677
48:52.0,167,4.048396
48:52.3,167.25,4.047115
48:52.5,167.5,4.044553
48:52.7,167.75,4.044553
48:53.0,168,4.040709
48:53.2,168.25,4.044553
48:53.5,168.5,4.048396
48:53.8,168.75,4.04199
48:54.0,169,4.040709
48:54.3,169.25,4.035584
48:54.5,169.5,4.033022
48:54.7,169.75,4.033022
48:55.0,170,4.033022
48:55.2,170.25,4.035584
48:55.5,170.5,4.035584
48:55.8,170.75,4.034303
48:56.0,171,4.031741
48:56.3,171.25,4.034303
48:56.5,171.5,4.036866
48:56.7,171.75,4.033022
48:57.0,172,4.029179
48:57.2,172.25,4.026616
48:57.5,172.5,4.027897
48:57.7,172.75,4.029179
48:58.0,173,4.03046
48:58.3,173.25,4.027897
48:58.5,173.5,4.03046
48:58.7,173.75,4.026616
48:59.0,174,4.029179
48:59.2,174.25,4.024054
48:59.5,174.5,4.027897
48:59.8,174.75,4.024054
49:00.0,175,4.026616
49:00.2,175.25,4.022773
49:00.5,175.5,4.026616
49:00.7,175.75,4.025335
49:01.0,176,4.03046
49:01.2,176.25,4.022773
49:01.5,176.5,4.018929
49:01.8,176.75,4.029179
49:02.0,177,4.024054
49:02.2,177.25,4.027897
49:02.5,177.5,4.018929
49:02.7,177.75,4.022773
49:03.0,178,4.016367
49:03.2,178.25,4.018929
49:03.5,178.5,4.017648
49:03.8,178.75,4.015086
49:04.0,179,4.016367
49:04.2,179.25,4.011242
49:04.5,179.5,4.016367
49:04.7,179.75,4.015086
49:05.0,180,4.011242
49:05.3,180.25,4.012523
49:05.5,180.5,4.022773
49:05.8,180.75,4.016367
49:06.0,181,4.017648
49:06.2,181.25,4.012523
49:06.5,181.5,4.015086
49:06.7,181.75,4.02021
49:07.0,182,4.021492
49:07.2,182.25,4.022773
49:07.5,182.5,4.02021
49:07.8,182.75,4.021492
49:08.0,183,4.025335
49:08.2,183.25,4.026616
49:08.5,183.5,4.02021
49:08.7,183.75,4.015086
49:09.0,184,4.018929
49:09.3,184.25,4.02021
49:09.5,184.5,4.02021
49:09.7,184.75,4.012523
49:10.0,185,4.029179
49:10.2,185.25,4.027897
49:10.5,185.5,4.029179
49:10.7,185.75,4.026616
49:11.0,186,4.027897
49:11.3,186.25,4.027897
49:11.5,186.5,4.021492
49:11.7,186.75,4.026616
49:12.0,187,4.027897
49:12.2,187.25,4.026616
49:12.5,187.5,4.025335
49:12.7,187.75,4.029179
49:13.0,188,4.031741
49:13.3,188.25,4.027897
49:13.5,188.5,4.021492
49:13.7,188.75,4.021492
49:14.0,189,4.024054
49:14.2,189.25,4.026616
49:14.5,189.5,4.027897
49:14.8,189.75,4.025335
49:15.0,190,4.025335
49:15.3,190.25,4.027897
49:15.5,190.5,4.029179
49:15.7,190.75,4.024054
49:16.0,191,4.022773
49:16.2,191.25,4.025335
49:16.5,191.5,4.02021
49:16.7,191.75,4.018929
49:17.0,192,4.013804
49:17.3,192.25,4.016367
49:17.5,192.5,4.018929
49:17.7,192.75,4.016367
49:18.0,193,4.013804
49:18.2,193.25,4.024054
49:18.5,193.5,4.02021
49:18.8,193.75,4.018929
49:19.0,194,4.02021
49:19.2,194.25,4.021492
49:19.5,194.5,4.022773
49:19.7,194.75,4.024054
49:20.0,195,4.022773
49:20.2,195.25,4.016367
49:20.5,195.5,4.016367
49:20.8,195.75,4.013804
49:21.0,196,4.013804
49:21.2,196.25,4.004836
49:21.5,196.5,4.007399
49:21.7,196.75,4.007399
49:22.0,197,4.006117
49:22.2,197.25,4.003555
49:22.5,197.5,4.003555
49:22.8,197.75,4.004836
49:23.0,198,4.002274
49:23.2,198.25,3.999712
49:23.5,198.5,4.002274
49:23.7,198.75,4.00868
49:24.0,199,4.004836
49:24.3,199.25,3.99843
49:24.5,199.5,3.992024
49:24.8,199.75,3.994587
49:25.0,200,3.995868
49:25.2,200.25,3.990743
49:25.5,200.5,4.000993
49:25.7,200.75,3.99843
49:26.0,201,3.997149
49:26.2,201.25,3.992024
49:26.5,201.5,3.990743
49:26.8,201.75,3.994587
49:27.0,202,3.995868
49:27.2,202.25,3.990743
49:27.5,202.5,3.988181
49:27.7,202.75,3.989462
49:28.0,203,3.989462
49:28.3,203.25,3.984337
49:28.5,203.5,3.990743
49:28.7,203.75,3.992024
49:29.0,204,3.989462
49:29.2,204.25,3.992024
49:29.5,204.5,3.9869
49:29.7,204.75,3.989462
49:30.0,205,3.9869
49:30.3,205.25,3.983056
49:30.5,205.5,3.984337
49:30.8,205.75,3.981775
49:31.0,206,3.981775
49:31.2,206.25,3.980494
49:31.5,206.5,3.979213
49:31.7,206.75,3.985619
49:32.0,207,3.9869
49:32.3,207.25,3.977931
49:32.5,207.5,3.980494
49:32.7,207.75,3.977931
49:33.0,208,3.981775
49:33.2,208.25,3.980494
49:33.5,208.5,3.981775
49:33.7,208.75,3.983056
49:34.0,209,3.977931
49:34.3,209.25,3.977931
49:34.5,209.5,3.97665
49:34.7,209.75,3.977931
49:35.0,210,3.972807
49:35.2,210.25,3.97665
49:35.5,210.5,3.970244
49:35.7,210.75,3.970244
49:36.0,211,3.970244
49:36.3,211.25,3.967682
49:36.5,211.5,3.968963
49:36.7,211.75,3.971525
49:37.0,212,3.970244
49:37.2,212.25,3.966401
49:37.5,212.5,3.974088
49:37.8,212.75,3.968963
49:38.0,213,3.963839
49:38.2,213.25,3.963839
49:38.5,213.5,3.967682
49:38.7,213.75,3.96512
49:39.0,214,3.968963
49:39.2,214.25,3.96512
49:39.5,214.5,3.963839
49:39.8,214.75,3.962557
49:40.0,215,3.966401
49:40.3,215.25,3.961276
49:40.5,215.5,3.963839
49:40.7,215.75,3.966401
49:41.0,216,3.966401
49:41.2,216.25,3.961276
49:41.5,216.5,3.961276
49:41.8,216.75,3.967682
49:42.0,217,3.967682
49:42.2,217.25,3.974088
49:42.5,217.5,3.96512
49:42.7,217.75,3.963839
49:43.0,218,3.971525
49:43.2,218.25,3.967682
49:43.5,218.5,3.963839
49:43.8,218.75,3.952308
49:44.0,219,3.962557
49:44.2,219.25,3.959995
49:44.5,219.5,3.956151
49:44.7,219.75,3.958714
49:45.0,220,3.959995
49:45.2,220.25,3.961276
49:45.5,220.5,3.970244
49:45.8,220.75,3.967682
49:46.0,221,3.966401
49:46.2,221.25,3.963839
49:46.5,221.5,3.96512
49:46.7,221.75,3.962557
49:47.0,222,3.95487
49:47.3,222.25,3.959995
49:47.5,222.5,3.957433
49:47.7,222.75,3.958714
49:48.0,223,3.953589
49:48.2,223.25,3.953589
49:48.5,223.5,3.961276
49:48.7,223.75,3.952308
49:49.0,224,3.951027
49:49.3,224.25,3.952308
49:49.5,224.5,3.956151
49:49.8,224.75,3.952308
49:50.0,225,3.951027
49:50.2,225.25,3.948464
49:50.5,225.5,3.952308
49:50.7,225.75,3.947183
49:51.0,226,3.94334
49:51.3,226.25,3.948464
49:51.5,226.5,3.951027
49:51.7,226.75,3.951027
49:52.0,227,3.948464
49:52.2,227.25,3.949746
49:52.5,227.5,3.942059
49:52.7,227.75,3.947183
49:53.0,228,3.947183
49:53.3,228.25,3.947183
49:53.5,228.5,3.94334
49:53.7,228.75,3.942059
49:54.0,229,3.948464
49:54.2,229.25,3.936934
49:54.5,229.5,3.938215
49:54.7,229.75,3.936934
49:55.0,230,3.936934
49:55.3,230.25,3.938215
49:55.5,230.5,3.94334
49:55.7,230.75,3.939496
49:56.0,231,3.935652
49:56.2,231.25,3.939496
49:56.5,231.5,3.938215
49:56.8,231.75,3.939496
49:57.0,232,3.938215
49:57.2,232.25,3.939496
49:57.5,232.5,3.938215
49:57.7,232.75,3.940777
49:58.0,233,3.938215
49:58.2,233.25,3.938215
49:58.5,233.5,3.936934
49:58.8,233.75,3.935652
49:59.0,234,3.935652
49:59.3,234.25,3.938215
49:59.5,234.5,3.94334
49:59.7,234.75,3.938215
50:00.0,235,3.93309
50:00.2,235.25,3.930528
50:00.5,235.5,3.935652
50:00.8,235.75,3.935652
50:01.0,236,3.936934
50:01.3,236.25,3.93309
50:01.5,236.5,3.936934
50:01.7,236.75,3.935652
50:02.0,237,3.927966
50:02.2,237.25,3.954075
50:02.5,237.5,3.947669
50:02.8,237.75,3.947669
50:03.0,238,3.945107
50:03.2,238.25,3.941263
50:03.5,238.5,3.933576
50:03.7,238.75,3.939982
50:04.0,239,3.937419
50:04.2,239.25,3.938701
50:04.5,239.5,3.936138
50:04.8,239.75,3.936138
50:05.0,240,3.939982
50:05.2,240.25,3.946388
50:05.5,240.5,3.94895
50:05.7,240.75,3.938701
50:06.0,241,3.941263
50:06.3,241.25,3.936138
50:06.5,241.5,3.934857
50:06.7,241.75,3.932295
50:07.0,242,3.934857
50:07.2,242.25,3.931014
50:07.5,242.5,3.936138
50:07.7,242.75,3.932295
50:08.0,243,3.929732
50:08.3,243.25,3.933576
50:08.5,243.5,3.931014
50:08.8,243.75,3.932295
50:09.0,244,3.924608
50:09.2,244.25,3.931014
50:09.5,244.5,3.932295
50:09.7,244.75,3.92717
50:10.0,245,3.925889
50:10.3,245.25,3.929732
50:10.5,245.5,3.934857
50:10.8,245.75,3.928451
50:11.0,246,3.924608
50:11.2,246.25,3.92717
50:11.5,246.5,3.922045
50:11.7,246.75,3.920764
50:12.0,247,3.923326
50:12.3,247.25,3.923326
50:12.5,247.5,3.925889
50:12.7,247.75,3.924608
50:13.0,248,3.923326
50:13.2,248.25,3.918202
50:13.5,248.5,3.919483
50:13.7,248.75,3.920764
50:14.0,249,3.916921
50:14.3,249.25,3.911796
50:14.5,249.5,3.914358
50:14.7,249.75,3.914358
50:15.0,250,3.913077
50:15.2,250.25,3.914358
50:15.5,250.5,3.913077
50:15.8,250.75,3.911796
50:16.0,251,3.915639
50:16.2,251.25,3.910515
50:16.5,251.5,3.916921
50:16.7,251.75,3.911796
50:17.0,252,3.910515
50:17.2,252.25,3.911796
50:17.5,252.5,3.911796
50:17.8,252.75,3.911796
50:18.0,253,3.913077
50:18.3,253.25,3.910515
50:18.5,253.5,3.910515
50:18.7,253.75,3.915639
50:19.0,254,3.911796
50:19.2,254.25,3.909234
50:19.5,254.5,3.910515
50:19.8,254.75,3.911796
50:20.0,255,3.907952
50:20.3,255.25,3.910515
50:20.5,255.5,3.910515
50:20.7,255.75,3.910515
50:21.0,256,3.90539
50:21.2,256.25,3.90539
50:21.5,256.5,3.907952
50:21.8,256.75,3.909234
50:22.0,257,3.906671
50:22.2,257.25,3.901546
50:22.5,257.5,3.90539
50:22.7,257.75,3.90539
50:23.0,258,3.901546
50:23.2,258.25,3.902828
50:23.5,258.5,3.901546
50:23.8,258.75,3.898984
50:24.0,259,3.898984
50:24.2,259.25,3.895141
50:24.5,259.5,3.904109
50:24.7,259.75,3.897703
50:25.0,260,3.896422
50:25.3,260.25,3.896422
50:25.5,260.5,3.898984
50:25.7,260.75,3.898984
50:26.0,261,3.900265
50:26.2,261.25,3.896422
50:26.5,261.5,3.890016
50:26.7,261.75,3.893859
50:27.0,262,3.902828
50:27.3,262.25,3.897703
50:27.5,262.5,3.895141
50:27.8,262.75,3.895141
50:28.0,263,3.893859
50:28.2,263.25,3.892578
50:28.5,263.5,3.895141
50:28.7,263.75,3.895141
50:29.0,264,3.897703
50:29.3,264.25,3.888735
50:29.5,264.5,3.892578
50:29.8,264.75,3.88361
50:30.0,265,3.887454
50:30.2,265.25,3.888735
50:30.5,265.5,3.887454
50:30.7,265.75,3.884891
50:31.0,266,3.884891
50:31.3,266.25,3.884891
50:31.5,266.5,3.88361
50:31.8,266.75,3.88361
50:32.0,267,3.886173
50:32.2,267.25,3.88361
50:32.5,267.5,3.887454
50:32.7,267.75,3.881048
50:33.0,268,3.882329
50:33.3,268.25,3.879766
50:33.5,268.5,3.879766
50:33.7,268.75,3.877204
50:34.0,269,3.878485
50:34.2,269.25,3.879766
50:34.5,269.5,3.877204
50:34.7,269.75,3.882329
50:35.0,270,3.88361
50:35.2,270.25,3.887454
50:35.5,270.5,3.888735
50:35.7,270.75,3.88361
50:36.0,271,3.878485
50:36.2,271.25,3.879766
50:36.5,271.5,3.878485
50:36.8,271.75,3.877204
50:37.0,272,3.878485
50:37.3,272.25,3.875923
50:37.5,272.5,3.875923
50:37.7,272.75,3.873361
50:38.0,273,3.874642
50:38.2,273.25,3.875923
50:38.5,273.5,3.873361
50:38.8,273.75,3.869517
50:39.0,274,3.868236
50:39.3,274.25,3.866955
50:39.5,274.5,3.864393
50:39.7,274.75,3.865674
50:40.0,275,3.859268
50:40.2,275.25,3.86183
50:40.5,275.5,3.857986
50:40.8,275.75,3.866955
50:41.0,276,3.859268
50:41.3,276.25,3.859268
50:41.5,276.5,3.851581
50:41.7,276.75,3.852862
50:42.0,277,3.852862
50:42.2,277.25,3.851581
50:42.5,277.5,3.850299
50:42.8,277.75,3.846456
50:43.0,278,3.845175
50:43.2,278.25,3.846456
50:43.5,278.5,3.855424
50:43.7,278.75,3.849018
50:44.0,279,3.843894
50:44.2,279.25,3.849018
50:44.5,279.5,3.849018
50:44.7,279.75,3.846456
50:45.0,280,3.846456
50:45.2,280.25,3.847737
50:45.5,280.5,3.86183
50:45.7,280.75,3.850299
50:46.0,281,3.851581
50:46.3,281.25,3.852862
50:46.5,281.5,3.857986
50:46.8,281.75,3.872079
50:47.0,282,3.864393
50:47.2,282.25,3.864393
50:47.5,282.5,3.866955
50:47.7,282.75,3.868236
50:48.0,283,3.868236
50:48.3,283.25,3.865674
50:48.5,283.5,3.866955
50:48.8,283.75,3.864393
50:49.0,284,3.863111
50:49.2,284.25,3.86183
50:49.5,284.5,3.860549
50:49.7,284.75,3.860549
50:50.0,285,3.857986
50:50.3,285.25,3.857986
50:50.5,285.5,3.859268
50:50.8,285.75,3.856705
50:51.0,286,3.856705
50:51.2,286.25,3.856705
50:51.5,286.5,3.854143
50:51.7,286.75,3.857986
50:52.0,287,3.857986
50:52.3,287.25,3.856705
50:52.5,287.5,3.857986
50:52.8,287.75,3.856705
50:53.0,288,3.856705
50:53.2,288.25,3.851581
50:53.5,288.5,3.852862
50:53.7,288.75,3.852862
50:54.0,289,3.851581
50:54.2,289.25,3.847737
50:54.5,289.5,3.846456
50:54.7,289.75,3.849018
50:55.0,290,3.850299
50:55.2,290.25,3.843894
50:55.5,290.5,3.845175
50:55.7,290.75,3.838769
50:56.0,291,3.841331
50:56.3,291.25,3.837488
50:56.5,291.5,3.837488
50:56.7,291.75,3.829801
50:57.0,292,3.836206
50:57.2,292.25,3.842613
50:57.5,292.5,3.837488
50:57.8,292.75,3.832363
50:58.0,293,3.838769
50:58.3,293.25,3.833644
50:58.5,293.5,3.831082
50:58.7,293.75,3.833644
50:59.0,294,3.831082
50:59.2,294.25,3.809302
50:59.5,294.5,3.80674
50:59.8,294.75,3.804177
51:00.0,295,3.810583
51:00.3,295.25,3.810583
51:00.5,295.5,3.80674
51:00.7,295.75,3.805458
51:01.0,296,3.80674
51:01.2,296.25,3.804177
51:01.5,296.5,3.811864
51:01.8,296.75,3.805458
51:02.0,297,3.804177
51:02.3,297.25,3.805458
51:02.5,297.5,3.804177
51:02.7,297.75,3.801615
51:03.0,298,3.800333
51:03.2,298.25,3.801615
51:03.5,298.5,3.79649
51:03.7,298.75,3.799052
51:04.0,299,3.791365
51:04.2,299.25,3.795209
51:04.5,299.5,3.791365
51:04.7,299.75,3.788803
51:05.0,300,3.791365
51:05.2,300.25,3.788803
51:05.5,300.5,3.804177
51:05.8,300.75,3.791365
51:06.0,301,3.791365
51:06.2,301.25,3.781116
51:06.5,301.5,3.790084
51:06.7,301.75,3.783678
51:07.0,302,3.781116
51:07.3,302.25,3.778553
51:07.5,302.5,3.782397
51:07.8,302.75,3.781116
51:08.0,303,3.788803
51:08.2,303.25,3.783678
51:08.5,303.5,3.786241
51:08.7,303.75,3.78496
51:09.0,304,3.782397
51:09.3,304.25,3.78496
51:09.5,304.5,3.783678
51:09.8,304.75,3.78496
51:10.0,305,3.782397
51:10.2,305.25,3.778553
51:10.5,305.5,3.779835
51:10.7,305.75,3.779835
51:11.0,306,3.777272
51:11.3,306.25,3.77471
51:11.5,306.5,3.772148
51:11.8,306.75,3.772148
51:12.0,307,3.777272
51:12.2,307.25,3.777272
51:12.5,307.5,3.777272
51:12.7,307.75,3.781116
51:13.0,308,3.779835
51:13.2,308.25,3.779835
51:13.5,308.5,3.779835
51:13.7,308.75,3.782397
51:14.0,309,3.782397
51:14.2,309.25,3.781116
51:14.5,309.5,3.781116
51:14.7,309.75,3.781116
51:15.0,310,3.77471
51:15.3,310.25,3.775991
51:15.5,310.5,3.772148
51:15.7,310.75,3.769585
51:16.0,311,3.772148
51:16.2,311.25,3.779835
51:16.5,311.5,3.778553
51:16.8,311.75,3.775991
51:17.0,312,3.778553
51:17.3,312.25,3.773429
51:17.5,312.5,3.778553
51:17.7,312.75,3.77471
51:18.0,313,3.778553
51:18.2,313.25,3.779835
51:18.5,313.5,3.775991
51:18.8,313.75,3.777272
51:19.0,314,3.778553
51:19.3,314.25,3.778553
51:19.5,314.5,3.782397
51:19.7,314.75,3.779835
51:20.0,315,3.772148
51:20.2,315.25,3.775991
51:20.5,315.5,3.773429
51:20.8,315.75,3.770866
51:21.0,316,3.772148
51:21.3,316.25,3.777272
51:21.5,316.5,3.778553
51:21.7,316.75,3.77471
51:22.0,317,3.773429
51:22.2,317.25,3.775991
51:22.5,317.5,3.775991
51:22.7,317.75,3.77471
51:23.0,318,3.770866
51:23.3,318.25,3.772148
51:23.5,318.5,3.773429
51:23.7,318.75,3.778553
51:24.0,319,3.773429
51:24.2,319.25,3.772148
51:24.5,319.5,3.781116
51:24.8,319.75,3.782397
51:25.0,320,3.779835
51:25.2,320.25,3.772148
51:25.5,320.5,3.792646
51:25.7,320.75,3.782397
51:26.0,321,3.782397
51:26.2,321.25,3.782397
51:26.5,321.5,3.781116
51:26.8,321.75,3.782397
51:27.0,322,3.778553
51:27.2,322.25,3.778553
51:27.5,322.5,3.786241
51:27.7,322.75,3.782397
51:28.0,323,3.786241
51:28.3,323.25,3.779835
51:28.5,323.5,3.777272
51:28.8,323.75,3.773429
51:29.0,324,3.775991
51:29.2,324.25,3.777272
51:29.5,324.5,3.773429
51:29.7,324.75,3.777272
51:30.0,325,3.77471
51:30.3,325.25,3.778553
51:30.5,325.5,3.779835
51:30.8,325.75,3.782397
51:31.0,326,3.781116
51:31.2,326.25,3.781116
51:31.5,326.5,3.779835
51:31.7,326.75,3.778553
51:32.0,327,3.783678
51:32.2,327.25,3.783678
51:32.5,327.5,3.781116
51:32.8,327.75,3.775991
51:33.0,328,3.783678
51:33.2,328.25,3.783678
51:33.5,328.5,3.783678
51:33.7,328.75,3.775991
51:34.0,329,3.78496
51:34.3,329.25,3.782397
51:34.5,329.5,3.782397
51:34.7,329.75,3.779835
51:35.0,330,3.782397
51:35.2,330.25,3.781116
51:35.5,330.5,3.78496
51:35.7,330.75,3.779835
51:36.0,331,3.772148
51:36.3,331.25,3.778553
51:36.5,331.5,3.778553
51:36.7,331.75,3.777272
51:37.0,332,3.772148
51:37.2,332.25,3.778553
51:37.5,332.5,3.770866
51:37.8,332.75,3.773429
51:38.0,333,3.77471
51:38.3,333.25,3.77471
51:38.5,333.5,3.781116
51:38.7,333.75,3.770866
51:39.0,334,3.773429
51:39.2,334.25,3.777272
51:39.5,334.5,3.77471
51:39.8,334.75,3.77471
51:40.0,335,3.775991
51:40.3,335.25,3.768304
51:40.5,335.5,3.773429
51:40.7,335.75,3.775991
51:41.0,336,3.77471
51:41.2,336.25,3.777272
51:41.5,336.5,3.777272
51:41.7,336.75,3.775991
51:42.0,337,3.773429
51:42.3,337.25,3.77471
51:42.5,337.5,3.773429
51:42.7,337.75,3.77471
51:43.0,338,3.773429
51:43.2,338.25,3.77471
51:43.5,338.5,3.778553
51:43.8,338.75,3.775991
51:44.0,339,3.779835
51:44.2,339.25,3.77471
51:44.5,339.5,3.778553
51:44.7,339.75,3.779835
51:45.0,340,3.775991
51:45.2,340.25,3.773429
51:45.5,340.5,3.779835
51:45.8,340.75,3.777272
51:46.0,341,3.779835
51:46.2,341.25,3.773429
51:46.5,341.5,3.772148
51:46.7,341.75,3.781116
51:47.0,342,3.778553
51:47.3,342.25,3.77471
51:47.5,342.5,3.773429
51:47.8,342.75,3.778553
51:48.0,343,3.775991
51:48.2,343.25,3.77471
51:48.5,343.5,3.775991
51:48.7,343.75,3.781116
51:49.0,344,3.775991
51:49.3,344.25,3.778553
51:49.5,344.5,3.78496
51:49.8,344.75,3.78496
51:50.0,345,3.783678
51:50.2,345.25,3.783678
51:50.5,345.5,3.778553
51:50.7,345.75,3.772148
51:51.0,346,3.777272
51:51.2,346.25,3.775991
51:51.5,346.5,3.772148
51:51.8,346.75,3.773429
51:52.0,347,3.777272
51:52.2,347.25,3.778553
51:52.5,347.5,3.777272
51:52.7,347.75,3.77471
51:53.0,348,3.777272
51:53.3,348.25,3.778553
51:53.5,348.5,3.777272
51:53.7,348.75,3.775991
51:54.0,349,3.783678
51:54.2,349.25,3.783678
51:54.5,349.5,3.779835
51:54.7,349.75,3.779835
51:55.0,350,3.779835
51:55.3,350.25,3.781116
51:55.5,350.5,3.775991
51:55.7,350.75,3.777272
51:56.0,351,3.772148
51:56.2,351.25,3.773429
51:56.5,351.5,3.775991
51:56.7,351.75,3.77471
51:57.0,352,3.773429
51:57.3,352.25,3.773429
51:57.5,352.5,3.775991
51:57.7,352.75,3.77471
51:58.0,353,3.768304
51:58.2,353.25,3.775991
51:58.5,353.5,3.768304
51:58.8,353.75,3.770866
51:59.0,354,3.770866
51:59.3,354.25,3.775991
51:59.5,354.5,3.778553
51:59.7,354.75,3.777272
52:00.0,355,3.777272
52:00.2,355.25,3.778553
52:00.5,355.5,3.781116
52:00.7,355.75,3.775991
52:01.0,356,3.777272
52:01.3,356.25,3.779835
52:01.5,356.5,3.782397
52:01.7,356.75,3.787522
52:02.0,357,3.779835
52:02.2,357.25,3.777272
52:02.5,357.5,3.782397
52:02.8,357.75,3.782397
52:03.0,358,3.779835
52:03.2,358.25,3.775991
52:03.5,358.5,3.777272
52:03.7,358.75,3.775991
52:04.0,359,3.773429
52:04.2,359.25,3.772148
52:04.5,359.5,3.773429
52:04.8,359.75,3.770866
52:05.0,360,3.767023
52:05.2,360.25,3.768304
52:05.5,360.5,3.781116
52:05.7,360.75,3.773429
52:06.0,361,3.782397
52:06.2,361.25,3.778553
52:06.5,361.5,3.77471
52:06.8,361.75,3.778553
52:07.0,362,3.779835
52:07.2,362.25,3.773429
52:07.5,362.5,3.772148
52:07.7,362.75,3.77471
52:08.0,363,3.772148
52:08.3,363.25,3.777272
52:08.5,363.5,3.77471
52:08.8,363.75,3.782397
52:09.0,364,3.777272
52:09.2,364.25,3.775991
52:09.5,364.5,3.769585
52:09.7,364.75,3.775991
52:10.0,365,3.772148
52:10.2,365.25,3.779835
52:10.5,365.5,3.772148
52:10.8,365.75,3.772148
52:11.0,366,3.778553
52:11.2,366.25,3.778553
52:11.5,366.5,3.782397
52:11.7,366.75,3.781116
52:12.0,367,3.783678
52:12.3,367.25,3.78496
52:12.5,367.5,3.78496
52:12.7,367.75,3.78496
52:13.0,368,3.788803
52:13.2,368.25,3.788803
52:13.5,368.5,3.791365
52:13.7,368.75,3.79649
52:14.0,369,3.793928
52:14.3,369.25,3.804177
52:14.5,369.5,3.801615
52:14.7,369.75,3.800333
52:15.0,370,3.799052
52:15.2,370.25,3.797771
52:15.5,370.5,3.795209
52:15.7,370.75,3.790084
52:16.0,371,3.791365
52:16.3,371.25,3.788803
52:16.5,371.5,3.787522
52:16.7,371.75,3.783678
52:17.0,372,3.783678
52:17.2,372.25,3.778553
52:17.5,372.5,3.782397
52:17.8,372.75,3.781116
52:18.0,373,3.782397
52:18.3,373.25,3.777272
52:18.5,373.5,3.778553
52:18.7,373.75,3.778553
52:19.0,374,3.781116
52:19.2,374.25,3.779835
52:19.5,374.5,3.781116
52:19.7,374.75,3.78496
52:20.0,375,3.778553
52:20.3,375.25,3.773429
52:20.5,375.5,3.770866
52:20.7,375.75,3.779835
52:21.0,376,3.777272
52:21.2,376.25,3.770866
52:21.5,376.5,3.77471
52:21.8,376.75,3.777272
52:22.0,377,3.772148
52:22.2,377.25,3.773429
52:22.5,377.5,3.77471
52:22.7,377.75,3.773429
52:23.0,378,3.773429
52:23.2,378.25,3.769585
52:23.5,378.5,3.768304
52:23.8,378.75,3.765742
52:24.0,379,3.767023
52:24.3,379.25,3.767023
52:24.5,379.5,3.765742
52:24.7,379.75,3.767023
52:25.0,380,3.770866
52:25.2,380.25,3.77471
52:25.5,380.5,3.78496
52:25.8,380.75,3.778553
52:26.0,381,3.773429
52:26.2,381.25,3.777272
52:26.5,381.5,3.777272
52:26.7,381.75,3.773429
52:27.0,382,3.770866
52:27.2,382.25,3.777272
52:27.5,382.5,3.778553
52:27.8,382.75,3.772148
52:28.0,383,3.772148
52:28.2,383.25,3.775991
52:28.5,383.5,3.770866
52:28.7,383.75,3.772148
52:29.0,384,3.769585
52:29.2,384.25,3.767023
52:29.5,384.5,3.775991
52:29.8,384.75,3.768304
52:30.0,385,3.767023
52:30.2,385.25,3.772148
52:30.5,385.5,3.773429
52:30.7,385.75,3.777272
52:31.0,386,3.778553
52:31.3,386.25,3.779835
52:31.5,386.5,3.77471
52:31.7,386.75,3.779835
52:32.0,387,3.773429
52:32.2,387.25,3.777272
52:32.5,387.5,3.770866
52:32.7,387.75,3.77471
52:33.0,388,3.767023
52:33.3,388.25,3.772148
52:33.5,388.5,3.769585
52:33.8,388.75,3.770866
52:34.0,389,3.770866
52:34.2,389.25,3.765742
52:34.5,389.5,3.764461
52:34.7,389.75,3.760617
52:35.0,390,3.767023
52:35.3,390.25,3.758055
52:35.5,390.5,3.76318
52:35.7,390.75,3.768304
52:36.0,391,3.77471
52:36.2,391.25,3.781116
52:36.5,391.5,3.770866
52:36.7,391.75,3.769585
52:37.0,392,3.764461
52:37.3,392.25,3.768304
52:37.5,392.5,3.765742
52:37.7,392.75,3.767023
52:38.0,393,3.765742
52:38.2,393.25,3.764461
52:38.5,393.5,3.759336
52:38.7,393.75,3.764461
52:39.0,394,3.769585
52:39.3,394.25,3.770866
52:39.5,394.5,3.768304
52:39.7,394.75,3.767023
52:40.0,395,3.76318
52:40.2,395.25,3.759336
52:40.5,395.5,3.76318
52:40.8,395.75,3.76318
52:41.0,396,3.758055
52:41.2,396.25,3.758055
52:41.5,396.5,3.761898
52:41.7,396.75,3.764461
52:42.0,397,3.760617
52:42.2,397.25,3.761898
52:42.5,397.5,3.761898
52:42.8,397.75,3.759336
52:43.0,398,3.75293
52:43.3,398.25,3.756773
52:43.5,398.5,3.761898
52:43.7,398.75,3.759336
52:44.0,399,3.756773
52:44.2,399.25,3.760617
52:44.5,399.5,3.768304
52:44.8,399.75,3.760617
52:45.0,400,3.755492
52:45.3,400.25,3.755492
52:45.5,400.5,3.770866
52:45.7,400.75,3.761898
52:46.0,401,3.758055
52:46.2,401.25,3.758055
52:46.5,401.5,3.760617
52:46.8,401.75,3.755492
52:47.0,402,3.75293
52:47.2,402.25,3.758055
52:47.5,402.5,3.75293
52:47.7,402.75,3.754211
52:48.0,403,3.754211
52:48.2,403.25,3.749087
52:48.5,403.5,3.75293
52:48.8,403.75,3.749087
52:49.0,404,3.750368
52:49.2,404.25,3.746524
52:49.5,404.5,3.749087
52:49.7,404.75,3.750368
52:50.0,405,3.751649
52:50.3,405.25,3.742681
52:50.5,405.5,3.749087
52:50.7,405.75,3.746524
52:51.0,406,3.745243
52:51.2,406.25,3.743962
52:51.5,406.5,3.750368
52:51.7,406.75,3.747805
52:52.0,407,3.742681
52:52.3,407.25,3.745243
52:52.5,407.5,3.7414
52:52.8,407.75,3.746524
52:53.0,408,3.750368
52:53.2,408.25,3.746524
52:53.5,408.5,3.737556
52:53.7,408.75,3.743962
52:54.0,409,3.7414
52:54.3,409.25,3.738837
52:54.5,409.5,3.736275
52:54.8,409.75,3.740118
52:55.0,410,3.736275
52:55.2,410.25,3.7414
52:55.5,410.5,3.743962
52:55.7,410.75,3.749087
52:56.0,411,3.750368
52:56.3,411.25,3.745243
52:56.5,411.5,3.747805
52:56.7,411.75,3.747805
52:57.0,412,3.749087
52:57.2,412.25,3.750368
52:57.5,412.5,3.747805
52:57.7,412.75,3.750368
52:58.0,413,3.746524
52:58.3,413.25,3.75293
52:58.5,413.5,3.747805
52:58.7,413.75,3.745243
52:59.0,414,3.747805
52:59.2,414.25,3.747805
52:59.5,414.5,3.745243
52:59.8,414.75,3.745243
53:00.0,415,3.751649
53:00.2,415.25,3.750368
53:00.5,415.5,3.749087
53:00.7,415.75,3.750368
53:01.0,416,3.756773
53:01.2,416.25,3.743962
53:01.5,416.5,3.745243
53:01.8,416.75,3.746524
53:02.0,417,3.750368
53:02.3,417.25,3.745243
53:02.5,417.5,3.743962
53:02.7,417.75,3.742681
53:03.0,418,3.745243
53:03.2,418.25,3.743962
53:03.5,418.5,3.740118
53:03.8,418.75,3.746524
53:04.0,419,3.743962
53:04.3,419.25,3.737556
53:04.5,419.5,3.734993
53:04.7,419.75,3.737556
53:05.0,420,3.734993
53:05.2,420.25,3.740118
53:05.5,420.5,3.751649
53:05.8,420.75,3.742681
53:06.0,421,3.734993
53:06.2,421.25,3.737556
53:06.5,421.5,3.7414
53:06.7,421.75,3.732431
53:07.0,422,3.732431
53:07.2,422.25,3.728588
53:07.5,422.5,3.726025
53:07.8,422.75,3.727307
53:08.0,423,3.727307
53:08.2,423.25,3.732431
53:08.5,423.5,3.732431
53:08.7,423.75,3.727307
53:09.0,424,3.728588
53:09.3,424.25,3.732431
53:09.5,424.5,3.729869
53:09.7,424.75,3.729869
53:10.0,425,3.724744
53:10.2,425.25,3.720901
53:10.5,425.5,3.724744
53:10.7,425.75,3.722182
53:11.0,426,3.71962
53:11.3,426.25,3.715776
53:11.5,426.5,3.718338
53:11.8,426.75,3.71962
53:12.0,427,3.71962
53:12.2,427.25,3.715776
53:12.5,427.5,3.722182
53:12.7,427.75,3.717057
53:13.0,428,3.718338
53:13.3,428.25,3.717057
53:13.5,428.5,3.718338
53:13.8,428.75,3.715776
53:14.0,429,3.714495
53:14.2,429.25,3.713213
53:14.5,429.5,3.717057
53:14.7,429.75,3.722182
53:15.0,430,3.714495
53:15.3,430.25,3.718338
53:15.5,430.5,3.722182
53:15.8,430.75,3.722182
53:16.0,431,3.717057
53:16.2,431.25,3.714495
53:16.5,431.5,3.718338
53:16.7,431.75,3.71962
53:17.0,432,3.71962
53:17.3,432.25,3.714495
53:17.5,432.5,3.70937
53:17.7,432.75,3.717057
53:18.0,433,3.717057
53:18.2,433.25,3.705527
53:18.5,433.5,3.705527
53:18.7,433.75,3.706808
53:19.0,434,3.706808
53:19.2,434.25,3.704245
53:19.5,434.5,3.706808
53:19.7,434.75,3.705527
53:20.0,435,3.704245
53:20.2,435.25,3.70937
53:20.5,435.5,3.704245
53:20.8,435.75,3.708089
53:21.0,436,3.700402
53:21.3,436.25,3.710651
53:21.5,436.5,3.70937
53:21.7,436.75,3.701683
53:22.0,437,3.706808
53:22.2,437.25,3.704245
53:22.5,437.5,3.704245
53:22.8,437.75,3.706808
53:23.0,438,3.711932
53:23.3,438.25,3.702964
53:23.5,438.5,3.706808
53:23.7,438.75,3.705527
53:24.0,439,3.706808
53:24.2,439.25,3.702964
53:24.5,439.5,3.700402
53:24.8,439.75,3.700402
53:25.0,440,3.701683
53:25.3,440.25,3.705527
53:25.5,440.5,3.718338
53:25.7,440.75,3.706808
53:26.0,441,3.701683
53:26.2,441.25,3.70937
53:26.5,441.5,3.704245
53:26.8,441.75,3.704245
53:27.0,442,3.696558
53:27.2,442.25,3.705527
53:27.5,442.5,3.705527
53:27.7,442.75,3.704245
53:28.0,443,3.704245
53:28.2,443.25,3.701683
53:28.5,443.5,3.708089
53:28.7,443.75,3.701683
53:29.0,444,3.700402
53:29.2,444.25,3.702964
53:29.5,444.5,3.701683
53:29.7,444.75,3.697839
53:30.0,445,3.696558
53:30.3,445.25,3.701683
53:30.5,445.5,3.699121
53:30.8,445.75,3.696558
53:31.0,446,3.699121
53:31.2,446.25,3.706808
53:31.5,446.5,3.701683
53:31.7,446.75,3.696558
53:32.0,447,3.692715
53:32.3,447.25,3.695277
53:32.5,447.5,3.693996
53:32.8,447.75,3.692715
53:33.0,448,3.695277
53:33.2,448.25,3.696558
53:33.5,448.5,3.693996
53:33.7,448.75,3.700402
53:34.0,449,3.695277
53:34.3,449.25,3.692715
53:34.5,449.5,3.696558
53:34.8,449.75,3.700402
53:35.0,450,3.697839
53:35.2,450.25,3.692715
53:35.5,450.5,3.700402
53:35.7,450.75,3.700402
53:36.0,451,3.697839
53:36.3,451.25,3.690152
53:36.5,451.5,3.697839
53:36.7,451.75,3.696558
53:37.0,452,3.696558
53:37.2,452.25,3.697839
53:37.5,452.5,3.699121
53:37.7,452.75,3.706808
53:38.0,453,3.701683
53:38.2,453.25,3.701683
53:38.5,453.5,3.710651
53:38.7,453.75,3.708089
53:39.0,454,3.708089
53:39.2,454.25,3.704245
53:39.5,454.5,3.714495
53:39.8,454.75,3.708089
53:40.0,455,3.704245
53:40.3,455.25,3.696558
53:40.5,455.5,3.697839
53:40.7,455.75,3.700402
53:41.0,456,3.693996
53:41.2,456.25,3.695277
53:41.5,456.5,3.696558
53:41.8,456.75,3.697839
53:42.0,457,3.693996
53:42.3,457.25,3.686309
53:42.5,457.5,3.693996
53:42.7,457.75,3.693996
53:43.0,458,3.688871
53:43.2,458.25,3.685028
53:43.5,458.5,3.692715
53:43.8,458.75,3.688871
53:44.0,459,3.691433
53:44.3,459.25,3.68759
53:44.5,459.5,3.692715
53:44.7,459.75,3.691433
53:45.0,460,3.688871
53:45.2,460.25,3.68759
53:45.5,460.5,3.701683
53:45.8,460.75,3.692715
53:46.0,461,3.691433
53:46.3,461.25,3.688871
53:46.5,461.5,3.695277
53:46.7,461.75,3.691433
53:47.0,462,3.692715
53:47.2,462.25,3.68759
53:47.5,462.5,3.691433
53:47.7,462.75,3.693996
53:48.0,463,3.688871
53:48.2,463.25,3.688871
53:48.5,463.5,3.688871
53:48.7,463.75,3.690152
53:49.0,464,3.690152
53:49.2,464.25,3.690152
53:49.5,464.5,3.685028
53:49.8,464.75,3.692715
53:50.0,465,3.695277
53:50.2,465.25,3.688871
53:50.5,465.5,3.690152
53:50.7,465.75,3.690152
53:51.0,466,3.688871
53:51.3,466.25,3.68759
53:51.5,466.5,3.683747
53:51.8,466.75,3.685028
53:52.0,467,3.685028
53:52.2,467.25,3.685028
53:52.5,467.5,3.686309
53:52.7,467.75,3.690152
53:53.0,468,3.68759
53:53.3,468.25,3.68759
53:53.5,468.5,3.68759
53:53.8,468.75,3.688871
53:54.0,469,3.685028
53:54.2,469.25,3.691433
53:54.5,469.5,3.693996
53:54.7,469.75,3.700402
53:55.0,470,3.710651
53:55.3,470.25,3.706808
53:55.5,470.5,3.70937
53:55.8,470.75,3.711932
53:56.0,471,3.718338
53:56.2,471.25,3.711932
53:56.5,471.5,3.708089
53:56.7,471.75,3.710651
53:57.0,472,3.706808
53:57.2,472.25,3.706808
53:57.5,472.5,3.701683
53:57.7,472.75,3.701683
53:58.0,473,3.702964
53:58.2,473.25,3.697839
53:58.5,473.5,3.700402
53:58.7,473.75,3.706808
53:59.0,474,3.701683
53:59.3,474.25,3.700402
53:59.5,474.5,3.699121
53:59.7,474.75,3.701683
54:00.0,475,3.699121
54:00.2,475.25,3.705527
54:00.5,475.5,3.701683
54:00.8,475.75,3.696558
54:01.0,476,3.699121
54:01.3,476.25,3.697839
54:01.5,476.5,3.702964
54:01.7,476.75,3.695277
54:02.0,477,3.695277
54:02.2,477.25,3.695277
54:02.5,477.5,3.695277
54:02.8,477.75,3.688871
54:03.0,478,3.691433
54:03.3,478.25,3.686309
54:03.5,478.5,3.688871
54:03.7,478.75,3.685028
54:04.0,479,3.692715
54:04.2,479.25,3.692715
54:04.5,479.5,3.690152
54:04.8,479.75,3.690152
54:05.0,480,3.690152
54:05.3,480.25,3.686309
54:05.5,480.5,3.696558
54:05.7,480.75,3.686309
54:06.0,481,3.692715
54:06.2,481.25,3.686309
54:06.5,481.5,3.686309
54:06.7,481.75,3.683747
54:07.0,482,3.692715
54:07.2,482.25,3.688871
54:07.5,482.5,3.685028
54:07.7,482.75,3.683747
54:08.0,483,3.686309
54:08.2,483.25,3.682465
54:08.5,483.5,3.681184
54:08.8,483.75,3.679903
54:09.0,484,3.683747
54:09.2,484.25,3.682465
54:09.5,484.5,3.679903
54:09.7,484.75,3.683747
54:10.0,485,3.68759
54:10.3,485.25,3.685028
54:10.5,485.5,3.677341
54:10.8,485.75,3.678622
54:11.0,486,3.678622
54:11.2,486.25,3.679903
54:11.5,486.5,3.676059
54:11.7,486.75,3.674778
54:12.0,487,3.676059
54:12.3,487.25,3.674778
54:12.5,487.5,3.673497
54:12.8,487.75,3.66581
54:13.0,488,3.672216
54:13.2,488.25,3.669654
54:13.5,488.5,3.668372
54:13.7,488.75,3.663248
54:14.0,489,3.667091
54:14.3,489.25,3.667091
54:14.5,489.5,3.660685
54:14.8,489.75,3.658123
54:15.0,490,3.652998
54:15.2,490.25,3.66581
54:15.5,490.5,3.658123
54:15.7,490.75,3.652998
54:16.0,491,3.65556
54:16.2,491.25,3.64403
54:16.5,491.5,3.587658
54:16.8,491.75,3.617125
54:17.0,492,3.646592
54:17.2,492.25,3.652998
54:17.5,492.5,3.647874
54:17.7,492.75,3.641468
54:18.0,493,3.649155
54:18.3,493.25,3.631218
54:18.5,493.5,3.608157
54:18.7,493.75,3.63378
54:19.0,494,3.640187
54:19.2,494.25,3.640187
54:19.5,494.5,3.637624
54:19.7,494.75,3.637624
54:20.0,495,3.637624
54:20.3,495.25,3.636343
54:20.5,495.5,3.640187
54:20.7,495.75,3.628656
54:21.0,496,3.637624
54:21.2,496.25,3.642749
54:21.5,496.5,3.632499
54:21.8,496.75,3.632499
54:22.0,497,3.629937
54:22.3,497.25,3.628656
54:22.5,497.5,3.624812
54:22.7,497.75,3.62225
54:23.0,498,3.627375
54:23.2,498.25,3.627375
54:23.5,498.5,3.620969
54:23.8,498.75,3.620969
54:24.0,499,3.624812
54:24.3,499.25,3.620969
54:24.5,499.5,3.615844
54:24.7,499.75,3.614563
54:25.0,500,3.614563
54:25.2,500.25,3.617125
54:25.5,500.5,3.624812
54:25.7,500.75,3.614563
54:26.0,501,3.618407
54:26.3,501.25,3.617125
54:26.5,501.5,3.615844
54:26.7,501.75,3.617125
54:27.0,502,3.618407
54:27.2,502.25,3.617125
54:27.5,502.5,3.618407
54:27.8,502.75,3.618407
54:28.0,503,3.620969
54:28.2,503.25,3.624812
54:28.5,503.5,3.623531
54:28.7,503.75,3.623531
54:29.0,504,3.632499
54:29.2,504.25,3.626094
54:29.5,504.5,3.623531
54:29.8,504.75,3.619688
54:30.0,505,3.62225
54:30.2,505.25,3.617125
54:30.5,505.5,3.615844
54:30.7,505.75,3.612
54:31.0,506,3.613282
54:31.3,506.25,3.614563
54:31.5,506.5,3.615844
54:31.8,506.75,3.610719
54:32.0,507,3.610719
54:32.2,507.25,3.614563
54:32.5,507.5,3.613282
54:32.7,507.75,3.608157
54:33.0,508,3.609438
54:33.3,508.25,3.612
54:33.5,508.5,3.608157
54:33.8,508.75,3.608157
54:34.0,509,3.610719
54:34.2,509.25,3.610719
54:34.5,509.5,3.613282
54:34.7,509.75,3.610719
54:35.0,510,3.604314
54:35.2,510.25,3.599189
54:35.5,510.5,3.60047
54:35.8,510.75,3.60047
54:36.0,511,3.609438
54:36.2,511.25,3.606876
54:36.5,511.5,3.610719
54:36.7,511.75,3.604314
54:37.0,512,3.609438
54:37.3,512.25,3.613282
54:37.5,512.5,3.614563
54:37.7,512.75,3.605595
54:38.0,513,3.60047
54:38.2,513.25,3.606876
54:38.5,513.5,3.606876
54:38.7,513.75,3.604314
54:39.0,514,3.60047
54:39.3,514.25,3.603032
54:39.5,514.5,3.605595
54:39.7,514.75,3.60047
54:40.0,515,3.594064
54:40.2,515.25,3.599189
54:40.5,515.5,3.606876
54:40.7,515.75,3.601751
54:41.0,516,3.603032
54:41.3,516.25,3.60047
54:41.5,516.5,3.596627
54:41.7,516.75,3.60047
54:42.0,517,3.60047
54:42.2,517.25,3.604314
54:42.5,517.5,3.599189
54:42.8,517.75,3.604314
54:43.0,518,3.601751
54:43.3,518.25,3.596627
54:43.5,518.5,3.595345
54:43.7,518.75,3.599189
54:44.0,519,3.597908
54:44.2,519.25,3.596627
54:44.5,519.5,3.597908
54:44.7,519.75,3.592783
54:45.0,520,3.603032
54:45.3,520.25,3.601751
54:45.5,520.5,3.613282
54:45.7,520.75,3.601751
54:46.0,521,3.604314
54:46.2,521.25,3.60047
54:46.5,521.5,3.596627
54:46.8,521.75,3.594064
54:47.0,522,3.599189
54:47.2,522.25,3.591502
54:47.5,522.5,3.595345
54:47.7,522.75,3.592783
54:48.0,523,3.597908
54:48.2,523.25,3.603032
54:48.5,523.5,3.596627
54:48.8,523.75,3.596627
54:49.0,524,3.596627
54:49.2,524.25,3.594064
54:49.5,524.5,3.597908
54:49.7,524.75,3.596627
54:50.0,525,3.596627
54:50.2,525.25,3.596627
54:50.5,525.5,3.596627
54:50.8,525.75,3.596627
54:51.0,526,3.603032
54:51.2,526.25,3.60047
54:51.5,526.5,3.595345
54:51.7,526.75,3.594064
54:52.0,527,3.597908
54:52.3,527.25,3.591502
54:52.5,527.5,3.592783
54:52.8,527.75,3.590221
54:53.0,528,3.596627
54:53.2,528.25,3.590221
54:53.5,528.5,3.591502
54:53.7,528.75,3.595345
54:54.0,529,3.591502
54:54.2,529.25,3.594064
54:54.5,529.5,3.592783
54:54.8,529.75,3.595345
54:55.0,530,3.586377
54:55.2,530.25,3.588939
54:55.5,530.5,3.590221
54:55.7,530.75,3.587658
54:56.0,531,3.583815
54:56.3,531.25,3.583815
54:56.5,531.5,3.585096
54:56.7,531.75,3.585096
54:57.0,532,3.586377
54:57.2,532.25,3.591502
54:57.5,532.5,3.587658
54:57.7,532.75,3.586377
54:58.0,533,3.583815
54:58.3,533.25,3.588939
54:58.5,533.5,3.586377
54:58.7,533.75,3.586377
54:59.0,534,3.582534
54:59.2,534.25,3.591502
54:59.5,534.5,3.583815
54:59.7,534.75,3.585096
55:00.0,535,3.581252
55:00.3,535.25,3.585096
55:00.5,535.5,3.582534
55:00.7,535.75,3.579971
55:01.0,536,3.57869
55:01.2,536.25,3.57869
55:01.5,536.5,3.57869
55:01.8,536.75,3.577409
55:02.0,537,3.577409
55:02.3,537.25,3.579971
55:02.5,537.5,3.581252
55:02.7,537.75,3.576128
55:03.0,538,3.573565
55:03.2,538.25,3.571003
55:03.5,538.5,3.576128
55:03.7,538.75,3.576128
55:04.0,539,3.573565
55:04.3,539.25,3.573565
55:04.5,539.5,3.576128
55:04.7,539.75,3.582534
55:05.0,540,3.57869
55:05.2,540.25,3.572284
55:05.5,540.5,3.587658
55:05.8,540.75,3.581252
55:06.0,541,3.577409
55:06.2,541.25,3.577409
55:06.5,541.5,3.582534
55:06.7,541.75,3.583815
55:07.0,542,3.582534
55:07.2,542.25,3.576128
55:07.5,542.5,3.583815
55:07.8,542.75,3.579971
55:08.0,543,3.576128
55:08.3,543.25,3.574847
55:08.5,543.5,3.579971
55:08.7,543.75,3.576128
55:09.0,544,3.574847
55:09.2,544.25,3.572284
55:09.5,544.5,3.573565
55:09.8,544.75,3.576128
55:10.0,545,3.574847
55:10.2,545.25,3.579971
55:10.5,545.5,3.577409
55:10.7,545.75,3.572284
55:11.0,546,3.569722
55:11.2,546.25,3.57869
55:11.5,546.5,3.571003
55:11.8,546.75,3.565878
55:12.0,547,3.563316
55:12.2,547.25,3.569722
55:12.5,547.5,3.567159
55:12.7,547.75,3.572284
55:13.0,548,3.567159
55:13.2,548.25,3.562035
55:13.5,548.5,3.568441
55:13.8,548.75,3.568441
55:14.0,549,3.568441
55:14.2,549.25,3.560754
55:14.5,549.5,3.565878
55:14.7,549.75,3.569722
55:15.0,550,3.563316
55:15.3,550.25,3.558191
55:15.5,550.5,3.565878
55:15.7,550.75,3.569722
55:16.0,551,3.563316
55:16.2,551.25,3.563316
55:16.5,551.5,3.562035
55:16.7,551.75,3.562035
55:17.0,552,3.560754
55:17.3,552.25,3.562035
55:17.5,552.5,3.565878
55:17.8,552.75,3.559472
55:18.0,553,3.558191
55:18.2,553.25,3.565878
55:18.5,553.5,3.568441
55:18.7,553.75,3.560754
55:19.0,554,3.563316
55:19.3,554.25,3.564597
55:19.5,554.5,3.563316
55:19.7,554.75,3.562035
55:20.0,555,3.560754
55:20.2,555.25,3.564597
55:20.5,555.5,3.562035
55:20.7,555.75,3.559472
55:21.0,556,3.559472
55:21.3,556.25,3.564597
55:21.5,556.5,3.560754
55:21.7,556.75,3.560754
55:22.0,557,3.558191
55:22.2,557.25,3.55691
55:22.5,557.5,3.550504
55:22.7,557.75,3.553066
55:23.0,558,3.553066
55:23.3,558.25,3.558191
55:23.5,558.5,3.551785
55:23.7,558.75,3.55691
55:24.0,559,3.55691
55:24.2,559.25,3.554348
55:24.5,559.5,3.558191
55:24.8,559.75,3.554348
55:25.0,560,3.558191
55:25.2,560.25,3.553066
55:25.5,560.5,3.568441
55:25.7,560.75,3.560754
55:26.0,561,3.559472
55:26.2,561.25,3.559472
55:26.5,561.5,3.558191
55:26.8,561.75,3.560754
55:27.0,562,3.55691
55:27.3,562.25,3.549223
55:27.5,562.5,3.553066
55:27.7,562.75,3.555629
55:28.0,563,3.551785
55:28.2,563.25,3.551785
55:28.5,563.5,3.551785
55:28.8,563.75,3.554348
55:29.0,564,3.551785
55:29.2,564.25,3.551785
55:29.5,564.5,3.559472
55:29.7,564.75,3.551785
55:30.0,565,3.553066
55:30.2,565.25,3.555629
55:30.5,565.5,3.559472
55:30.8,565.75,3.553066
55:31.0,566,3.553066
55:31.2,566.25,3.554348
55:31.5,566.5,3.55691
55:31.7,566.75,3.551785
55:32.0,567,3.550504
55:32.2,567.25,3.554348
55:32.5,567.5,3.554348
55:32.8,567.75,3.55691
55:33.0,568,3.547942
55:33.2,568.25,3.544098
55:33.5,568.5,3.546661
55:33.7,568.75,3.549223
55:34.0,569,3.547942
55:34.3,569.25,3.546661
55:34.5,569.5,3.549223
55:34.7,569.75,3.547942
55:35.0,570,3.550504
55:35.2,570.25,3.546661
55:35.5,570.5,3.551785
55:35.7,570.75,3.549223
55:36.0,571,3.545379
55:36.3,571.25,3.541536
55:36.5,571.5,3.547942
55:36.8,571.75,3.549223
55:37.0,572,3.545379
55:37.2,572.25,3.541536
55:37.5,572.5,3.544098
55:37.7,572.75,3.549223
55:38.0,573,3.542817
55:38.3,573.25,3.537692
55:38.5,573.5,3.541536
55:38.8,573.75,3.544098
55:39.0,574,3.537692
55:39.2,574.25,3.537692
55:39.5,574.5,3.541536
55:39.7,574.75,3.541536
55:40.0,575,3.540255
55:40.3,575.25,3.537692
55:40.5,575.5,3.546661
55:40.7,575.75,3.542817
55:41.0,576,3.538974
55:41.2,576.25,3.533849
55:41.5,576.5,3.542817
55:41.7,576.75,3.541536
55:42.0,577,3.540255
55:42.3,577.25,3.538974
55:42.5,577.5,3.546661
55:42.7,577.75,3.545379
55:43.0,578,3.537692
55:43.2,578.25,3.547942
55:43.5,578.5,3.544098
55:43.8,578.75,3.541536
55:44.0,579,3.538974
55:44.2,579.25,3.540255
55:44.5,579.5,3.541536
55:44.7,579.75,3.536411
55:45.0,580,3.536411
55:45.2,580.25,3.540255
55:45.5,580.5,3.553066
55:45.8,580.75,3.541536
55:46.0,581,3.540255
55:46.3,581.25,3.544098
55:46.5,581.5,3.540255
55:46.7,581.75,3.538974
55:47.0,582,3.538974
55:47.2,582.25,3.537692
55:47.5,582.5,3.541536
55:47.8,582.75,3.537692
55:48.0,583,3.540255
55:48.3,583.25,3.544098
55:48.5,583.5,3.536411
55:48.7,583.75,3.544098
55:49.0,584,3.540255
55:49.2,584.25,3.541536
55:49.5,584.5,3.536411
55:49.8,584.75,3.536411
55:50.0,585,3.53513
55:50.2,585.25,3.541536
55:50.5,585.5,3.537692
55:50.7,585.75,3.541536
55:51.0,586,3.536411
55:51.2,586.25,3.537692
55:51.5,586.5,3.540255
55:51.8,586.75,3.540255
55:52.0,587,3.533849
55:52.2,587.25,3.540255
55:52.5,587.5,3.538974
55:52.7,587.75,3.537692
55:53.0,588,3.540255
55:53.3,588.25,3.544098
55:53.5,588.5,3.53513
55:53.7,588.75,3.531286
55:54.0,589,3.540255
55:54.2,589.25,3.542817
55:54.5,589.5,3.541536
55:54.7,589.75,3.538974
55:55.0,590,3.536411
55:55.3,590.25,3.540255
55:55.5,590.5,3.541536
55:55.8,590.75,3.545379
55:56.0,591,3.544098
55:56.2,591.25,3.549223
55:56.5,591.5,3.546661
55:56.7,591.75,3.546661
55:57.0,592,3.546661
55:57.3,592.25,3.553066
55:57.5,592.5,3.550504
55:57.8,592.75,3.545379
55:58.0,593,3.544098
55:58.2,593.25,3.545379
55:58.5,593.5,3.550504
55:58.7,593.75,3.544098
55:59.0,594,3.538974
55:59.3,594.25,3.549223
55:59.5,594.5,3.551785
55:59.7,594.75,3.546661
56:00.0,595,3.545379
56:00.2,595.25,3.545379
56:00.5,595.5,3.544098
56:00.7,595.75,3.544098
56:01.0,596,3.542817
56:01.3,596.25,3.549223
56:01.5,596.5,3.545379
56:01.7,596.75,3.544098
56:02.0,597,3.542817
56:02.2,597.25,3.546661
56:02.5,597.5,3.545379
56:02.8,597.75,3.544098
56:03.0,598,3.545379
56:03.2,598.25,3.541536
56:03.5,598.5,3.544098
56:03.7,598.75,3.53513
56:04.0,599,3.542817
56:04.2,599.25,3.540255
56:04.5,599.5,3.536411
56:04.8,599.75,3.53513
56:05.0,600,3.538974
56:05.3,600.25,3.544098
56:05.5,600.5,3.553066
56:05.7,600.75,3.53513
56:06.0,601,3.540255
56:06.2,601.25,3.541536
56:06.5,601.5,3.537692
56:06.8,601.75,3.53513
56:07.0,602,3.538974
56:07.3,602.25,3.538974
56:07.5,602.5,3.53513
56:07.7,602.75,3.532568
56:08.0,603,3.540255
56:08.2,603.25,3.531286
56:08.5,603.5,3.533849
56:08.8,603.75,3.527443
56:09.0,604,3.533849
56:09.3,604.25,3.533849
56:09.5,604.5,3.530005
56:09.7,604.75,3.528724
56:10.0,605,3.533849
56:10.2,605.25,3.533849
56:10.5,605.5,3.530005
56:10.8,605.75,3.528724
56:11.0,606,3.53513
56:11.2,606.25,3.532568
56:11.5,606.5,3.526162
56:11.7,606.75,3.530005
56:12.0,607,3.530005
56:12.2,607.25,3.528724
56:12.5,607.5,3.530005
56:12.7,607.75,3.530005
56:13.0,608,3.533849
56:13.2,608.25,3.533849
56:13.5,608.5,3.536411
56:13.7,608.75,3.533849
56:14.0,609,3.528724
56:14.3,609.25,3.524881
56:14.5,609.5,3.526162
56:14.8,609.75,3.527443
56:15.0,610,3.533849
56:15.2,610.25,3.531286
56:15.5,610.5,3.530005
56:15.7,610.75,3.531286
56:16.0,611,3.532568
56:16.3,611.25,3.526162
56:16.5,611.5,3.527443
56:16.8,611.75,3.531286
56:17.0,612,3.531286
56:17.2,612.25,3.531286
56:17.5,612.5,3.527443
56:17.7,612.75,3.532568
56:18.0,613,3.531286
56:18.3,613.25,3.531286
56:18.5,613.5,3.530005
56:18.8,613.75,3.533849
56:19.0,614,3.538974
56:19.2,614.25,3.53513
56:19.5,614.5,3.527443
56:19.7,614.75,3.533849
56:20.0,615,3.532568
56:20.3,615.25,3.532568
56:20.5,615.5,3.526162
56:20.7,615.75,3.528724
56:21.0,616,3.531286
56:21.2,616.25,3.531286
56:21.5,616.5,3.526162
56:21.7,616.75,3.536411
56:22.0,617,3.533849
56:22.2,617.25,3.532568
56:22.5,617.5,3.524881
56:22.7,617.75,3.526162
56:23.0,618,3.528724
56:23.2,618.25,3.526162
56:23.5,618.5,3.524881
56:23.8,618.75,3.532568
56:24.0,619,3.53513
56:24.3,619.25,3.528724
56:24.5,619.5,3.531286
56:24.7,619.75,3.532568
56:25.0,620,3.530005
56:25.2,620.25,3.527443
56:25.5,620.5,3.536411
56:25.8,620.75,3.530005
56:26.0,621,3.530005
56:26.3,621.25,3.528724
56:26.5,621.5,3.531286
56:26.7,621.75,3.533849
56:27.0,622,3.530005
56:27.2,622.25,3.527443
56:27.5,622.5,3.523599
56:27.8,622.75,3.530005
56:28.0,623,3.523599
56:28.3,623.25,3.530005
56:28.5,623.5,3.521037
56:28.7,623.75,3.527443
56:29.0,624,3.530005
56:29.2,624.25,3.526162
56:29.5,624.5,3.521037
56:29.8,624.75,3.530005
56:30.0,625,3.530005
56:30.3,625.25,3.528724
56:30.5,625.5,3.531286
56:30.7,625.75,3.531286
56:31.0,626,3.533849
56:31.2,626.25,3.527443
56:31.5,626.5,3.527443
56:31.7,626.75,3.527443
56:32.0,627,3.528724
56:32.2,627.25,3.527443
56:32.5,627.5,3.524881
56:32.7,627.75,3.530005
56:33.0,628,3.518475
56:33.2,628.25,3.521037
56:33.5,628.5,3.524881
56:33.8,628.75,3.530005
56:34.0,629,3.526162
56:34.2,629.25,3.527443
56:34.5,629.5,3.523599
56:34.7,629.75,3.526162
56:35.0,630,3.527443
56:35.3,630.25,3.526162
56:35.5,630.5,3.522318
56:35.8,630.75,3.526162
56:36.0,631,3.527443
56:36.2,631.25,3.518475
56:36.5,631.5,3.519756
56:36.7,631.75,3.521037
56:37.0,632,3.523599
56:37.3,632.25,3.521037
56:37.5,632.5,3.514631
56:37.8,632.75,3.522318
56:38.0,633,3.521037
56:38.2,633.25,3.523599
56:38.5,633.5,3.515912
56:38.7,633.75,3.519756
56:39.0,634,3.519756
56:39.3,634.25,3.517194
56:39.5,634.5,3.515912
56:39.8,634.75,3.521037
56:40.0,635,3.518475
56:40.2,635.25,3.521037
56:40.5,635.5,3.521037
56:40.7,635.75,3.522318
56:41.0,636,3.523599
56:41.2,636.25,3.521037
56:41.5,636.5,3.524881
56:41.7,636.75,3.527443
56:42.0,637,3.527443
56:42.2,637.25,3.523599
56:42.5,637.5,3.522318
56:42.7,637.75,3.524881
56:43.0,638,3.528724
56:43.3,638.25,3.526162
56:43.5,638.5,3.522318
56:43.7,638.75,3.530005
56:44.0,639,3.526162
56:44.2,639.25,3.521037
56:44.5,639.5,3.522318
56:44.8,639.75,3.527443
56:45.0,640,3.523599
56:45.3,640.25,3.526162
56:45.5,640.5,3.536411
56:45.7,640.75,3.532568
56:46.0,641,3.532568
56:46.2,641.25,3.527443
56:46.5,641.5,3.531286
56:46.8,641.75,3.528724
56:47.0,642,3.522318
56:47.3,642.25,3.519756
56:47.5,642.5,3.519756
56:47.7,642.75,3.518475
56:48.0,643,3.51335
56:48.2,643.25,3.509506
56:48.5,643.5,3.508225
56:48.8,643.75,3.508225
56:49.0,644,3.509506
56:49.3,644.25,3.517194
56:49.5,644.5,3.508225
56:49.7,644.75,3.510788
56:50.0,645,3.506944
56:50.2,645.25,3.509506
56:50.5,645.5,3.506944
56:50.7,645.75,3.501819
56:51.0,646,3.508225
56:51.2,646.25,3.506944
56:51.5,646.5,3.506944
56:51.7,646.75,3.500538
56:52.0,647,3.510788
56:52.2,647.25,3.504382
56:52.5,647.5,3.501819
56:52.8,647.75,3.500538
56:53.0,648,3.504382
56:53.2,648.25,3.500538
56:53.5,648.5,3.501819
56:53.7,648.75,3.497976
56:54.0,649,3.501819
56:54.3,649.25,3.504382
56:54.5,649.5,3.499257
56:54.8,649.75,3.503101
56:55.0,650,3.501819
56:55.2,650.25,3.499257
56:55.5,650.5,3.500538
56:55.7,650.75,3.494132
56:56.0,651,3.499257
56:56.3,651.25,3.499257
56:56.5,651.5,3.499257
56:56.8,651.75,3.494132
56:57.0,652,3.500538
56:57.2,652.25,3.501819
56:57.5,652.5,3.499257
56:57.7,652.75,3.499257
56:58.0,653,3.499257
56:58.3,653.25,3.496695
56:58.5,653.5,3.494132
56:58.8,653.75,3.49157
56:59.0,654,3.495414
56:59.2,654.25,3.497976
56:59.5,654.5,3.495414
56:59.7,654.75,3.492851
57:00.0,655,3.497976
57:00.2,655.25,3.500538
57:00.5,655.5,3.495414
57:00.8,655.75,3.489008
57:01.0,656,3.49157
57:01.2,656.25,3.495414
57:01.5,656.5,3.494132
57:01.7,656.75,3.494132
57:02.0,657,3.495414
57:02.3,657.25,3.490289
57:02.5,657.5,3.494132
57:02.7,657.75,3.496695
57:03.0,658,3.499257
57:03.2,658.25,3.492851
57:03.5,658.5,3.492851
57:03.7,658.75,3.495414
57:04.0,659,3.492851
57:04.3,659.25,3.490289
57:04.5,659.5,3.489008
57:04.7,659.75,3.494132
57:05.0,660,3.494132
57:05.2,660.25,3.490289
57:05.5,660.5,3.504382
57:05.8,660.75,3.500538
57:06.0,661,3.495414
57:06.3,661.25,3.489008
57:06.5,661.5,3.482602
57:06.7,661.75,3.485164
57:07.0,662,3.486445
57:07.2,662.25,3.492851
57:07.5,662.5,3.485164
57:07.8,662.75,3.481321
57:08.0,663,3.486445
57:08.3,663.25,3.490289
57:08.5,663.5,3.485164
57:08.7,663.75,3.487726
57:09.0,664,3.486445
57:09.2,664.25,3.483883
57:09.5,664.5,3.478758
57:09.7,664.75,3.481321
57:10.0,665,3.481321
57:10.3,665.25,3.478758
57:10.5,665.5,3.482602
57:10.7,665.75,3.481321
57:11.0,666,3.485164
57:11.2,666.25,3.486445
57:11.5,666.5,3.481321
57:11.8,666.75,3.486445
57:12.0,667,3.478758
57:12.2,667.25,3.481321
57:12.5,667.5,3.474915
57:12.7,667.75,3.480039
57:13.0,668,3.480039
57:13.2,668.25,3.478758
57:13.5,668.5,3.476196
57:13.8,668.75,3.481321
57:14.0,669,3.487726
57:14.2,669.25,3.478758
57:14.5,669.5,3.474915
57:14.7,669.75,3.476196
57:15.0,670,3.480039
57:15.3,670.25,3.473634
57:15.5,670.5,3.474915
57:15.8,670.75,3.477477
57:16.0,671,3.476196
57:16.2,671.25,3.476196
57:16.5,671.5,3.472352
57:16.7,671.75,3.481321
57:17.0,672,3.480039
57:17.3,672.25,3.474915
57:17.5,672.5,3.474915
57:17.8,672.75,3.473634
57:18.0,673,3.476196
57:18.2,673.25,3.471071
57:18.5,673.5,3.474915
57:18.7,673.75,3.474915
57:19.0,674,3.472352
57:19.2,674.25,3.473634
57:19.5,674.5,3.478758
57:19.8,674.75,3.474915
57:20.0,675,3.473634
57:20.2,675.25,3.468509
57:20.5,675.5,3.473634
57:20.7,675.75,3.46979
57:21.0,676,3.472352
57:21.3,676.25,3.468509
57:21.5,676.5,3.472352
57:21.7,676.75,3.472352
57:22.0,677,3.468509
57:22.2,677.25,3.465946
57:22.5,677.5,3.467228
57:22.7,677.75,3.471071
57:23.0,678,3.464665
57:23.3,678.25,3.463384
57:23.5,678.5,3.463384
57:23.7,678.75,3.468509
57:24.0,679,3.463384
57:24.2,679.25,3.462103
57:24.5,679.5,3.462103
57:24.8,679.75,3.460822
57:25.0,680,3.463384
57:25.3,680.25,3.464665
57:25.5,680.5,3.474915
57:25.7,680.75,3.465946
57:26.0,681,3.465946
57:26.2,681.25,3.460822
57:26.5,681.5,3.465946
57:26.8,681.75,3.464665
57:27.0,682,3.462103
57:27.3,682.25,3.464665
57:27.5,682.5,3.463384
57:27.7,682.75,3.465946
57:28.0,683,3.462103
57:28.2,683.25,3.462103
57:28.5,683.5,3.458259
57:28.7,683.75,3.459541
57:29.0,684,3.458259
57:29.3,684.25,3.459541
57:29.5,684.5,3.460822
57:29.7,684.75,3.455697
57:30.0,685,3.456978
57:30.2,685.25,3.459541
57:30.5,685.5,3.465946
57:30.8,685.75,3.458259
57:31.0,686,3.458259
57:31.2,686.25,3.459541
57:31.5,686.5,3.458259
57:31.7,686.75,3.454416
57:32.0,687,3.455697
57:32.2,687.25,3.455697
57:32.5,687.5,3.456978
57:32.8,687.75,3.451854
57:33.0,688,3.453135
57:33.2,688.25,3.460822
57:33.5,688.5,3.454416
57:33.7,688.75,3.453135
57:34.0,689,3.454416
57:34.2,689.25,3.455697
57:34.5,689.5,3.451854
57:34.8,689.75,3.459541
57:35.0,690,3.454416
57:35.2,690.25,3.453135
57:35.5,690.5,3.456978
57:35.7,690.75,3.453135
57:36.0,691,3.456978
57:36.3,691.25,3.451854
57:36.5,691.5,3.453135
57:36.8,691.75,3.44801
57:37.0,692,3.44801
57:37.2,692.25,3.44801
57:37.5,692.5,3.450572
57:37.7,692.75,3.451854
57:38.0,693,3.450572
57:38.2,693.25,3.453135
57:38.5,693.5,3.454416
57:38.8,693.75,3.458259
57:39.0,694,3.455697
57:39.2,694.25,3.450572
57:39.5,694.5,3.445448
57:39.7,694.75,3.449291
57:40.0,695,3.44801
57:40.3,695.25,3.442885
57:40.5,695.5,3.444166
57:40.7,695.75,3.446729
57:41.0,696,3.450572
57:41.2,696.25,3.446729
57:41.5,696.5,3.442885
57:41.7,696.75,3.451854
57:42.0,697,3.451854
57:42.3,697.25,3.44801
57:42.5,697.5,3.449291
57:42.7,697.75,3.44801
57:43.0,698,3.444166
57:43.2,698.25,3.446729
57:43.5,698.5,3.44801
57:43.7,698.75,3.451854
57:44.0,699,3.451854
57:44.3,699.25,3.451854
57:44.5,699.5,3.451854
57:44.7,699.75,3.455697
57:45.0,700,3.456978
57:45.2,700.25,3.454416
57:45.5,700.5,3.467228
57:45.8,700.75,3.453135
57:46.0,701,3.458259
57:46.3,701.25,3.456978
57:46.5,701.5,3.454416
57:46.7,701.75,3.450572
57:47.0,702,3.459541
57:47.2,702.25,3.456978
57:47.5,702.5,3.450572
57:47.7,702.75,3.44801
57:48.0,703,3.455697
57:48.3,703.25,3.44801
57:48.5,703.5,3.446729
57:48.7,703.75,3.446729
57:49.0,704,3.451854
57:49.2,704.25,3.451854
57:49.5,704.5,3.450572
57:49.8,704.75,3.445448
57:50.0,705,3.44801
57:50.2,705.25,3.451854
57:50.5,705.5,3.459541
57:50.7,705.75,3.454416
57:51.0,706,3.441604
57:51.2,706.25,3.441604
57:51.5,706.5,3.44801
57:51.8,706.75,3.454416
57:52.0,707,3.456978
57:52.2,707.25,3.456978
57:52.5,707.5,3.464665
57:52.7,707.75,3.458259
57:53.0,708,3.453135
57:53.2,708.25,3.458259
57:53.5,708.5,3.463384
57:53.8,708.75,3.456978
57:54.0,709,3.463384
57:54.2,709.25,3.464665
57:54.5,709.5,3.465946
57:54.7,709.75,3.468509
57:55.0,710,3.468509
57:55.3,710.25,3.477477
57:55.5,710.5,3.472352
57:55.8,710.75,3.473634
57:56.0,711,3.46979
57:56.2,711.25,3.467228
57:56.5,711.5,3.467228
57:56.7,711.75,3.467228
57:57.0,712,3.463384
57:57.2,712.25,3.462103
57:57.5,712.5,3.464665
57:57.8,712.75,3.467228
57:58.0,713,3.468509
57:58.2,713.25,3.462103
57:58.5,713.5,3.465946
57:58.7,713.75,3.468509
57:59.0,714,3.465946
57:59.3,714.25,3.464665
57:59.5,714.5,3.463384
57:59.7,714.75,3.464665
58:00.0,715,3.462103
58:00.2,715.25,3.462103
58:00.5,715.5,3.454416
58:00.7,715.75,3.467228
58:01.0,716,3.463384
58:01.3,716.25,3.464665
58:01.5,716.5,3.456978
58:01.8,716.75,3.464665
58:02.0,717,3.462103
58:02.2,717.25,3.459541
58:02.5,717.5,3.458259
58:02.7,717.75,3.462103
58:03.0,718,3.456978
58:03.3,718.25,3.458259
58:03.5,718.5,3.458259
58:03.7,718.75,3.459541
58:04.0,719,3.458259
58:04.2,719.25,3.456978
58:04.5,719.5,3.456978
58:04.7,719.75,3.455697
58:05.0,720,3.455697
58:05.3,720.25,3.451854
58:05.5,720.5,3.463384
58:05.7,720.75,3.460822
58:06.0,721,3.459541
58:06.2,721.25,3.464665
58:06.5,721.5,3.456978
58:06.7,721.75,3.455697
58:07.0,722,3.459541
58:07.3,722.25,3.458259
58:07.5,722.5,3.454416
58:07.7,722.75,3.453135
58:08.0,723,3.460822
58:08.2,723.25,3.456978
58:08.5,723.5,3.458259
58:08.8,723.75,3.459541
58:09.0,724,3.462103
58:09.2,724.25,3.462103
58:09.5,724.5,3.456978
58:09.7,724.75,3.454416
58:10.0,725,3.460822
58:10.2,725.25,3.455697
58:10.5,725.5,3.455697
58:10.8,725.75,3.454416
58:11.0,726,3.456978
58:11.3,726.25,3.464665
58:11.5,726.5,3.462103
58:11.7,726.75,3.455697
58:12.0,727,3.455697
58:12.2,727.25,3.456978
58:12.5,727.5,3.454416
58:12.8,727.75,3.455697
58:13.0,728,3.446729
58:13.2,728.25,3.44801
58:13.5,728.5,3.453135
58:13.7,728.75,3.449291
58:14.0,729,3.451854
58:14.2,729.25,3.455697
58:14.5,729.5,3.459541
58:14.8,729.75,3.450572
58:15.0,730,3.449291
58:15.2,730.25,3.445448
58:15.5,730.5,3.449291
58:15.7,730.75,3.454416
58:16.0,731,3.451854
58:16.2,731.25,3.449291
58:16.5,731.5,3.451854
58:16.8,731.75,3.454416
58:17.0,732,3.453135
58:17.2,732.25,3.462103
58:17.5,732.5,3.458259
58:17.7,732.75,3.458259
58:18.0,733,3.453135
58:18.3,733.25,3.453135
58:18.5,733.5,3.449291
58:18.7,733.75,3.455697
58:19.0,734,3.456978
58:19.2,734.25,3.454416
58:19.5,734.5,3.450572
58:19.7,734.75,3.458259
58:20.0,735,3.459541
58:20.3,735.25,3.450572
58:20.5,735.5,3.449291
58:20.8,735.75,3.439042
58:21.0,736,3.444166
58:21.2,736.25,3.442885
58:21.5,736.5,3.444166
58:21.7,736.75,3.442885
58:22.0,737,3.44801
58:22.3,737.25,3.44801
58:22.5,737.5,3.445448
58:22.8,737.75,3.441604
58:23.0,738,3.431355
58:23.2,738.25,3.442885
58:23.5,738.5,3.444166
58:23.7,738.75,3.445448
58:24.0,739,3.439042
58:24.3,739.25,3.445448
58:24.5,739.5,3.446729
58:24.7,739.75,3.442885
58:25.0,740,3.446729
58:25.2,740.25,3.445448
58:25.5,740.5,3.463384
58:25.7,740.75,3.458259
58:26.0,741,3.449291
58:26.3,741.25,3.446729
58:26.5,741.5,3.450572
58:26.7,741.75,3.445448
58:27.0,742,3.445448
58:27.2,742.25,3.445448
58:27.5,742.5,3.449291
58:27.8,742.75,3.44801
58:28.0,743,3.44801
58:28.2,743.25,3.44801
58:28.5,743.5,3.445448
58:28.7,743.75,3.445448
58:29.0,744,3.451854
58:29.2,744.25,3.44801
58:29.5,744.5,3.446729
58:29.8,744.75,3.446729
58:30.0,745,3.453135
58:30.3,745.25,3.446729
58:30.5,745.5,3.450572
58:30.7,745.75,3.450572
58:31.0,746,3.458259
58:31.2,746.25,3.44801
58:31.5,746.5,3.44801
58:31.8,746.75,3.445448
58:32.0,747,3.44801
58:32.3,747.25,3.449291
58:32.5,747.5,3.442885
58:32.7,747.75,3.439042
58:33.0,748,3.451854
58:33.2,748.25,3.450572
58:33.5,748.5,3.446729
58:33.8,748.75,3.451854
58:34.0,749,3.445448
58:34.2,749.25,3.44801
58:34.5,749.5,3.44801
58:34.7,749.75,3.450572
58:35.0,750,3.450572
58:35.2,750.25,3.449291
58:35.5,750.5,3.450572
58:35.8,750.75,3.446729
58:36.0,751,3.450572
58:36.2,751.25,3.449291
58:36.5,751.5,3.450572
58:36.7,751.75,3.44801
58:37.0,752,3.446729
58:37.3,752.25,3.446729
58:37.5,752.5,3.449291
58:37.7,752.75,3.442885
58:38.0,753,3.441604
58:38.2,753.25,3.444166
58:38.5,753.5,3.445448
58:38.7,753.75,3.442885
58:39.0,754,3.442885
58:39.3,754.25,3.44801
58:39.5,754.5,3.441604
58:39.8,754.75,3.442885
58:40.0,755,3.437761
58:40.2,755.25,3.440323
58:40.5,755.5,3.439042
58:40.7,755.75,3.437761
58:41.0,756,3.439042
58:41.3,756.25,3.444166
58:41.5,756.5,3.440323
58:41.8,756.75,3.442885
58:42.0,757,3.444166
58:42.2,757.25,3.440323
58:42.5,757.5,3.440323
58:42.7,757.75,3.439042
58:43.0,758,3.437761
58:43.3,758.25,3.435198
58:43.5,758.5,3.442885
58:43.7,758.75,3.437761
58:44.0,759,3.440323
58:44.2,759.25,3.437761
58:44.5,759.5,3.441604
58:44.7,759.75,3.441604
58:45.0,760,3.440323
58:45.3,760.25,3.437761
58:45.5,760.5,3.451854
58:45.7,760.75,3.44801
58:46.0,761,3.442885
58:46.2,761.25,3.440323
58:46.5,761.5,3.442885
58:46.8,761.75,3.442885
58:47.0,762,3.444166
58:47.2,762.25,3.437761
58:47.5,762.5,3.433917
58:47.7,762.75,3.441604
58:48.0,763,3.442885
58:48.2,763.25,3.440323
58:48.5,763.5,3.439042
58:48.8,763.75,3.439042
58:49.0,764,3.442885
58:49.3,764.25,3.436479
58:49.5,764.5,3.437761
58:49.7,764.75,3.439042
58:50.0,765,3.437761
58:50.2,765.25,3.441604
58:50.5,765.5,3.440323
58:50.8,765.75,3.444166
58:51.0,766,3.441604
58:51.3,766.25,3.437761
58:51.5,766.5,3.439042
58:51.7,766.75,3.436479
58:52.0,767,3.442885
58:52.2,767.25,3.442885
58:52.5,767.5,3.436479
58:52.8,767.75,3.436479
58:53.0,768,3.449291
58:53.3,768.25,3.446729
58:53.5,768.5,3.444166
58:53.7,768.75,3.439042
58:54.0,769,3.44801
58:54.2,769.25,3.450572
58:54.5,769.5,3.454416
58:54.8,769.75,3.446729
58:55.0,770,3.453135
58:55.2,770.25,3.445448
58:55.5,770.5,3.440323
58:55.7,770.75,3.441604
58:56.0,771,3.437761
58:56.2,771.25,3.439042
58:56.5,771.5,3.435198
58:56.7,771.75,3.437761
58:57.0,772,3.440323
58:57.2,772.25,3.442885
58:57.5,772.5,3.439042
58:57.7,772.75,3.440323
58:58.0,773,3.44801
58:58.3,773.25,3.444166
58:58.5,773.5,3.44801
58:58.8,773.75,3.436479
58:59.0,774,3.431355
58:59.2,774.25,3.440323
58:59.5,774.5,3.437761
58:59.7,774.75,3.432636
59:00.0,775,3.430073
59:00.3,775.25,3.448942
59:00.5,775.5,3.447661
59:00.8,775.75,3.451504
59:01.0,776,3.445099
59:01.2,776.25,3.448942
59:01.5,776.5,3.445099
59:01.7,776.75,3.443817
59:02.0,777,3.443817
59:02.3,777.25,3.451504
59:02.5,777.5,3.450223
59:02.8,777.75,3.448942
59:03.0,778,3.451504
59:03.2,778.25,3.452785
59:03.5,778.5,3.452785
59:03.7,778.75,3.448942
59:04.0,779,3.451504
59:04.3,779.25,3.447661
59:04.5,779.5,3.44638
59:04.7,779.75,3.451504
59:05.0,780,3.445099
59:05.2,780.25,3.437412
59:05.5,780.5,3.454067
59:05.7,780.75,3.452785
59:06.0,781,3.447661
59:06.2,781.25,3.438693
59:06.5,781.5,3.437412
59:06.7,781.75,3.441255
59:07.0,782,3.438693
59:07.2,782.25,3.438693
59:07.5,782.5,3.434849
59:07.8,782.75,3.432287
59:08.0,783,3.429724
59:08.3,783.25,3.427162
59:08.5,783.5,3.43613
59:08.7,783.75,3.438693
59:09.0,784,3.433568
59:09.2,784.25,3.432287
59:09.5,784.5,3.433568
59:09.8,784.75,3.433568
59:10.0,785,3.431005
59:10.3,785.25,3.429724
59:10.5,785.5,3.428443
59:10.7,785.75,3.428443
59:11.0,786,3.4246
59:11.2,786.25,3.4246
59:11.5,786.5,3.428443
59:11.8,786.75,3.434849
59:12.0,787,3.431005
59:12.3,787.25,3.433568
59:12.5,787.5,3.437412
59:12.7,787.75,3.434849
59:13.0,788,3.432287
59:13.2,788.25,3.428443
59:13.5,788.5,3.425881
59:13.8,788.75,3.425881
59:14.0,789,3.425881
59:14.2,789.25,3.432287
59:14.5,789.5,3.427162
59:14.7,789.75,3.422037
59:15.0,790,3.429724
59:15.2,790.25,3.427162
59:15.5,790.5,3.423319
59:15.7,790.75,3.425881
59:16.0,791,3.422037
59:16.2,791.25,3.419475
59:16.5,791.5,3.398976
59:16.7,791.75,3.37079
59:17.0,792,3.375915
59:17.3,792.25,3.37079
59:17.5,792.5,3.372072
59:17.8,792.75,3.375915
59:18.0,793,3.388727
59:18.2,793.25,3.398976
59:18.5,793.5,3.404101
59:18.7,793.75,3.393852
59:19.0,794,3.393852
59:19.3,794.25,3.397695
59:19.5,794.5,3.397695
59:19.8,794.75,3.393852
59:20.0,795,3.398976
59:20.2,795.25,3.395133
59:20.5,795.5,3.400257
59:20.7,795.75,3.396414
59:21.0,796,3.393852
59:21.3,796.25,3.395133
59:21.5,796.5,3.393852
59:21.8,796.75,3.395133
59:22.0,797,3.390008
59:22.2,797.25,3.383602
59:22.5,797.5,3.391289
59:22.7,797.75,3.390008
59:23.0,798,3.391289
59:23.3,798.25,3.393852
59:23.5,798.5,3.39257
59:23.8,798.75,3.397695
59:24.0,799,3.395133
59:24.2,799.25,3.397695
59:24.5,799.5,3.397695
59:24.7,799.75,3.396414
59:25.0,800,3.396414
59:25.2,800.25,3.395133
59:25.5,800.5,3.397695
59:25.7,800.75,3.398976
59:26.0,801,3.40282
59:26.2,801.25,3.396414
59:26.5,801.5,3.388727
59:26.7,801.75,3.393852
59:27.0,802,3.391289
59:27.3,802.25,3.384883
59:27.5,802.5,3.390008
59:27.7,802.75,3.39257
59:28.0,803,3.391289
59:28.2,803.25,3.391289
59:28.5,803.5,3.388727
59:28.8,803.75,3.396414
59:29.0,804,3.384883
59:29.3,804.25,3.388727
59:29.5,804.5,3.387446
59:29.7,804.75,3.390008
59:30.0,805,3.390008
59:30.2,805.25,3.384883
59:30.5,805.5,3.387446
59:30.8,805.75,3.387446
59:31.0,806,3.384883
59:31.3,806.25,3.384883
59:31.5,806.5,3.387446
59:31.7,806.75,3.383602
59:32.0,807,3.384883
59:32.2,807.25,3.383602
59:32.5,807.5,3.379759
59:32.8,807.75,3.38104
59:33.0,808,3.378477
59:33.3,808.25,3.38104
59:33.5,808.5,3.379759
59:33.7,808.75,3.378477
59:34.0,809,3.378477
59:34.2,809.25,3.386164
59:34.5,809.5,3.384883
59:34.7,809.75,3.383602
59:35.0,810,3.383602
59:35.2,810.25,3.38104
59:35.5,810.5,3.377196
59:35.7,810.75,3.377196
59:36.0,811,3.378477
59:36.2,811.25,3.377196
59:36.5,811.5,3.374634
59:36.8,811.75,3.372072
59:37.0,812,3.365666
59:37.2,812.25,3.372072
59:37.5,812.5,3.378477
59:37.7,812.75,3.372072
59:38.0,813,3.363103
59:38.3,813.25,3.368228
59:38.5,813.5,3.372072
59:38.8,813.75,3.373353
59:39.0,814,3.368228
59:39.2,814.25,3.373353
59:39.5,814.5,3.375915
59:39.7,814.75,3.377196
59:40.0,815,3.37079
59:40.3,815.25,3.373353
59:40.5,815.5,3.372072
59:40.8,815.75,3.368228
59:41.0,816,3.361822
59:41.2,816.25,3.369509
59:41.5,816.5,3.369509
59:41.7,816.75,3.343886
59:42.0,817,3.360541
59:42.3,817.25,3.373353
59:42.5,817.5,3.378477
59:42.8,817.75,3.373353
59:43.0,818,3.368228
59:43.2,818.25,3.369509
59:43.5,818.5,3.363103
59:43.7,818.75,3.364384
59:44.0,819,3.366947
59:44.2,819.25,3.37079
59:44.5,819.5,3.368228
59:44.7,819.75,3.368228
59:45.0,820,3.364384
59:45.2,820.25,3.37079
59:45.5,820.5,3.378477
59:45.7,820.75,3.37079
59:46.0,821,3.368228
59:46.3,821.25,3.372072
59:46.5,821.5,3.368228
59:46.7,821.75,3.365666
59:47.0,822,3.365666
59:47.2,822.25,3.365666
59:47.5,822.5,3.365666
59:47.8,822.75,3.369509
59:48.0,823,3.369509
59:48.3,823.25,3.342604
59:48.5,823.5,3.352854
59:48.7,823.75,3.357979
59:49.0,824,3.35926
59:49.2,824.25,3.360541
59:49.5,824.5,3.361822
59:49.8,824.75,3.363103
59:50.0,825,3.357979
59:50.3,825.25,3.361822
59:50.5,825.5,3.360541
59:50.7,825.75,3.363103
59:51.0,826,3.357979
59:51.2,826.25,3.361822
59:51.5,826.5,3.360541
59:51.8,826.75,3.360541
59:52.0,827,3.357979
59:52.3,827.25,3.35926
59:52.5,827.5,3.35926
59:52.7,827.75,3.361822
59:53.0,828,3.35926
59:53.2,828.25,3.354135
59:53.5,828.5,3.364384
59:53.7,828.75,3.357979
59:54.0,829,3.35926
59:54.3,829.25,3.350291
59:54.5,829.5,3.352854
59:54.7,829.75,3.34901
59:55.0,830,3.351573
59:55.2,830.25,3.352854
59:55.5,830.5,3.354135
59:55.8,830.75,3.354135
59:56.0,831,3.347729
59:56.2,831.25,3.357979
59:56.5,831.5,3.351573
59:56.7,831.75,3.354135
59:57.0,832,3.360541
59:57.2,832.25,3.357979
59:57.5,832.5,3.352854
59:57.8,832.75,3.357979
59:58.0,833,3.35926
59:58.2,833.25,3.355416
59:58.5,833.5,3.34901
59:58.7,833.75,3.354135
59:59.0,834,3.357979
59:59.3,834.25,3.352854
59:59.5,834.5,3.351573
59:59.8,834.75,3.352854
00:00.0,835,3.354135
00:00.2,835.25,3.34901
00:00.5,835.5,3.342604
00:00.8,835.75,3.350291
00:01.0,836,3.352854
00:01.3,836.25,3.345167
00:01.5,836.5,3.343886
00:01.8,836.75,3.354135
00:02.0,837,3.345167
00:02.3,837.25,3.346448
00:02.5,837.5,3.346448
00:02.7,837.75,3.347729
00:03.0,838,3.345167
00:03.3,838.25,3.347729
00:03.5,838.5,3.34901
00:03.8,838.75,3.347729
00:04.0,839,3.34901
00:04.3,839.25,3.345167
00:04.5,839.5,3.34901
00:04.8,839.75,3.351573
00:05.0,840,3.34901
00:05.3,840.25,3.346448
00:05.5,840.5,3.361822
00:05.7,840.75,3.352854
00:06.0,841,3.350291
00:06.2,841.25,3.352854
00:06.5,841.5,3.343886
00:06.8,841.75,3.342604
00:07.0,842,3.345167
00:07.3,842.25,3.350291
00:07.5,842.5,3.343886
00:07.8,842.75,3.342604
00:08.0,843,3.345167
00:08.2,843.25,3.340042
00:08.5,843.5,3.342604
00:08.8,843.75,3.338761
00:09.0,844,3.342604
00:09.3,844.25,3.334917
00:09.5,844.5,3.340042
00:09.7,844.75,3.33748
00:10.0,845,3.338761
00:10.3,845.25,3.338761
00:10.5,845.5,3.340042
00:10.8,845.75,3.33748
00:11.0,846,3.341323
00:11.3,846.25,3.340042
00:11.5,846.5,3.338761
00:11.8,846.75,3.340042
00:12.0,847,3.340042
00:12.2,847.25,3.33748
00:12.5,847.5,3.336199
00:12.8,847.75,3.342604
00:13.0,848,3.345167
00:13.3,848.25,3.342604
00:13.5,848.5,3.341323
00:13.8,848.75,3.340042
00:14.0,849,3.334917
00:14.3,849.25,3.340042
00:14.5,849.5,3.336199
00:14.8,849.75,3.333636
00:15.0,850,3.340042
00:15.3,850.25,3.336199
00:15.5,850.5,3.336199
00:15.7,850.75,3.334917
00:16.0,851,3.334917
00:16.3,851.25,3.333636
00:16.5,851.5,3.340042
00:16.8,851.75,3.329793
00:17.0,852,3.324668
00:17.3,852.25,3.328511
00:17.5,852.5,3.329793
00:17.7,852.75,3.328511
00:18.0,853,3.32723
00:18.2,853.25,3.331074
00:18.5,853.5,3.328511
00:18.8,853.75,3.328511
00:19.0,854,3.322106
00:19.2,854.25,3.32723
00:19.5,854.5,3.322106
00:19.8,854.75,3.322106
00:20.0,855,3.323387
00:20.3,855.25,3.320824
00:20.5,855.5,3.324668
00:20.8,855.75,3.320824
00:21.0,856,3.319543
00:21.3,856.25,3.3157
00:21.5,856.5,3.320824
00:21.7,856.75,3.3157
00:22.0,857,3.311856
00:22.3,857.25,3.316981
00:22.5,857.5,3.3157
00:22.8,857.75,3.318262
00:23.0,858,3.318262
00:23.3,858.25,3.316981
00:23.5,858.5,3.319543
00:23.8,858.75,3.319543
00:24.0,859,3.319543
00:24.3,859.25,3.314419
00:24.5,859.5,3.3157
00:24.8,859.75,3.314419
00:25.0,860,3.313137
00:25.2,860.25,3.318262
00:25.5,860.5,3.331074
00:25.8,860.75,3.320824
00:26.0,861,3.316981
00:26.3,861.25,3.314419
00:26.5,861.5,3.320824
00:26.8,861.75,3.313137
00:27.0,862,3.308013
00:27.2,862.25,3.304169
00:27.5,862.5,3.309294
00:27.7,862.75,3.304169
00:28.0,863,3.30545
00:28.3,863.25,3.306731
00:28.5,863.5,3.309294
00:28.7,863.75,3.30545
00:29.0,864,3.304169
00:29.3,864.25,3.308013
00:29.5,864.5,3.301607
00:29.8,864.75,3.304169
00:30.0,865,3.301607
00:30.3,865.25,3.309294
00:30.5,865.5,3.30545
00:30.8,865.75,3.308013
00:31.0,866,3.30545
00:31.2,866.25,3.306731
00:31.5,866.5,3.309294
00:31.8,866.75,3.310575
00:32.0,867,3.309294
00:32.3,867.25,3.300326
00:32.5,867.5,3.304169
00:32.8,867.75,3.302888
00:33.0,868,3.301607
00:33.3,868.25,3.296482
00:33.5,868.5,3.300326
00:33.8,868.75,3.301607
00:34.0,869,3.300326
00:34.3,869.25,3.300326
00:34.5,869.5,3.302888
00:34.7,869.75,3.308013
00:35.0,870,3.300326
00:35.3,870.25,3.300326
00:35.5,870.5,3.304169
00:35.8,870.75,3.301607
00:36.0,871,3.300326
00:36.3,871.25,3.297763
00:36.5,871.5,3.301607
00:36.7,871.75,3.299044
00:37.0,872,3.304169
00:37.2,872.25,3.299044
00:37.5,872.5,3.299044
00:37.8,872.75,3.300326
00:38.0,873,3.302888
00:38.2,873.25,3.296482
00:38.5,873.5,3.297763
00:38.8,873.75,3.300326
00:39.0,874,3.296482
00:39.3,874.25,3.297763
00:39.5,874.5,3.29392
00:39.8,874.75,3.29392
00:40.0,875,3.296482
00:40.3,875.25,3.295201
00:40.5,875.5,3.297763
00:40.7,875.75,3.297763
00:41.0,876,3.295201
00:41.3,876.25,3.296482
00:41.5,876.5,3.29392
00:41.8,876.75,3.299044
00:42.0,877,3.295201
00:42.3,877.25,3.29392
00:42.5,877.5,3.295201
00:42.8,877.75,3.296482
00:43.0,878,3.300326
00:43.3,878.25,3.296482
00:43.5,878.5,3.295201
00:43.8,878.75,3.297763
00:44.0,879,3.299044
00:44.2,879.25,3.297763
00:44.5,879.5,3.296482
00:44.8,879.75,3.288795
00:45.0,880,3.295201
00:45.3,880.25,3.300326
00:45.5,880.5,3.308013
00:45.8,880.75,3.302888
00:46.0,881,3.304169
00:46.2,881.25,3.301607
00:46.5,881.5,3.297763
00:46.7,881.75,3.295201
00:47.0,882,3.29392
00:47.3,882.25,3.292639
00:47.5,882.5,3.290076
00:47.7,882.75,3.292639
00:48.0,883,3.295201
00:48.3,883.25,3.295201
00:48.5,883.5,3.291357
00:48.7,883.75,3.290076
00:49.0,884,3.296482
00:49.3,884.25,3.291357
00:49.5,884.5,3.291357
00:49.8,884.75,3.290076
00:50.0,885,3.292639
00:50.2,885.25,3.292639
00:50.5,885.5,3.290076
00:50.8,885.75,3.290076
00:51.0,886,3.29392
00:51.3,886.25,3.296482
00:51.5,886.5,3.292639
00:51.8,886.75,3.287514
00:52.0,887,3.28367
00:52.3,887.25,3.290076
00:52.5,887.5,3.287514
00:52.8,887.75,3.286233
00:53.0,888,3.278546
00:53.3,888.25,3.286233
00:53.5,888.5,3.286233
00:53.7,888.75,3.281108
00:54.0,889,3.28367
00:54.3,889.25,3.28367
00:54.5,889.5,3.286233
00:54.8,889.75,3.279827
00:55.0,890,3.278546
00:55.3,890.25,3.281108
00:55.5,890.5,3.282389
00:55.7,890.75,3.282389
00:56.0,891,3.275983
00:56.2,891.25,3.281108
00:56.5,891.5,3.282389
00:56.8,891.75,3.278546
00:57.0,892,3.277264
00:57.2,892.25,3.278546
00:57.5,892.5,3.277264
00:57.8,892.75,3.279827
00:58.0,893,3.277264
00:58.2,893.25,3.278546
00:58.5,893.5,3.277264
00:58.8,893.75,3.278546
00:59.0,894,3.275983
00:59.3,894.25,3.278546
00:59.5,894.5,3.284951
00:59.7,894.75,3.279827
01:00.0,895,3.273421
01:00.3,895.25,3.275983
01:00.5,895.5,3.275983
01:00.8,895.75,3.278546
01:01.0,896,3.277264
01:01.3,896.25,3.279827
01:01.5,896.5,3.27214
01:01.8,896.75,3.274702
01:02.0,897,3.273421
01:02.3,897.25,3.278546
01:02.5,897.5,3.27214
01:02.8,897.75,3.270859
01:03.0,898,3.269577
01:03.2,898.25,3.274702
01:03.5,898.5,3.273421
01:03.8,898.75,3.268296
01:04.0,899,3.243954
01:04.3,899.25,3.234986
01:04.5,899.5,3.25036
01:04.8,899.75,3.249079
01:05.0,900,3.227298
01:05.2,900.25,3.22858
01:05.5,900.5,3.251641
01:05.7,900.75,3.258047
01:06.0,901,3.264453
01:06.3,901.25,3.259328
01:06.5,901.5,3.26189
01:06.7,901.75,3.264453
01:07.0,902,3.260609
01:07.3,902.25,3.255484
01:07.5,902.5,3.263171
01:07.7,902.75,3.270859
01:08.0,903,3.268296
01:08.3,903.25,3.259328
01:08.5,903.5,3.263171
01:08.8,903.75,3.267015
01:09.0,904,3.26189
01:09.2,904.25,3.264453
01:09.5,904.5,3.264453
01:09.8,904.75,3.268296
01:10.0,905,3.265734
01:10.3,905.25,3.267015
01:10.5,905.5,3.273421
01:10.8,905.75,3.264453
01:11.0,906,3.265734
01:11.3,906.25,3.264453
01:11.5,906.5,3.26189
01:11.8,906.75,3.260609
01:12.0,907,3.258047
01:12.3,907.25,3.264453
01:12.5,907.5,3.264453
01:12.7,907.75,3.26189
01:13.0,908,3.259328
01:13.3,908.25,3.265734
01:13.5,908.5,3.26189
01:13.8,908.75,3.258047
01:14.0,909,3.254203
01:14.3,909.25,3.259328
01:14.5,909.5,3.259328
01:14.7,909.75,3.254203
01:15.0,910,3.254203
01:15.2,910.25,3.259328
01:15.5,910.5,3.256766
01:15.8,910.75,3.256766
01:16.0,911,3.258047
01:16.3,911.25,3.259328
01:16.5,911.5,3.258047
01:16.8,911.75,3.255484
01:17.0,912,3.252922
01:17.2,912.25,3.252922
01:17.5,912.5,3.252922
01:17.8,912.75,3.256766
01:18.0,913,3.252922
01:18.3,913.25,3.258047
01:18.5,913.5,3.258047
01:18.7,913.75,3.26189
01:19.0,914,3.255484
01:19.3,914.25,3.254203
01:19.5,914.5,3.258047
01:19.8,914.75,3.254203
01:20.0,915,3.25036
01:20.3,915.25,3.256766
01:20.5,915.5,3.259328
01:20.8,915.75,3.256766
01:21.0,916,3.252922
01:21.3,916.25,3.255484
01:21.5,916.5,3.252922
01:21.8,916.75,3.254203
01:22.0,917,3.254203
01:22.2,917.25,3.252922
01:22.5,917.5,3.251641
01:22.8,917.75,3.249079
01:23.0,918,3.249079
01:23.3,918.25,3.25036
01:23.5,918.5,3.25036
01:23.8,918.75,3.254203
01:24.0,919,3.254203
01:24.2,919.25,3.256766
01:24.5,919.5,3.251641
01:24.7,919.75,3.245235
01:25.0,920,3.252922
01:25.3,920.25,3.252922
01:25.5,920.5,3.26189
01:25.8,920.75,3.25036
01:26.0,921,3.25036
01:26.3,921.25,3.247797
01:26.5,921.5,3.249079
01:26.7,921.75,3.241391
01:27.0,922,3.255484
01:27.3,922.25,3.247797
01:27.5,922.5,3.247797
01:27.8,922.75,3.247797
01:28.0,923,3.251641
01:28.2,923.25,3.243954
01:28.5,923.5,3.247797
01:28.8,923.75,3.245235
01:29.0,924,3.247797
01:29.3,924.25,3.247797
01:29.5,924.5,3.243954
01:29.8,924.75,3.251641
01:30.0,925,3.25036
01:30.3,925.25,3.245235
01:30.5,925.5,3.245235
01:30.8,925.75,3.247797
01:31.0,926,3.243954
01:31.3,926.25,3.246516
01:31.5,926.5,3.247797
01:31.7,926.75,3.25036
01:32.0,927,3.25036
01:32.3,927.25,3.246516
01:32.5,927.5,3.251641
01:32.8,927.75,3.25036
01:33.0,928,3.252922
01:33.3,928.25,3.246516
01:33.5,928.5,3.249079
01:33.7,928.75,3.249079
01:34.0,929,3.25036
01:34.2,929.25,3.245235
01:34.5,929.5,3.249079
01:34.8,929.75,3.25036
01:35.0,930,3.25036
01:35.3,930.25,3.256766
01:35.5,930.5,3.251641
01:35.8,930.75,3.258047
01:36.0,931,3.255484
01:36.2,931.25,3.254203
01:36.5,931.5,3.254203
01:36.8,931.75,3.255484
01:37.0,932,3.252922
01:37.3,932.25,3.247797
01:37.5,932.5,3.246516
01:37.7,932.75,3.252922
01:38.0,933,3.254203
01:38.3,933.25,3.25036
01:38.5,933.5,3.245235
01:38.8,933.75,3.246516
01:39.0,934,3.247797
01:39.3,934.25,3.245235
01:39.5,934.5,3.247797
01:39.8,934.75,3.25036
01:40.0,935,3.246516
01:40.3,935.25,3.245235
01:40.5,935.5,3.247797
01:40.8,935.75,3.252922
01:41.0,936,3.245235
01:41.2,936.25,3.242673
01:41.5,936.5,3.246516
01:41.8,936.75,3.25036
01:42.0,937,3.246516
01:42.3,937.25,3.245235
01:42.5,937.5,3.243954
01:42.8,937.75,3.251641
01:43.0,938,3.246516
01:43.2,938.25,3.249079
01:43.5,938.5,3.249079
01:43.7,938.75,3.252922
01:44.0,939,3.252922
01:44.3,939.25,3.251641
01:44.5,939.5,3.246516
01:44.8,939.75,3.249079
01:45.0,940,3.251641
01:45.3,940.25,3.252922
01:45.5,940.5,3.263171
01:45.7,940.75,3.267015
01:46.0,941,3.273421
01:46.3,941.25,3.273421
01:46.5,941.5,3.273421
01:46.8,941.75,3.275983
01:47.0,942,3.273421
01:47.2,942.25,3.275983
01:47.5,942.5,3.277264
01:47.8,942.75,3.273421
01:48.0,943,3.269577
01:48.3,943.25,3.267015
01:48.5,943.5,3.270859
01:48.8,943.75,3.27214
01:49.0,944,3.277264
01:49.3,944.25,3.27214
01:49.5,944.5,3.27214
01:49.7,944.75,3.267015
01:50.0,945,3.269577
01:50.3,945.25,3.263171
01:50.5,945.5,3.269577
01:50.7,945.75,3.267015
01:51.0,946,3.268296
01:51.3,946.25,3.26189
01:51.5,946.5,3.265734
01:51.8,946.75,3.265734
01:52.0,947,3.26189
01:52.3,947.25,3.260609
01:52.5,947.5,3.263171
01:52.7,947.75,3.260609
01:53.0,948,3.263171
01:53.2,948.25,3.26189
01:53.5,948.5,3.263171
01:53.8,948.75,3.258047
01:54.0,949,3.259328
01:54.3,949.25,3.26189
01:54.5,949.5,3.268296
01:54.8,949.75,3.255484
01:55.0,950,3.25036
01:55.2,950.25,3.255484
01:55.5,950.5,3.25036
01:55.8,950.75,3.247797
01:56.0,951,3.25036
01:56.3,951.25,3.258047
01:56.5,951.5,3.259328
01:56.7,951.75,3.256766
01:57.0,952,3.260609
01:57.3,952.25,3.273421
01:57.5,952.5,3.270859
01:57.8,952.75,3.273421
01:58.0,953,3.282389
01:58.3,953.25,3.267015
01:58.5,953.5,3.264453
01:58.8,953.75,3.270859
01:59.0,954,3.275983
01:59.2,954.25,3.290076
01:59.5,954.5,3.296482
01:59.8,954.75,3.292639
02:00.0,955,3.299044
02:00.2,955.25,3.301607
02:00.5,955.5,3.295201
02:00.8,955.75,3.290076
02:01.0,956,3.291357
02:01.3,956.25,3.249079
02:01.5,956.5,3.249079
02:01.8,956.75,3.238829
02:02.0,957,3.260609
02:02.2,957.25,3.263171
02:02.5,957.5,3.267015
02:02.7,957.75,3.260609
02:03.0,958,3.264453
02:03.3,958.25,3.25036
02:03.5,958.5,3.286233
02:03.8,958.75,3.247797
02:04.0,959,3.245235
02:04.3,959.25,3.251641
02:04.5,959.5,3.25036
02:04.7,959.75,3.247797